CODIGO;Descripción
010101;TRAT QUIR.ENCEFALOM.O M.R
010102;TRAT. QUIRURGICO DE LA CR
010103;CRANEOPPLASTIA CON INJERT
010104;RED.ABIE.FRAC.DE CRA.C.EL
010105;ESC.LES.TUMOR.INF.PARAS.H
010106;DESCOMP. ORBIT. UNILATERA
010201;VEN.CIST.APER.DE LAM.TER.
010202;DERIV.VENT.DER.PERIT.O SI
010203;REV.VALV.DERIV.O REST.PAR
010204;LOBEC.PARC.O TOT.POR TRA
010205;TRACT.ESPI.TRIG.O MESE.CI
010206;TRAT.QUIR.ANEU.Y MALF.ART
010207;EVAC.POR PUN.DE COL.INTER
010208;CRAN.EXPLO.C/S BIOP.EVAC.
010209;REP.PLAST.SENOS CRAN.Y/O
010210;ESC.LES.TUM.INTRAC.NEO.BE
010211;DRENAJE VENT.CONTINUO
010212;EXTRAC.TUBO EN OPER.DER.
010213;INTERV.ESTEREOTAXICAS
010214;PUNC.DIAG.O TERAP.VENTRI.
010215;PUNCION TRANS DE VENT.O S
010301;REP DEF CONG COP VERT NIN
010302;TRAT QUIR LESI COMP VERTR
010303;EXT O LIG NEURISMAS MAL F
010304;CORDOTOMIA ESPINOTALAMICA
010305;RIZOTOMIA RADICOTOMIA POS
010306;SECCION DE LIGAMENTOS DEN
010307;PUNCION RAQUIDEA DOBLE CO
010308;PUNCION CISTERNAL CON O S
010309;PUNCION LUMBAR CON O SIN MANOMETRIA
010401;NEUROTOMIA O DESCOMP. RET
010402;NEUROLISIS TRANSOVAL DEL
010403;NEUROTOMIA DEL INTERMEDIA
010404;INTERVENCIONES SOBRE NERV
010405;NEUROTOMIA DEL SUPRAORBIT
010406;NEUROTOMIA SELECTIVA DEL
010407;INJERTO Y/O ANASTOMOSIS N
010408;NEUROLISIS EXTRACRANEAL A
010409;BLOQUEO EXTRACRANEAL ANTI
010501;TRAT. QUIR. EXPLO. NEUROR
010502;TRAT. QUIR. REUR. EXP. DE
010503;NEURORRAFIA INJ. TUBULIZA
010504;TRANSPOSICION DEL CUBITAL
010505;DESCOMPRESION DEL MEDIANO
010506;ESCISION DE LESION TUMORA
010507;NEUROLISIS QUIR. NERV. PE
010508;NEUROLOSIS QUIM.O BLOQUEO
010601;SIMPATECTOMIA CERVICAL
010602;SIMPATECTOMIA TORACICA
010603;SIMPATECTOMIA LUMBAR POR
010604;RESECCION DE PLEXOS HIPOG
010605;SIMPATECTOMIA PARAVERTEBR
010606;INYECCION PARAVERTEBRAL D
010701;VENTRICULOGRAFIA POR INYE
010702;PAN-ARTERIOGRAFICA CEREBR
010703;ARTERIOGRAFIA CARTIDEA O
010704;NEUMOENCEFALOVENTRICULOGR
010705;MIELOGRAFIA ASCENDENTE O
010706;DISCOGRAFIA NEUROGRAFIA E
020101;EXENTERACION DEL CONT. OR
020102;NEUROTOMIA DEL NERVIO OPT
020103;ORBITOTOMIA CON ESCISION
020104;INTRODUCCION DE SUSTANCIA
020105;REPARACION PLASTICA DE LA
020106;ENUCLEACION O EVISCERACIO
020107;ASPIRACION,LAVADO E IMPLA
020108;VITRECTOMIA CON MICROSCOP
020109;TRAT. QUIR. CORRECTOR DEL
020110;OP. DE HUMNELSHEIN SUP. D
020111;EXCENTERACION DE CONTENID
020201;RECONSTRUCCION TOT. DEL P
020202;BLEFAROPLASTIA INJ. CANTO
020203;BLEFARORRAFIA PARCIAL O T
020204;BLEFAROCHALASIS
020205;ESCISION DE LESION DE PAR
020301;CONJUNTIVOPLASTIA INJ. LI
020302;ESCISION DE LESION CONJUN
020303;INT.SUBS.TERAP.SUBC.Y EN
020304;PERIT.PERITOM.ESC ANILLO
020305;SUT.CONJ.EXTR.CUERPO EXT
020306;INT.SUB.TERAP.INY.SUBCONJ
020401;QUERAT.LAMINAR INJER.DE C
020402;QUERAT.TOTAL QUERAT. TOTA
020403;SUTURA DE CORNEA
020404;QUERATOCENTESIS UNICA INT
020405;CAUTERIZ.CORNEAL C/S RASP
020406;SUT.HERIDA CORNEA C/PROL.
020501;TRAT. QUIRURG. DEL GLAUCO
020502;TRIDATOMIA COREO. IRIDECT
020503;IRIDOCIC.O CICLEC. POR TU
020601;FOTOCOAG.CONVEN.C/2 SECC.
020602;FOTOCOAG.CON RAYOS LASER
020603;RETINOP. C/ESCLEREC. E IM
020604;RETINOPEXIA Y ESCLERECTOM
020605;RETINOPEXIA DIATERMIA CRI
020606;ESCLERECT.C/EXTRAC.CUER.E
020701;EXTRAC.CRISTALINO-CATARAT
020702;ESTRAC.MASAS CRIST.DISCIS
020703;CAPSULOTOMIA
020801;DACRIOCIST.FISTUL.DE SACO
020802;ESCIS.GLAND.LAGRI.Y SACO
020803;DREN.GLAND.O SACO LAGRIM.
020804;CATET.COND.LAGRI.QUIROF.C
020904;CONJUNTIVOPEXIA
030101;RECONS.PAB.AURIC.C/INJ.DE
030102;OTOP.O RECONS.PAB.CUCU.AN
030103;OTOPLASTIA LOBULO HENDIDO
030104;ESCIS.COMPL.O AMPUT.DE PA
030105;INCIS.Y DREN.AURIC.SUT.PA
030106;CIRUJ.AGEN.DE COND.AUDIT.
030107;RESECCION DE OSTEOMA
030108;EXTIRPACION DE COLOBOMA A
030109;ESC.LES.LOCAL COND.AUDIT.
030201;MIRINGOPLASTIA
030202;TIMPANOPLASTIA
030203;MIRING.C/S LOCAL.TUBO DRE
030204;CIRUG.PLAST.AGENE.OIDO ME
030205;MOVILIZACION DEL ESTRIBO
030206;ESTAPEDESTOMIA
030207;MASTOIDECTOMIA SIMPLE O R
030208;ANTROT.MASTOI.CIERRE FIST
030209;PUNCION DE ANTRO MASTOIDE
030210;CIRUG. DEL GLOMUS YUGULAR
030211;CIRUG.SEG.Y TERC.PORC.NER
030301;LABERINTECTOMIA
030302;FENEST.COND.SEMICIRC.EXTE
030303;CIRUG.DEL SACO ENDOLINFAT
030304;CIRUG.COND.AUD.INTER.Y CO
030305;TRAT.QUIRUR.DE FRACT DEL
030306;TRAT.QUIRUR.NEURI.ACUST.V
030401;ATRESTA DE COANAS ACCESO
030402;RESECCION TOTAL DE NARIZ
030403;RECONS.DIFER.PIRAM.NASAL
030404;TRAT.QUIRURGICO DEL RINOF
030405;ESC.TUMORES ENDONAS.X RIN
030406;RESEC.LESION LOC.ENDON.EX
030407;ESCIS.POLIPO RETRO-COANAL
030408;RINOP.INJER.CUTAN.PEDIC.C
030409;SEPTUMP.X IMPLAN.CARTIL.A
030410;SEPTUMP.X PERF.O IMPL.ACR
030411;RESEC.TABIQ.NASAL-OP KILL
030412;TURBI.PARC.O COMPL.SIMP.R
030413;SUTURA DE NARIZ BIOP.DE N
030501;CIER.FIST.MENIN.X VIA TRA
030502;SINUS.COMB.FRONT.ETMOI.ES
030503;SINUS.COMB.FRONT.ETMOI.Y
030504;SINUS.RADIC.FRONT.X VIA E
030505;SINUSOTOMIA FRONTAL EXT.S
030506;SINUSOTOMIA ESFENOIDAL
030507;PUNCION SENO ESFENOIDAL
030508;ETMOIDECTOMIA INTERNA
030509;CIRUG.TUMORES ETMOIDALES
030510;ANTROTOMIA MAXILAR RAD.UN
030511;ANTROT. MAXILAR RAD.BILAT
030512;SINUSOTOMIA MAXIL.SIMPLE
030513;SINUSOTOMIA MAXIL.SIM.BIL
030514;CIERR.FIST.ORAL DE SENO M
030515;PUNC.SENO C/S INSERC.SOND
030516;CIRUG.FOSA PTERIGOMAXILAR
030601;LARING.RAD.C/VAC.DE CUELL
030602;LARINGOFARINGETOMIA
030603;LARINGECTOMIA TOTAL
030604;LARINGETOMIA PARCIAL
030605;LARINGOPLASTIA CORDO.ARIT
030606;LARINGOTOMIA MEDI.E INFER
030607;INCISION Y DRENAJE DE LAR
030608;MICROCIRUGIA DE LARINGUE
030701;INC.Y DREN.DE LESION ORIG
030702;EXTIRP.GERMEN DENTARIO AM
030703;GINGIVECTOMIA PARCIAL TUM
030704;GINGIVECTOMIA TOTAL AMPLI
030705;OPER.COMAN.ENCIA TRIGONO
030706;BIOPSIA DE ENCIA SUTURA D
030801;PAROTIDECTOMIA TOTAL
030802;OPER.COMANDO PAROTIDA
030803;PAROTIDECTOMIA LOBULO SUP
030804;ESC.RADICAL GLANDULA SUBM
030805;OPER.COMAN.GLANDULA SUBMA
030806;INCIS.DREN. GLAND.PAROTID
030807;BIOPS.GLANDULA SALIVAL EX
030808;EXTIRPACION DE RANULA
030901;OPER.COM.PISO DE BOCA ESC
030902;ESC.AMPL.MUCOSA YUGAL Y R
030903;ESTOMATOPLASTIA C/INJERTO
030904;INC.Y DRENAJE DE PISO BOC
030905;CIERRE DE FISTULA EXT.DE
031001;QUEILOPLASTIA LABIO LEPOR
031002;QUEILOPLASTIA LABIO LEP.B
031003;QUEILOPLAS.UNI O BIL C/PA
031004;RESEC.DE LABIO
031005;QUEILOPLASTIA DE BERNARD
031006;QUEILOPLASTIA C/VACIA.GAN
031007;ESCISION LOCAL DE LESION
031008;INCIS.Y DRENAJE DE LABIO
031101;OPER.COMANDO DE LENGUA
031102;GLOSECTOMIA SUBTOTAL
031103;ESCIS.LOCAL DE LESION LEN
031104;GLOSOPLASTIA
031105;GLOSOTOMIA C/DRENAJE ABSC
031201;PALATOPLASTIA PALA.BLANDO
031202;RESECCION PARCIAL DE PALA
031203;RESECION PARCIAL DE PALAD
031204;RESEC.TOTAL DE PALADAR Y
031205;OPER.COMAN. DE PALADAR BL
031206;INCIS. Y DRENAJE DE PALAD
031301;AMIGDALETOMIA ADENOIDET.O
031302;ESCIS.ELECTROCOAGULACION
031303;INCIS.DRENAJE DE AMIGD.O
031304;OPER.COMAN.DE FARINGE
031305;FARINGOPLASTIA
031306;FARINGUECTOMIA PARCIAL
031307;ESC.DIVERTICULO FARINGOES
031308;FARINGOTOMIA
031309;CIERRE DE FARINGOSTOMA
031310;SUTURA DE FARINGE
031311;BIOPSIA DE FARINGE
031312;ESCIS.RADICAL DE LESION N
031313;BIOPSIA LESION NASOFARING
040101;TIROIDECTOMIA TOTAL C/VAC
040102;TIROIDECTOMIA TOTAL C/VAC
040103;TIROIDECTOMIA TOTAL
040104;TIROIDECTOMIA SUB-TOTAL-H
040105;EXTIRP. DE QUISTE TIROGLO
040106;PUNCION BIOPSIA DE TIROID
040107;INCISION Y DRENAJE DE QUI
040108;PARATIROIDECTOMIA
040201;ADRENALECTOMIA BILATERAL
040202;ADRENALECTOMIA UNILATERAL
040301;HIPOFISECTOMIA TRANSEPTOE
050101;RESECCION DE PLEURA PARIE
050102;OPER. PLASTICA POR TORAX
050103;TOROCOPLASTIA POR CADA TI
050201;TRAQUEOPLASTIA
050202;TRAQUEOSTOMIA TRAQUEOTOMI
050203;TRQUEORRAFIA POR ACCESO C
050301;TRAQUEOPLASTIA POR ACCESO
050302;BRONCOTOMIA BRONCORRAFIA
050303;CAVERNOSTOMIA
050304;CIERRE DE FISTULA BRONCO
050401;NEUMONECTOMIA LOBECTOMIA
050402;ESCISION LOCAL DE LESION
050403;OP. EN EL MEDIASTINO VIA
050404;NEUMOMEDIASTINO
050405;MEDIASTINOSCOPIA
050406;TORACOTOMIA AMPLIA EXPLOR
050407;DRENAJE DE PLEURA CON TRO
050408;PUNCION DE CAVIDAD PLEURA
050409;PUNCION BIOPSIA DE PLEURA
050410;BIOPSIA DE GRASA PRE-ESCA
050411;NEUMOTORAX POR CADA INYEC
060101;MASTECTOMIA RADICAL RESEC
060102;MASTECTOMIA SUBRADICAL CO
060103;MASTECTOMIA SIMPLE
060104;MASTECTOMIA SUBCUTANEA AD
060105;MASTOPLASTIA UNILATERAL C
060106;MASTOPLASTIA BILATERAL CO
060107;MAMILOPLASTIA EN UNO O DO
060108;ESCISION LOCAL DE LESION
060109;ESCISION DE CUADRANTE MAM
060110;DRENAJE DE ABSCESO MAMARI
060111;PUNCION QUISTE MAMARIO PU
070101;SEPTOSTOMIA INTERAURICULA
070102;SEPTOSTOMIA CON BALON DE
070103;COLOCACION DE MARCAPASO D
070104;COLOCACION DE MARCAPASO D
070105;CAMBIO DE GENERADOR DE MA
070106;IMPLANTACION DE CIRCULACI
070107;MANTENIMIENTO DE CIRCULAC
070108;CARDIORRAFIA SUTURA DE CO
070109;PERICARDIOTOMIA CO EXP.DR
070110;BIOPSIA DE PERICARDIO
070111;PERICARDIOCENTESIS DIAG,
070112;CATETERISMO DE CORAZON PA
070201;TRAT. QUIR. CARDIOPATIAS
070202;TRAT. QUIR. CARDIOPATIAS
070203;REEMPLAZO DE VALVULA CARD
070204;DOBLE REEMPLAZO VALVULAR
070205;REEMPLAZO DE UNA VALVULA
070206;CIERRE DEFECTOS SEPTIALES
070207;TRAT. QUIR. ANEURISMAS CA
070208;TRAT. QUIR. ANEUR. AORTA
070209;DERIVACION BY-PASS AORTO
070210;DERIV. BY-PASS MAMARIO CO
070211;RESECCION DE ANEURISMA VE
070212;RESECCION DE ANEURISMA VE
070301;CIRUGIA EN LOS GRANDES TR
070302;TRAT. QUIR. DEL ANEURISMA
070401;TRAT. QUIR. ANEU, AORTA A
070402;CIRUGIA DE LAS RAMAS VISC
070403;DERIVACION AORTO O ILIACO
070404;DER. AORTO BIFEMORAL CON
070405;DER. AORTO ILIACO UNIBILA
070406;OTRAS DER. ARTERIALES EN
070407;ANASTOMOSIS PORTO-CAVA O
070408;CIRUGIA DE LA VENA CAVA L
070409;COCLOCACION DE FILTRO MOB
070501;CIRUGIA DE LA ARTERIA CAR
070502;SUTURA O LIGADURA DE LOS
070503;GLOMECTOMIA TUMOR DE GLOM
070601;EMBOLECTOMIA EN ARTERIAS
070602;TROMBOENDARTER.DE VASOS P
070603;DERIV. BY PASS DE VASOS P
070604;DERIV BY PASS VASOS PER.C
070605;TRAT.ANEUR.DE FISTUL.ARTE
070606;ANASTOMOSIS ARTERIAL ARTE
070607;SHUNT O FISTULA ARTERIOV.
070608;DISEC ARTERIAS P/PERFUSIO
070609;PUNCION ARTER. P/INYEC.ME
070610;LIGADURA UNIL.TRONCOS VEN
070611;TROMBECTOMIA VENOSA PROFU
070612;SAFENECT.INT.Y/0 EXT.D/MI
070613;SAFENEC.INT.Y/O EXT.MIEND
070614;OPER.LINTON GOCKETT O SIM
070615;FLEBOTOMIA C/COLOC.CATETE
070616;FLEBECTOMIA SEGMENT.P/VAR
070701;CATETERISMO CORAZON P/DIA
070702;CARDIOGRAFIA-ANGIOCARDIOG
070703;CORONARIOG.SELEC.D/COR.IZ
070704;AORTOGRAFIA P/PUNCION LUM
070705;AORTOG.ABDOM.Y EST.SELEC.
070706;AORTOGR.ABDOM.E.S.ART.CAT
070707;AORT.TORAXICA Y/O EST.SEL
070708;AORTOG.ABDOM.Y EST.SELECT
070709;CAVOGRAFIA ABDOM.Y/O TORA
070710;ACIGOGRAFIA P/PUNCION TRA
070711;FLEBOGRAFIA D/SENO PETROS
070712;ARTERIOG.SELEC.D/ARTER.IN
070713;FLEBOG.SUPRARRENAL BIL.C/
070714;ARTERIOGRAFIA PERIFERICA
070715;EMBOL.SELEC.TERAPEUT.Y/O
070716;FLEBOGRAFIA MIEMB.INFER.O
080101;ESOFAG.TOTAL Y RECONS.EN
080102;ESOFAG.SEGMENT.Y RECONS E
080103;ESOFAGUECTOMIA TOTAL
080104;REEMPLAZO DE ESOFAGO
080105;ESOFAGOGASTROPLASTIA
080106;OPER.DERIVADAS PALIATIVAS
080107;TRAT.D/L/ATRESIA ESOFAGIC
080108;ESOFAGOTOMIA EXPLOR.P/VIA
080109;ESCIS.DIVERTICULO ESOFAG.
080110;ESOFAGOTOMIA O ESOFAGORRA
080111;ESC.DIVERTICULO D/ESOFAGO
080112;INTUBACION DE ESOFAGO
080113;COLOC.TUBO DE SOUTARD
080201;DERMOLIPECTOMIA ABDOM.C/S
080202;HERNIOPLASTIA DIAFRAG. O
080203;HERNIOPLASTIA INGUINAL CR
080204;TRAT.QUIRUR.D/ONFALOCELE
080205;HERNIOPLASTIA BILATERAL
080206;EVENTRACION HERNIA RECIDI
080207;CIERRE D/PARED ABDOM.P/EV
080208;LAPARATOMIA EXPLORADORA
080209;ENTEROLISIS
080210;LAPARASCOPIA C/LUZ FRIA
080211;LAPARASCOPIA CONVENCIONAL
080212;PERITONEOCENTESIS EVACUAD
080213;ESCISION D/TUMOR RETROPER
080214;DRENAJE DE ABSCESO SUBFRE
080301;GASTRECTOMIA TOTAL
080302;GASTRECTOMIA SUBT.O REGAS
080303;GASTROTOMIA-EXTRAC.CUERP.
080304;GASTROSTOMIA
080305;GASTRORRAFIA-ULCERA GASTR
080306;GASTRODUODENOSTOMIA
080307;VAGOTOMIA C/PILOROPLASTIA
080308;PILOROMIOTOMIA-PILOROPLAS
080309;CIERRE O ELIMINAC.D/GASTR
080310;CIERRE DE FISTULA GASTROC
080311;CIERRE D/GASTROSTOMIA U F
080401;ENTERECTOMIA DE YEYUNO O
080402;ESCIS.DIVERTICULO DE MECK
080403;ENTEROTOMIA ESTEROSTOMIA
080404;DERIVAC.INTESTIN.INTERNAS
080405;OPERAC.PLASTICA E/ILEOSTO
080406;PLICARURA DE INTESTINO DE
080501;COLECTOMIA TOTAL
080502;COLECTOMIA TOTAL S/RECTO
080503;HEMICOLECTOMIA DER O IZQ.
080504;COLECTOMIA SEGMENTARIA
080505;RESECCION ANTERIOR
080506;OPERAC.RADICALES P/MEGACO
080507;OPER.RADICALES P/MEGACOLO
080508;COLON PROTECTOMIA TOTAL
080509;PROCTOSIGMOIDECTOMIA ABDO
080510;PROCTOSIGMOIDECTOMIA ABDO
080511;PROTECTOMIA
080512;PROTECTOMIA C/PROSTATECTO
080513;RECTOTOMIA SIGMOIDOTOMIA
080514;PROTOCTOMIA C/DESCOMPRENS
080515;DESCENSO TRANSANAL
080516;OPERAC.PLASTICA E/MALFORM
080517;OPERAC.PLAST.E/MALFOR.CON
080518;PROCTORRAFIA
080519;PROCTOPEXIA PROLAPSO D/RE
080520;CONFEC.O CIERRED/FISTULA
080521;COLOSTOMIA TEMP.O DEFINIT
080522;OPER.PLASTICA E/COLOSTOMI
080523;DRENAJE ABSCESO PERIRRECT
080524;APENDICECTOMIA
080525;EXTRAC.INST.D/FECALOMAS I
080526;EXTRACCION MANUAL DE FECA
080601;ANOPLASTIA
080602;ANOPLASTIA P/ESTENOSIS C/
080603;ESFINTEROPLASTIA TIPO PIC
080604;ESFINTEROPLASTIA TIPO PLI
080605;CERCLAJE DE ANO
080606;HEMORROIDECTOMIA
080607;TROMBECTOMIA INFARTECTOMI
080608;TRAT.QUIRUR.D/PROLAPSO MU
080609;TRAT.D/HEMORROIDES C/LIGA
080610;TRAT.ESCLEROSANTE EN HEMO
080611;FISTULECTOMIA O FISTULOTO
080612;FISURECTOMIA CRIPTECTOMIA
080613;ESFINTEROTOMIA O ESFINT.
080614;ESCIS.LESION DE PIEL PERI
080615;FULGURACION RADICAL CONDI
080616;INCISION O DRENAJE DE ABS
080617;TRAT.RADICAL D/ABSCESO PE
080701;LOBECTOMIA HEPATICA
080702;SEGMENTECTOMIA HEPATICA
080703;HEPATECTOMIA PARCIAL
080704;HEPATOSTOMIA
080705;SUTURA DE HIGADO
080706;BIOPSIA DE HIGADO P/LAPAR
080707;PUNCION DE HIGADO
080708;COLECISTOSTOMIA
080709;COLECISTECTOMIA C/S COLED
080710;SECCION AMPOLLA DE VATER
080711;COLEDOCOTOMIA
080712;ANASTOMOSIS BILIODIGESTIV
080713;ANASTOMOSIS BILIODIG.
080714;OPERAC.REPADORAS VIA BILI
080715;EXTRAC.INSTRUM.COMPLETA
080801;DUODENOPANCREATECTOMIA
080802;ANASTOMOSIS PANCREATICODI
080803;ESC.LOCAL D/LESION D/PANC
080804;ESC.CORPOROCAUDAL ESPLENO
080805;SUTURA DE PANCREAS
080901;ESPLENECTOMIA
080902;PUNCION ESPLENICA PERCUTA
090101;LINFADENECTOMIA CERVICAL
090102;LINFADENECTOMIA CERVICAL
090103;ESC.DE LESION CONDUCT.LIN
090104;DRENAJE DE SENO LINFATICO
090105;LINFADENECTOMIA
090106;LINFADENOTOMIA
090107;BIOPSIA D/GANGLIO LINFATI
090108;DISEC.QUIRUR.P/LINFOADENO
100101;NEFRECTOMIA TOTAL
100102;NEFRECTOMIA PARCIAL
100103;NEFROURETECTOMIA TOTAL CO
100104;NEFROCTOMIA,NEFROSTOMIA,N
100105;CIRUGIA VASCULORRENAL ANE
100106;TRANS. RENAL CON AUT. ESP
100107;LUMBOTOMIAS EXP. DRENAJE
100108;TRAT. QUIR. FISTULA LUMBA
100109;BIOPSIA RENAL PERCUTANEA
100110;PLASTIA DE LA UNION URETE
100111;DERIVACIONES UTERALES A I
100112;DERIVACIONES URETERALES A
100113;URETERECTOMIA PARCIAL
100114;PIELOTOMIA PIELOLITOTOMIA
100115;EXTRACCION DE CALCULOS UR
100116;TRAT. QUIR. FISTULA URETE
100201;CISTECTOMIA TOTAL CON DER
100202;CISTECTOMIA TOTAL DERIV.
100203;CISTECTOMIA PARCIAL -DIVE
100204;CISTOPLASTIA COLON O ILIO
100205;CISTOPLASTIA PARA LA EXTR
100206;TRAT. QUIR. FISTULA VESIC
100207;TRAT. QUIR. FISTULA VESIC
100208;CISTOTOMIA A CIELO ABIERT
100209;CISTOTOMIA POR PUNCION CO
100210;RESECCION ENDOSCOPICA DE
100211;TRAT. INCONTINENCIA DE OP
100212;TRAT. INCONTINENCIA ORINA
100213;TRAT. INCONTINENCIA ORINA
100301;EPISPADIAS O HIPOSPADIAS
100302;URETROPLASTIA POR TRAUMAT
100303;URETROTOMIA EXTERNA DERIB
100304;URETRORRAFIA POR DESGARRO
100305;MEATOTOMIA
100306;ELECTROCOAGULACION O RESE
100401;PROSTATECTOMIA RADICAL
100402;ADENOMECTOMIA DE PROSTATA
100403;RESECCION DE FIBROSIS Y C
100404;RESECCION ENDOSCOPICA TRA
100405;VECICULECTOMIA COMO UNICA
100406;PROSTATOMIA DRENAJE
100407;BIOPSIA PROSTATICA POR PU
100501;ORQUIDECTOMIA UNILATERAL
100502;ORQUIDECTOMIA SUB-ALBUGIN
100503;ORQUIDECTOMIA UNILATERAL
100504;ORQUIDOPEXIA UNILATERAL C
100505;ORQUIDOPEXIA BILATERAL CO
100506;TRAT. QUIR. DEL HIDROCELE
100507;BIOPSIA DE TETICULO
100508;ESCROTOPLASTIA
100509;DRENAJE DE ABSCESO TESTIC
100510;PUNCION DE DERRAME ESCROT
100601;EPIDIDIMECTOMIA BILATERAL
100602;EPIDIDIMECTOMIA UNILATERA
100603;EPIDIDIMOVASOSTOMIA ANAST
100604;EPIDIDIMOTOMIA Y DRENAJE
100605;ANASTOMOSIS D/CONDUCTO DE
100606;BIOPSIA DE EPIDIDIMO
100607;VASECTOMISA LIGADURA D/CO
100701;AMPUTACION RADIC.O PARC.D
100702;AMPUT.COMPLETA O PARC.D/P
100703;OPERAC.PLASTICA D/PENE
100704;ESCIS.TOTAL D/LESION D/PE
100705;BIOPSIA DEL PENE
100706;CAVERNOSTOMIA PUNC.CUERPO
100707;RESECCION D/ESCLEOROSIS E
100708;SHUNT CAVERNO-ESPON.O CAV
100709;POSTIOPLASTIA -FISMOSIS-V
100710;CIRCUNCISION
100711;INCISION DORSAL O LAT.D/P
110101;RES.CUNEIFORME DE OVARIOS
110102;CULDOSCOPIA O LAPARASCOPI
110103;CELIOSCOPIA CULDOSCOPIA O
110104;LIGADURAS DE TROMPAS
110105;MICROCIRUGIA ESTERILIDAD
110201;HISTERECTOMIA RADICAL COL
110202;EXENTERACION PELVIANA D/B
110203;HISTERECTOMIA C/S ANEXECT
110204;MIOMECTOMIA UTERINA ABDOM
110205;MIOMECTOMIA VAGINAL
110206;MIOMECTOMIA VAGINAL P/HIT
110207;HISTERORRAFIA
110208;OPERAC.CORRECT.D/L/VICIOS
110209;CORREC.QUIRURG.D/INV.UTER
110210;RASPADO UTERINO TERAPEUTI
110211;RASPADO UTERINO DIAG.C/S
110212;AMPUTACION CUELLO
110213;CONIZACION DE CUELLO
110214;TRAQUELORRAFIA CERCLAJE D
110215;ESC.LOCAL DE LESION D/CUE
110216;APLIC.D/RADIUN EXTRA O IN
110217;COLOCACION DIU
110301;TRAT.QUIRURG.D/L/AGENESIA
110302;TRAT.QUIRUR.D/L/AGENESIA
110303;COLPORRAFIA ANTERIOR Y/O
110304;COLPORRAFIA P/HERIDA DEGA
110305;COLPORRAFIA POST.C/RECONS
110306;COLPOPEXIA POR VIA ABDOMI
110307;COLPOPEXIA COMBINADA
110308;COLPOCLESIS COMPLETA O PA
110309;COLPOTOMIA VAGINOTOMIA D/
110310;VAGINISMO OPERAC DE POZZI
110311;BIOPSIA VAGINA PUNCION VA
110312;VULVECTOMIA RADICAL
110313;VULVECTOMIA SIMPLE
110314;ESCIS.D/LABIOS MAYORES Y
110315;HIMENOTOMIA INC.Y DRENAJE
110316;EPISIORRAFIA PERINCORRAFI
110317;PERINEOPLASTIA EPISIOPERI
110401;PARTO
110402;EVACUACION UTERINA E/E/SE
110403;CESAREA CLASICA
110404;ATENCION D/ALUMBRAMIENTO
110405;AMNIOCENTESIS TRANSABDOMI
120201;COLUMNA CERVICAL DORSAL L
120202;ESTERNON ESCAPULA HUMERO
120203;PELVIS FEMUR TIBIA Y PERO
120204;CLAVICULA COSTILLAS ROTU.
120301;COLUMNA CERVICAL DORSAL L
120302;HUMERO PELVIS SACRO FEMUR
120303;CUB.RADIO TERCIO INFERIOR
120304;ESTERNON COSTI.CLAV.ESCA.
120305;METAC.EXEP.E/PRIMER METAC
120401;VERTEB.LAMININECTOMIA
120402;COXAL FEMUR HUMERO
120403;ESTER.ESCAP.CUBITO RADIO
120404;COST.CLAVIC.METACARPIA.ME
120405;PUNCION BIOPSIA D/VERTEBR
120406;PUNCION BIOPSIA D/CUAL.HU
120501;ESCAP.HUMERO ISQUION
120502;COXAL FEMUR TIBIA HUMERO
120503;CUBITO RADIO PERONE CARPO
120504;CLAVICU.ROTULA METATA O M
120601;FEMUR TIBIA TIBIA Y PERON
120602;HUMERO CUBITO Y/O RADIO A
120603;METARCARPIANO METATARSIAN
120701;CLAVICULA
120702;HUMERO
120703;CUB.RADIO CARPO HUESOS D/
120704;METACARPIANO
120705;UNA O MAS FALANG.D/UN MIS
120706;FEMUR TIBIA PERON
120707;ASTRAGALO CALCANEO OTRO H
120708;METATARSIANO UNA O MAS FA
120801;ASTROCENTESIS DIAG.TERAP.
120901;SACRO-ILIACA CONDRO-COSTA
120902;HOMBRO CADERA RODILLA
120903;METACARPO O METATARSO FAL
121001;CADERA
121002;RODILLA
121003;HOMBRO CODO MU#ECA CUELLO
121004;ESTERNO-CLAVIC.CARPO TARS
121005;ACRONIO-CLAV.METAC-FALANG
121101;COLUMNA CERVIC.DORSAL O L
121102;COL.CWERV.DORSAL O LUMB.C
121103;HOMBRO CODO
121104;ESTERNO-CLAV.MU#EC.TORSO-
121105;DOBLE ARTRODOSIS-CHOPART-
121106;TRIPLE ARTROSIS-TIBIOTAR-
121107;META-FALANG.METATA-FALANG
121201;ESTER-CLAV.ACROMIO-CLAV.C
121202;HOMB.CADER.RODILLA TEMPOR
121203;METAC.O METAT-FALANG.INTE
121204;ESCIS.O INCIS.BIOPSIA DRE
121301;COLUMNA CERVICAL DORSAL O
121302;CADERA RODILLA
121303;CLAV.HOMBRO CODO MU#ECA M
121304;METAC.O METET-FALANG.
121305;COLUMNA CERVIC.DORSAL O L
121306;CADERA RODILLA
121307;CLAV.HOMBRO CODO MU#.META
121308;METAC.O METAT-FALANGICA
121401;MIECTOMIAS MIOSITIS OSIF.
121402;INC.D/MUSC.INC D/LESION L
121501;EXPLOR.DRENAJE EXTRAC INC
121502;REPAR.Y SUTURA_TENORRAFIA
121503;TENOPLASTIA C/ALARGAM.O A
121504;REP.Y SUT.TENORRAF.E/TEND
121505;TENOPLAS.C/ALARG.O ACORT.
121506;REP.Y SUT.TENORRAFIA D/TR
121507;TENOP.C/ALARG.O ACORT.O I
121508;TRAT. D/L/SECUELA P/PARAL
121509;ESCISION GANGLION
121601;INTERESCAPULOTORACICA
121602;HOMBRO
121603;BRAZO CODO ANTEB.MU#ECA M
121604;INTERILEOABDOMINAL
121605;CADERA
121606;MUSLO O RODILLA
121607;PIE O PIERNA
121608;DEDO D/L/MANO
121609;DEDO D/PIE
121701;DISCECTOMIA CERV.DORSAL O
121702;DISCECTOMIA CERV.DORSAL L
121703;TRAT.QUIR.D/L/ELEV.CONG.D
121704;TENOTOMIAS Y/O FASCIOTOMI
121705;OPERAC.E/E/HUECO SUPRA-CL
121706;TRAT.QUIR.D/L/LUXAC.INVER
121707;APONEUROTIMIA-FASCIOTOMIA
121708;APONEURECTOMIA PARCIAL O
121709;APONEURECTOMIA PARCIAL E
121710;D/UN ESPACIO DIGIT.S/INJE
121711;DE UN ESPACIO DIGITAL CON
121712;RECONSTRUCCION TOTAL DEL
121713;RECONSTRUCCION PARCIAL DE
121714;LUXACION CONGENITA DE CAD
121715;LUXACION CONGENITA DE CAD
121716;DISPLASIA DE CADERA SIN L
121717;EPIFIOLISIS DE CADERA COX
121718;TRAT. QUIR. DE LA LUXACIO
121719;CUADRICEPSPLASTIA JUDET E
121720;LUXACION RECIDIVANTE DE R
121721;PIE ZAMBO VARO EQUINO SUP
121722;PIE EQUINO TRAT. QUIR.
121723;PIE PLANO O PIE CAVO TRAT
121724;SEUDOEXOTOSIS DE HAGLUND
121725;TRAT. QUIR. DEL PIE UNHEN
121726;TRAT. QUIR. COMPLETO DEL
121727;TRAT. QUIR. DEL DEDO DE G
121728;EXERESIS DEL NEUROMA DE M
121801;MUSCULARES PERIARTICULARE
121802;MIVILIZACION FORZADA DE A
121901;FRONDA ARTICULADA PARA MA
121902;YESO PARA NARIZ
121903;MINERVA
121904;COLLAR DE SHANZ ENYESADO
121905;VENDAJE DE SHANZ
121906;CORSET
121907;CORSELETE
121908;CORSET DE RISSER O SIMILA
121909;LECHO DE LORENZ HASTA CAD
121910;LECHO DE LORENZ HASTA PIE
121911;VENDAJE DE CINGULO PARA C
121912;VENDAJE EN OCHO ENYESADO
121913;VENDAJE DE ROBERTS JONES
121914;VELPEAU DE YESO
121915;VENDAJE DE VALPEU
121916;YESO TORACO-BRAQUIAL
121917;YESO BRAQUIPALMAR
121918;YESO COLGANTE
121919;YESO ANTEBRANQUIPALMAR
121920;MANO DE YESO
121921;VALVA LARGA DE MIEMBRO SU
121922;VALVA CORTA DSE MIEMBRO S
121923;YESO PELVIPEDICO
121924;DUCROQUET
121925;CALZA DE YESO-YESO CRURO-
121926;BOTA LARGA DE YESO
121927;BOTA CORTA DE YESO
121928;BOTIN DE YESO
121929;VALVA LARGA DE MIEMBRO IN
121930;VALVA CORTA DE MIEMBRO IN
121931;PASTA DE UNNA
121932;TRACCION CONTINUA CUTANEA
121933;TRACCION CONTINUA TIPO CO
121934;TRACCION CONTINUA ESQUELE
121935;TRACCION CONTINUA ESQU. C
121936;TRACCION CONTINUA ESQU. M
130101;ESCISION DE QUISTE DERMOI
130102;ESCISION AMPLIA DE LESION
130103;ESCISION RADICAL DE ANGIO
130104;ESCISION LOCAL DE LESION
130105;INCISION Y DRENAJE DE ABS
130106;DESTRUCCION DE LESION PIE
130107;DESTRUCCION DE PIEL VERRU
130108;BIOPSIA DE PIEL Y/O TEJID
130109;ESCISION DE U#A LECHO O R
130110;SUTURAS DE HERIDAS
130112;ESCISION DE TUMOR DE TEJI
130113;ESCISION DE LIPOMA GIGANT
130114;INCISION Y DRENAJE DE ABS
130115;IMPLANTACION DE *PELLETS*
130201;INJERTO LIBRE DE GRASA DE
130202;PREPARACION DE COLGAJO TU
130203;ADELGAZAMIENTO DE PIEL Y
130204;CIERRE PLASTICO DE HERIDA
130205;TRANSPORTE DE TUBO POR TI
130206;OPERACION RELAJANTE EN *Z
130207;TOMA Y CLOCACION DE INJER
130208;DERMABRASION EN CASO DEBI
130209;INJERTO PINCH POR SESION
130210;DIFERIDO DEL COLGAJO SEPA
130211;PREP. DEL COLGAJO Y CIERR
130301;ATENCION CON QUEMADURAS S
130302;AT. QUEM. SEG. TER. GRA.
130303;AT. QUEM. SEG.Y TER. G. Q
130304;ESCICION DE ESCARAS POSTQ
140101;TESTIFICACION TOTAL
140102;TESTIFICACION PARCIAL HAS
140103;TESTIFICACION POR DROGAS
140104;TRAT, DESENSIBILIZANTE IN
150101;BIOPSIA POR INCISION O PO
150102;ESTUDIO MACRO Y MICROSCOP
150103;ESTUDIO MACRO Y MICROSCOP
150104;BIOPSIA POR CONGELACION Y
150105;EST. BIOPSICO SERIADO Y S
150106;CITOLOGIA EXFOLIATIVA ONC
150107;CITOLOGIA EXOFOLOGICA HOR
150108;NECROPSIA DE NEONATO O LA
150109;NECROPSIA DEL JOVEN Y DEL
150110;CITOLOGIA EXOFOLIATIVA ON
150111;CITOLOGIA EXFOLIATIVA ONC
160101;ANESTESIA MINIMA PARA PRO
160102;ANALGESIA REGIONAL CONTIN
160103;ANALGESIA REG. POR BLOQUE
160104;HIPOTERMIA CONTROLADA Y/O
160105;INTUBACION ENDOTRAQUEAL F
170101;ELECTROC EN CONSULTORIO
170102;ELECTROCARDIOGRAMA A DOMI
170103;ELECTROGRAMA DEL HAZ DE H
170104;ELECTROCARDIOGRAMA DE HOL
170105;SOBREESTIMULACION CARDIAC
170106;ELECTROCARDIOGRAMA CON DE
170107;VECTOCARDIOGRAMA
170108;FONOMECANOCARDIOGRAMA DER
170109;MONITOREO OPERATORIO
170110;CARDIOVERSION EN PACIENTE
170111;ERGOMETRIA
170112;CURVAS DE DILUCION CON CO
170115;FLUXOMETRIA POR EFECTO DO
170116;TERMODILUCION
170117;REHABILITACION DE CARDIOP
170118;ELECTROCARDIOGRAMA DE HOL
180101;ECOCARDIOGRAMA COMPLETO I
180102;ECOCARDIOGRAMA COMPLETO O VIDEO MODO AYM NORMA INCLUYE 180101
180103;ECOCARDIOGRAMA COMP. CON
180104;ECOGRAFIA TOCOGINECOLOGIC
180106;ECOGRAFIA MAMA UNI O BILA
180107;ECOGRAFIA CEREBRAL
180109;ECOGRAFIA OFTALMOL. UNI O
180110;ECOGRAFIA TIROIDEA
180111;ECOGRAFIA DE TESTICULOS
180112;ECOGRAFIA COMPLETA DE ABD
180113;ECOGRAFIA HEPAT.BILIAR ES
180114;ECOGRAFIA DE VEJIGA O PRO
180116;ECOGRAFIA RENAL BILATERAL
180117;ECOGRAFIA DE AORTA ABD.DI
180118;ECOGRAFIA PANCREAT.O SUPR
180121;ECOGRAFIA P/L/AMNIOCENTES
190101;METABOLISMO BASAL
190102;REG.INDIVI.C/PREP.D/MENU
200101;TEST D/BERNSTEIN
200102;SONDEO GAST.FRAC.P/TEST S
200103;SONDEO GAST.E/AYUNA P/DET
200104;SONDEO C/ELECT.INTRAG.P/D
200105;SONDEO GAST.P/TEST SECRET
200106;SONDEO DUODE.DIAG.C/CON.R
200107;SONDEO DUODE.C/SONDA D/DO
200108;CLEARENCE D/BROMOSULFTALE
200109;TEST D/RETENC.D/BSF 45 MI
200110;TEST RETENC.D/BROMOSULF.A
200111;MOTIL.ESOFAGICA OBTENC.RE
200112;DETER.D/REFLUJO GASTROE.P
200113;LAVADO GASTRICO O ESOFAGI
200114;EXTRAC.D/MATER.D/ESOF.O E
200115;COLOC.D/SONDA BALON D/SEN
200116;BIOPSIA PERORAL ESOF.O GA
200117;BIOPSIA PERORAL D/INTES.D
200118;BIOP.PERORAL D/INTEST.DEL
200119;ESOFAGASCOPIA C/INST.RIGD
200120;ESOFAGOFIBROSCOPIA
200121;GASTROSCOPIA C/INSTRUM.RI
200122;ESOFAGOGASTRODUODENOFIBRO
200123;CANUL.ENDOS.D/PAPILA D/VA
200124;COLONOSCOPIA
200125;RECTOSIGMOIDOSCOPIA C/INS
200126;RECTOSIGMOIDOFIBROSCOPIA
200127;ANOSCOPIA
200128;DILAT.ESOF.C/CONTROL ENDO
200129;DILATAC.ESOF.C/SONDA D/ME
200130;REDUC.NOQUIRUR.D/L/INVAG.
200131;REDUC.MANUAL D/RECTO DIL.
200132;GASTROFIBROSCOPIA
200134;POLIPECTOMIA ENDOSC. GAST
200135;POLIPECTOMIA ENDOSC.COLON
200136;HASTA 3 FOTOG.REAL.DURAN.
210101;EST.GENETICO
210102;DERMATOGLIFOS
210103;CROMATINA SEXUAL
210104;ANAL.CROMOSOMICO D/CARIOT
210105;ANAL.CROMOS.D/CARIOT.C/BA
210106;ANAL.CROMOS.D/CARIOT.C/BA
210107;ANAL.CROMOS.D/CARIOT.C/BA
210201;EST.COMPLET.D/HISTOCOMP.P
210202;EST.COMPLET.D/HISTOCOMP.P
210203;CROSS-MATCH(ANTI ANTI-HLA
210204;CROSS-MATCH(ANTI ANTI HLA
210205;CROSS-MATCH(ANTI ANTI HLA
210206;DETERM. ANTIGENOS DR-DQ
210207;CULTIVO MIXTO LINFOCITOS
220101;COLPOSCOPIA TRAQUELOSCOPI
220102;COLPOCIT.OBTENC. D/MATER.
220103;TEST D/SIMS-HUNFER
220104;EST.DEL MOCO CERVICAL
220105;PERSUFLACION C/REGIST.QUI
220106;PERSUF.HIDROT.P/C/SECCION
220107;INSTILACION D/SUST. RADIO
220201;AMNIOSCOPIA
220202;MONITOREO FETAL
220203;METODO PSICOPROFILACTICO
220204;CONTROL OBSTETRICO DEL TRABAJO DE PARTO
230101;ADHES.PLAQUET.IN VIVO O I
230102;AGREG.PLAQUET.MIN.3 SUST.
230103;ADENOGRAMA
230104;INVEST.D/AGLUTINITIS
230105;AGLUTINITIS D/SIST.ABO
230106;ANTICOAG.CIRCUL.DETERM DE
230107;ANTICUERPO ELUCION
230108;ANTICUERPOS INMUNES
230109;ANTICUERPOS INMUNES
230110;INTIGLOBULINA HUMANA C/SU
230111;ANTITROMBINA TITULACION
230112;AUTOHEMOLISIS PRUEBA
230113;BENCE JONES PROTEINA
230114;BILIRRUBINEMIA TOTAL
230115;CELULAS FALCIFORMES O DRE
230116;CELULAS L E
230117;CELULAS L E  SANGRE
230118;COAGULACION Y SANGRIA TIE
230119;COAGULO RETRACCION
230120;COOMBS DIRECTA PRUEBA
230121;COOMBS INDIRECTA PRUEBA D
230122;COOMBS INDIRECTA PRUEBA C
230123;CRIOAGLUTININAS
230124;CRIOGLOBULINAS
230125;CROMATINA SEXUAL
230126;DACIE PRUEBA
230127;DAVIDSHON DIFERENCIADA PR
230128;DONATH-LANDSTEINNER CUANT
230129;ELECTROFORESIS S/PAPEL
230130;ELECTROFORESIS POLIACRILA
230131;ELECTROFORESIS POLIACRIL.
230132;EOSINOFOLIS RECUENTO
230133;ERITROSEDIMENTACION
230134;ESPECTROFOTOMETRIA D/LIQ.
230135;ESPLENOGRAMA
230136;ESTADO SECRETOR
230137;ETANOL PRUEBA D/GELIFICAC
230138;EXTON ROSSE PRUEBA DE
230139;FACTOR D/COAGULACION II
230140;FACTOR D/COAGULACION V
230141;FACTOR D/COAGULACION VII
230142;FACT.DE COAG.COMPLE.VII-X
230143;FACTOR DE COAGULAC.VIII
230144;FACTOR DE COAGULACION IX
230145;FACOTR DE COAGULACION X
230146;FACTOR DE COAGULACION XI
230147;FACTOR DE COAGULACION XII
230148;FACTOR DE COAGULACIO XIII
230149;FACTOR DE COAGULAC. XIII
230150;FERREMIA.SIDEREMIA
230151;FIBRONOGENO-SANGRE-
230152;FIBRONILISINA-LISIS DE EU
230153;FILOCO ACIDO-MICROBIOLOGI
230154;FORMULA LEUCOCITARIA
230155;FOSFATASA ALCALINA LEUCOC
230156;GLOBULINA GAMMA-SUERO-
230157;GLOBULINA GAMMA-LATEX-
230158;GLOBULOS BLANCOS,RECUENTO
230159;GLOBULOS ROJOS,RECUENTO
230160;GLUCOGENO -CITOQUIMICO-
230161;GLUCOGENO PREVIA DEIGESTI
230162;GOTYA GRUESA
230163;GRUPO SANGUINEO ABO
230164;HAM,PRUEBA DE
230165;HEINZ,CUERPOS DE
230166;HEMATIES,RESISTENCIA GLOB
230167;HEMATIES,TRIPSINACION DE
230168;HEMATOCRITO
230169;HEMOAGLUTINACION PASIVA,P
230170;HEMOAGLUTININAS-WTUGHAN-
230171;HEMOADLUTINOGENOS-SUBTIPO
230172;HEMOAGLUTINOGENOS DU
230173;HEMOGLOBULINA,DOSAJE
230174;HEMOGLOBULINA,ELECTROFORE
230175;HEMOGLOBINA EN PLASMA
230176;HEMOGLOBINA,SOLUDIBILIDAD
230177;HEMOGLOBINA ALCALIRRESIST
230178;HEMOGRAMA HEMATIES LEUCOC
230179;HEMOSILINAS EN CALIENTE T
230180;HEMOSIDERINA,INVESTIGACIO
230181;HEPARINA,RESISTENCIA IN V
230182;HEPARINA RESISTENCIA UN V
230183;HIPERHEPARINEMIA
230184;IBC-IRON BINDING CAPACITY
230185;IDENTIFICACION ANTICUERPO
230186;INDICE OPSONOCITOFACIGO
230187;INMUNOELECTROFORESIS
230188;LATEX GLOBULINA GAMMA
230189;LATEX L E.
230190;LAZO ,PRUEBA DEL
230191;LEUCINOAMINOPEPTIDASA TES
230192;LEUCOAGLUTINACION,INHIBIC
230193;LEUCOAGLUTININAS,METODO D
230194;LEUCOCITOS,RESISTENCIA DE
230195;LEUCOPRECIPITINAS
230196;MAGNESIO-SANGRE-
230197;MEDULOGRAMA. MIELOGRAMA
230198;MONONEUCLOSIS INFECCIOSA,
230199;PARASITOS HEMATICOS
230201;PAUL BUNELL,REACCION DE
230202;PEROXIDASAS
230203;PLAQUETAS,RECUENTO DE
230204;PLASMA RECALCIFICADO,TIEM
230205;PORFIRINAS -ORINA-
230206;PRODUCTO DE DEGRADACION F
230207;PROACTIVADOR PLASMIGENO
230208;PROTROMBINA-WARE,SEEGERS-
230209;PROTOMBINA CONSUMO
230210;PROTROMBINA TIEMPO DE QUI
230211;RECUENTO Y FORMULA
230212;REFFHUS CURVA DE
230213;RH
230214;RH FACTOR C MAYUSCULA
230215;RH FACTOR C MINUSCULA
230216;RH FACTOR D MAYUSCULA
230217;RH FACTOR E MAYUSCULA
230218;RH FACTOR E MINUSCULA
230219;RETICULOCITOS
230220;SIA TEST DE
230221;SICKLE CELLS INDUCCION QU
230222;SIDEROFILINA CAPACIDAD DE
230223;SULFATO DE PROTAMINA PRUE
230224;TROMBINA PRUEBA DE LA GEN
230225;TROMBINA TIEMPO DE
230226;TROMBOPLASTINA PRUEBA D/L
230227;TROMBOPLASTINA GENERAC BI
230228;TROMBOPLASTINA HICKS PITN
230229;TROMBOPLASTINA TIEMPO PAR
230230;TROMVO TEST DE OWEWN
230231;TROMBOELASTOGRAMA
230232;XENODIAGNOSTICO EST COMPL
240101;TRANSF.SANGRE TOTAL HASTA
240102;TRANSF.PLASMA HASTA 300CC
240103;TRANSF. DE HEMATIES SEDIM
240104;TRANSF GLOBULOS ROJOS LAV
240105;PLASMAFERESIS O ERITROFER
240106;TRANSF DE SANGRE S/LEUCOC
240107;TRANSF PLAQUETAS Y O LEUC
240108;EXANGUINEO TRANF HASTA 50
240109;EXAGUINEO TRANSF HASTA 50
240110;TRANSF FETAL INTRA UTERO
240111;SANGRIA POR RECOLECCION C
240112;TRANSF INTRAAMNIOTICA
240113;TRANSF CRIOPRECIP.G A H P
240114;V.D.R.L. EN DADOR
240115;HUDDLESSON DE DADOR
240116;CHAGAS LATEX EN DADOR
240117;CHAGAS FIJACION COMPLET.D
240118;CHAGAS HEMOAGLUTINACION D
240119;ANTIGENO HEPAT B EN DADOR
240120;ANTICUERPOS ANTI VIH(ELIS
240121;ANTI ANTI VIH(AGL.PART.GE
250101;AGENTES FISICOS FISIOT.HO
250102;TERAP.FISICA O KINESITERA
250103;TERAPIA OCUPACIONAL
250104;REHABILITAC.LENGUAJE
250105;PILONES PARA AMPUTADOS
250106;KINESITERAPIA O FISIATRIA
260101;CURVA DE CAPTAC.TIROIDEA
260102;EST.COMPLETO DE LA FUNC.T
260103;EXCRESION URINARIA DE I13
260104;PRUEBA DE INHIBICION
260105;PRUEBAS DE ESTIMULACION
260106;VIDA MEDICA EFECTIVA
260107;DOSIS TERAPEUTICA EN TIRO
260108;TRAT.DE CARCINOMA DE TIRO
260109;DETTECCION DE TROMBOSIS C
260110;DETECCON DE SUPURAC.ABDOM
260111;RADIORRENOGRAMA ISOTOPICO
260112;RADIORRENOGRAMA C CLEAREN
260113;FILTRADO GLOMERULAR
260114;FLUJO PLASMATICO RENAL EF
260115;FLUJO SANGUINEO TOTAL REN
260116;VOLUMEN MINUTO CARDIACO
260117;CLEARENCE TISULAR Y O MUS
260118;FLUJO CEREBRAL
260119;DETERM. DE AGUA CORPORAL
260120;DETERM. DE AGUA EXTRACELU
260121;DETER.DE SODIO TOTAL INTE
260122;DETER.DE POTASIO TOTAL IN
260123;DETER.VOLUMEN SANG.TOTAL
260124;VIDA MEDIA HEMATIES
260125;VIDA MEDIA HEMATIES
260126;VIDA MEDIA LEUCOCITOS
260127;TIEMPO MEDIO PLASMATICO D
260128;CURVA DE UTILIZACION D F
260129;TIEMPO MEDIO PLASM.Y CURV
260130;DIAG.DE ANEMIA PERNICIOSA
260131;DOS.TERAP.P/TRAT.D/POLICI
260132;ABSORC.C/GRASAS MARCADAS
260133;EST.ABSORCION Y EXCRESION
260134;RELACION PERF.VENTILAC.C/
260135;TRAT.INTRAARTIC.C/ P32 AU
260136;TRAT.PALIAT. C/P32 METAST
260137;TRAT.C/P32 AU198 P/DISEMI
260201;CENTELLOGRAMA DE CEREBRO
260202;POR C/ POSICION SIGUIENTE
260203;CENTOLLAGRAFIA DE MEDULA
260204;MIELOGRAFIA ISOTOPICA
260205;CISTERNOGRAFIA ISOTOPICA
260206;FISTULOGRAFIA ISOTOPICA D
260207;VENTRICULOGRAFIA ISOTOPIC
260208;CENTOLLOGRAMA OSEO
260209;AREAS SUBSIGUIENTES
260210;CENTOLLOGRAFIA DE ARTICUL
260211;CENTELLOGRAMA E TIROIDES
260212;CENTELLOG.DE TIROIDES Y M
260213;BARRIDO TOTAL
260214;CENTELLOGRAMA DE PARATIRO
260215;CENTOLLOG.DE GLANDULAS SA
260216;CENTOLLOG.DE PULMON
260217;CENTOLLOGRAMA HEPATICO
260218;CENTOLLOG. DE POOL VASCUL
260219;CENTELLOGRAMEA DE PANCREA
260220;CENTELLOGRAMA DE BAZO
260221;CENTELLOGRAMA RENAL
260222;CENTELLOGRAFIA DEL POOL V
260223;CENTELLOG. DE PLACENTAS
260224;CENTOLLOG. DE VIAS LINFAT
260225;POR POSICIONES ADICIONALE
260301;A C T H.
260302;ALDOSTERONA
260303;ALFAFETOPROTEINAS
260304;ANTICUERPOS ANTINUCLEARES
260305;ANGIOTENSINA I O II
260306;ANTIGENO DE LA HEPATITIS
260307;AMP-CICLICO
260308;CALCITONINA
260309;CEA CARCINOMA EMBRIOGENIC
260310;CORTISOL
260311;DIGITOXINA
260312;DIGOXINA
260313;ESTRADIOL
260314;ESTROGENOS TOTALES
260315;ESTRIOL PLASMATICO
260316;ESTRONA
260317;FERRITINA PLASMATICA
260318;F S H
260319;CLUCAGON PLASMATICO
260320;LACTOGENO PLACENTARIO
260321;L H
260322;INMUNOGLOBULINA
260323;INSULINA
260324;PARATHORMONA
260325;POLIPEPTIDO INHIBIDOR GAS
260326;POLIPEPTIDO INTESTINAL VA
260327;POLIPEPTIDO PANCREATICO
260328;PROINSULINA
260329;PROGESTERONA
260330;PROLACTINA
260331;PROSTAGLANDINA E O F O PG
260332;RENINA
260333;SOMATOTROFINA STH
260334;TESTOSTERONA
260335;TIROXINA PLASMATICA TOTAL
260336;TIROXINA EFECTIVA ERT
260337;TRI IODOTIRONINA T3
260338;TIROTROFINA TSH
260401;ESTIMULO SECREC.DE SOMATO
260402;FRENO DE LA SECREC. DE SO
260403;ESTIMULO HIPOTALANO FSH
260404;ESTIMULO HIPOTALANO LH
260405;PRUEBA ESTIMULO GONADAL C
260406;PRUEBA DE ESTIMULO GONADA
260407;PRUEBA DE ESTIMULO TRH
260408;PRUEBA DE ESTIMULO CON TR
260409;ESTIMULO HIPOTALAMICO HIP
260410;INHIBICION HIPOTALAMICA H
260411;INHIBICION DE MUQUET O SI
260412;RITMO CIRCADIANO DE CORTI
260413;ESTIMULO HIPOTALAMICA HIP
260414;INHIBICION HIPOTALAMICA H
260501;CENTELLOGRAMA DE CEREBRO
260502;POSICION SUBSIGUIENTE}
260503;CENTELLOGRAFIA DE MEDULA
260504;MIELOGRAFIA ISOTOPICA
260505;CISTERNOGRAFIA ISOTOPICA
260506;FISTULOGRAFIA ISOTOPICA D
260507;VENTRICULOGRAFIA ISOTOPIC
260508;CENTELLOGRAMA OSEO
260509;AREAS SUBSIGUIENTES
260510;CENTELLOGRAFIA DE ARTICUL
260511;CENTELLOGRAMA DE TIROIDES
260512;CENTELLOG.D/TIROIDES Y ME
260513;BARRIDO TOTAL
260514;CENTELLOGRAMA DE PARATIRO
260515;CENTELLOGRAMA DE GLANDULA
260516;CENTELLOG. DE PULMON
260517;CENTELLOG.HEPATICO
260518;CENTELLOGRAMA DEL POOL VA
260519;CENTELLOG. DE PANCREAS
260520;CENTELLOGRAMA DE BAZO.
260521;CENTELLOGRAMA RENAL
260522;CENTELLOGRAMA DE POOL VAS
260523;CENTELLOGRAMA DE PLACENTA
260524;CENTELLOGRAMA DE VIAS LIN
260525;ANGIOGRAFIA RADIOSOTOPICA
260526;ESTUDIO DINAMICO RENAL
260527;RADIOCARDIOGRAMA
260528;PERF SANG MIOC.REPOSO P/E
260529;FLEBOGRAFIA RADIOISOTOPIC
260530;POR AREA ADICIONAL
260531;DINAMICA DEL TRANSITO ESO
260532;DINAMICA TRANSITO INTESTI
270101;HEMODIALISIS CON RI#ON AR
270102;HEMODIALISIS CON RI#ON AR
270103;DIALISIS PERITONEAL
280101;ESPIROMETRIA COMPRENDE CA
280102;ESPIROMETRIA ANTES Y DESP
280103;BRONCOESPIROMETRIA
280104;TRAQUEOSCOPIA
280105;BRONCOSCOPIA CON INSTRUME
280106;BRONCOFRIBROSCOPIA
280107;CURVA DE FLUJO VOLUMEN
280108;DETERM.DE VOLUMENES PULMO
280109;MECANICA PULMONAR
280110;ANALISIS DE GASES EN AIRE ESPIRADO
290101;ELECTROENCEFALOGRAFIA ACT
290102;ELECTROENCEFALOGRAFIA ACT
290103;NISTAGMOGRAFIA ELECTRORRE
290104;ELECTROMIGRAFIA MIEMBROS
290105;ELECTROMIOGRAFIA CUATRO M
290106;ELECTROMIOGRAFIA DE VELOC
290107;REFLEXOGRAMA PATELAR Y O
290108;CRONAXIMETRIA
290109;ELECTRODIAGNOSTICO
290110;REOGRAFIA CEREBRAL CAR/CE
300101;OFTALMODINAMOMETRIA
300102;CAMPO VISUAL
300104;FONDO DE OJO Y O ESQUIASC
300105;TONOMETRIA
300106;TONOMETRIA DE NI#OS ANEST
300107;EJERCICIOS ORTOPTICOS
300108;GONIOSCOPIA
300109;CURVA TENSIONAL
300110;TONOGRAFIA!
300111;RETINOGRAFIA CON TRES PLA
300112;RETINOGRAFIA CON TRE PLAC
300113;RETINOFLUORESCEINOGRAFIA
300114;EXOFTALMOMETRIA
300115;EXTRACCION DE CUERPOS EXT
300116;EXTRAC.DE CUERPO EXTRA#O
300117;DEPILAC ELECTRICA DEL PAR
300118;DILATACION DEL CONDUCTO L
300119;OFTALMOSCOPIA INDIRECTA B
300120;FIJACION EN EL ESTRABISMO
300121;CATERIZACION DE CONDUCTO
300122;EXOFTALMOLOGIA
310101;EXAMEN FUNCIONAL LABERINT
310102;AUDIOMETRIA
310103;LAGOAUDIOMETRIA
310104;SUPRALIMINARES CADA UNA
310105;SELECION DE OTOAMPLIFONOS
310107;TECNICA DE PROESTZ 10 SEC
310108;INSUFLACION DE LAS TROMPA
310109;IMPEDANCIOM O TIMPANOMET
310110;EXAMEN FUNCIONAL DE NARIZ
310111;EXTRAC.DE CUERPO EXTRA#O
310112;TAPONAMIENTO NASAL ANTERI
310113;TAPONAMIENTO NASAL ANTERO
310114;EXTRAC DE CUERPO EXTRA#O
310115;CAUTERIZACION DE NARIZ
310116;LAVAJE DE SENO PARANASAL
310117;LARINGOSCOPIA INDIRECTA D
310118;LARINGOSCOPIA DIRECTA
310119;EXPRESION DE ADENOIDES LA
310120;EXTRAC VCALCULO SALIVAL
310121;INY.SUST.RADIOPACA P/BRON
310122;OTOMICROSCOPIA
310202;AUDIOM TONAL X JUEGO
310220;PRUEBA FUNCIONAL TUBARICA
320104;AT.RECIEN NACIDO SALA D/P
330101;PSICOTERAPIAS INDIVIDUAL
330102;PSICOTERAPIAS GRUPALES
330103;PSICOTERAPIAS DE PAREJA
330104;SESION FAMILIAR
330107;GOTEO C/PSICOFARMACOS
330109;SUE#O PROLONGADO POR DIA
330110;REFLEJOS CONDICIONADOS
330111;PRUEBAS PSICOSOMETRICAS
330112;PRUEBAS PROYECTIVAS
340101;RADIOSCOPIA SIMPLE
340102;RADIOSCOPIA C/INTENSIFICA
340103;RADIOSCOPIA C/CIRCUITO CE
340201;RADIOGRAFIA DEL CRANEO CA
340202;POR EXPOSICION SUBSIGUIEN
340203;HUESOS TEMPOR.O AGUJ. OPT
340204;ARTICULACION TEMPOROMANDI
340205;ORTOPANTOMOGRAFIA
340206;POR EXPOSICION SUBSIGUIEN
340207;TELERRADIOGRAFIA DE CRANE
340208;POR EXPOSICION SUBSIGUIEN
340209;RADIOGRAFIA DE RAQUIS
340210;POR EXPOSICION SUBSIGUIEN
340211;RADIOGRAFIA DE HOMBRO HUM
340212;POR EXPOSICION SUBSIGUIEN
340213;RAD.CODO ANTEB.MU#.MANO D
340214;MED.COMP. MIEMBROS INFERI
340215;RADIOGRAFIA AMPLIADA O MA
340216;ARTROGRAFIA
340217;POR EXPOSICION SUBSIGUIEN
340218;UNA PLACA A
340219;UNA PLACA OCLUSAL A
340220;SEMISEREADA HASTA 7 PLACA
340221;SERIADA DE 7 A 14 PLACAS
340301;RADIOGRAF.O TELERRADIOGRA
340302;POR EXPOSICION SUBSIG A
340303;BRONCOGRAFIA
340304;NEUMOMEDIASTINO FRENTE Y
340401;SIALOGRAFIA POR GLANDULA
340402;ESOFAGO ESTUDIO RADIOL SE
340403;ESTOMAGO Y DUODENO
340404;ESTOMAGO Y DUODENO C/TEC
340405;ESTUDIO SERIADO ESOFAGOGA
340406;DUODENOGRAFIA HIPOTONICA
340407;TRANSITO DE INTESTINO DEL
340408;ESTUDIO RADIOLOGICO SERIA
340409;COLON POR ENEMA Y EVACUAD
340410;COLON POR ENEMA Y EVACUAD
340411;COLON POR ENEMA EVACUADO
340412;COLON POR ENEMA EVACUADO
340413;COLECISTOGRAFIA ORAL
340414;COLECISTOGRAFIA ENDOVENOS
340415;COLANGIOG.ENDOVENOSA 5 PL
340416;COLANG. OPERATORIA 1 PLAC
340417;COLAG. OPERATORIA X C/PLA
340418;FISTULOCOLANGIOGRAFIA
340419;COLANGIOGRAFIA RETROGADA
340420;NEUMOPERITONEOGRAFIA
340421;RADIOGRAFIA SIMPLE DE ABD
340422;POR EXPOSICION SUBSIGUIEN
340501;RADIOGRAFIA SIMPLE DE ARB
340502;UROGRAMA EXCRETOR PIELOGR
340503;UROGRAMA EXCRETOR C/ESTUD
340504;UROGRAMA MINUTADO POR GOT
340505;PIELOGRAFIA ASCENDENTE
340506;POR EXPOSIC. SUBSIG. B
340507;CISTOURETROGRAFIA MICCION
340508;CISTOURETROGRAFIA POR EST
340601;MAMOGRAFIA
340602;MAMOGRAFIA PROYECCION AUX
340603;GALACTOGRAFIA POR LADO 2
340604;HISTEROSALPINGOGRAFIA
340605;PELVINEUMOGRAFIA
340606;GINECOGRAFIA SIN HONOR. D
340607;PELVIMETRIA RADIOLOGICA
340608;RADIOGRAFIA DE L EMBARAZO
340622;SENOGRAFIA ALTA RESOLUCIO
340701;SINUSOGRAFIA POR CATETERI
340702;VENTRICULOGRAFIA POR INYE
340703;ARTERIOGRAFIA CEREBRAL
340704;ARTERIOGRAFIA CAROTIDEA
340705;NEUMOENCEFALOVENTRICULOGR
340706;MIELOGRAFIA ASCENDENTE
340707;DISCOGRAFIA NEUROGRAFIA
340801;CONTROL RADIOSCOPIA
340802;CONTROL RADIOSCOPICO P/CO
340803;CONTROL RADIOCOPICO P/CAT
340804;CARDIOGRAFIA O ANGIOCAR 6
340805;CORONARIOGRAFIA
340806;INVESTIG DE FISTULA VASCU
340807;PANARTERIOGRAFIA DEL CAYA
340808;AORTOGRAFIA POR PUNCION L
340809;AORTOGRAFIA POR PUNCION L
340810;ARTEROGRAFIA DE ARTERIAS
340811;ARTEROGRAFIA SELECTIVA RA
340812;ARTERIOGRAFIA PERIFERICAS
340813;ARTERIOGRAFIA PERIFERICAS
340814;CAVOGRAFIA
340815;CAVOGRAFIA 4 EXPOSIC. B
340816;ESPLENOPORTOGRAFIA P/ ESP
340817;ESPLENOPORTOGRAFIA
340818;FLEBOGRAFIA SELECTIVA
340819;FLEBOGRAFIA SELECTIVA
340820;FLEBOG. MIEMBRO SUP. O IN
340821;FLEB.MIEMB.SUPE. O INF.PO
340822;LINFOGRAFIA POR EXPOSICIO
340901;TOMOGRAFIA LINEAL CUALQUI
340902;TOMOGRAFIA HIPOCICLOIDAL
340903;FISTULOGRAFIA ESTUDIO COM
340904;DACRIOCISTOGRAFIA MINIMO
340905;RADIOGRAFIA EN QUIROFANO
340906;RADIOG.EN QUIROF.O HABITA
340907;RADIOSCOPIA EN QUIROFANO
340908;RADIOGRAFIA A DOMICILIO
340909;RADIOGRAFIA A DOMICILIO R
341001;T.A.C CEREBRAL. I
341002;T.A.C CEREBRAL REFORZADA.
341003;T.A.C CEREBRAL DE CONTROL
341004;T.A.C OFTALMOLOGICA. I
341005;T.A.C TIROIDEA. I
341006;T.A.C MAMARIA. I
341007;T.A.C GINECOLOGIA. I
341008;T.A.C COMPLETA DE ABDOMEN
341009;T.A.C HEPATOBILIAR,ESPLEN
341010;T.A.C TORACICA
341011;T.A.C VEJIGA Y PROSTATA
341012;T.A.C DE OTROS ORGANOS O
341013;T.A.C. COLUMNA
350101;ROENTGENOTERAPIA SUPERFIC
350102;TELECOBALTOTERAPIA,TELECE
350103;BETATERAPIA
350104;COBALTOTERAPIA
350201;HASTA 1000 MG/HORA
350202;C/1000 MG/HORA EXCEDENTE
350203;ALQUILER DE RADIUN POR TR
360101;URETROCISTOSCOPIA INS. RI
360102;URETROCISTOFIBROSCOPIA
360103;SONDAJE VESICAL
360104;SONDAJE VESICAL-CISTOGRAF
360105;CISTOTONOMANOMETRIA
360106;DILATACION URETRAL
360107;URETROSCOPIA
400101;ARANC.GLOBAL 24 HORAS DE
400102;CONTROL DE PRESION
400103;DETERM.SUBS.Y MAX. 6 POR
400104;CONSUMO DE OXIGENO METOD
410101;ARANC.GLO. POR 24 HORAS A
420101;CONSULTA EN CONSULTORIO
420103;CONSULTA EN HORARIO NOCT.
420201;VISITA MEDICA EN DOMICILIO
420202;ARANCEL POR C/10 KM.RECORRICO FUERA DEL RAD.URBANO
420203;VISITA MEDICA EN HORARIO NOCTURNO Y/O FERIADOS
420301;ATENCION MED.EN INTERNACION CLINICA X DIA DE INTER
420303;INTERCONSULTA ESPECIALIZADA EN INTERNACION
430101;PENSION EN SANATORIO
430102;1 CAMA EN HAB.DE 2
430103;1 CAMA EN HAB. DE 3
430104;1 CAMA EN HAB. DE + DE 3
430105;AT. RECIEN NACIDO
430106;1 CAMA ACOMPA#A#TE
430107;1 CAMA ACOMPA#ANTE HAB 2
430108;1 CAMA ACOMP. HAB. DE 3
430201;CURACIONES
430202;CURACIONES QUEMADOS
430301;INYECCIONES AMBUL C/U
430401;NEBULIZ.CON NEB. INC. OXI
430402;NEBUL C/RESP O NEBUL ULTR
430501;INCUBADORA ISOLETTE C/DIA
430601;LUMINOTERAIA POR DIA
430901;OXIGENOTERAPIA POR DIA
431001;MAT DESC POR DIA
431002;MAT DESC EN TIUC POR DIA
431101;OXIGENO EN QUIROF POR ACT
431102;O2 CIRUG.C/CIRC EXTRACORP
431103;O2 ASIST RESP TIUC POR DI
431104;O2 EN CUID ESP POR DIA
431105;ASIST RESP EN TER NEONAT
440101;UNID.CORON.MOVIL POR HORA
