practica;nomenclador;valor
ANTIBIOGRAMA;NBU;22019,15
LEUCOCITOS MATERIA FECAL;NBU;2619,71
IDENTIFICACION DEL GERMEN;NBU;7644,59
ANAEROBIOS CULTIVO;NBU;32599,64
RECUENTO DE COLONIAS;NBU;3534,35
INV. DE CRYSTOSPORIDIUM;NBU;11529
TEST DE GRAHAM;NBU;3116,55
EXAMEN PARASITOLOGICO SERIADO;NBU;3410,14
ABSCESO CULT.ANT.;NBU;32102,8
BILIS CULT. Y ANT.;NBU;13346,99
ASPIRADO TRAQUEAL CULTIVO;NBU;10919,24
ENDOCERVIX CULT. Y ANT.;NBU;10433,69
COPROCULTIVO CULT. Y A.;NBU;28703,94
EXUDADO DE FAUCES CULT.;NBU;23091,88
ESPERMOCULTIVO;NBU;9733,59
LESION DE PIEL(CULTIVO);NBU;25079,25
LIQUIDO AMNIOTICO CULT.;NBU;13346,99
LIQUIDO ASCITICO CULT.;NBU;13346,99
EUROCOLLINS;NBU;11720,96
LIQUIDO DE PUNCION CULT -;NBU;13346,99
L SINOVIAL CULT. Y ANT.;NBU;13346,99
LCR CULT. Y ANT.;NBU;12804,98
MEDULOCULTIVO CULT. Y ANT.;NBU;13900,29
MAMTOUX;NBU;2416,46
RECTAL CULT. Y ANT.;NBU;10433,69
RECTAL M CULT Y ANT;NBU;9733,59
SECRECION BRONQUIAL C.;NBU;10919,24
ORINA 1ER. CHORRO CULT.;NBU;9733,59
SECRECION URETRAL CULT.;NBU;9733,59
VAGINAL CULT. Y ANT;NBU;10433,69
CAMPYLOBACTER CULTIVO;NBU;25079,25
YERSI?A CULT.Y ANTIBIOGR.;NBU;22459,53
EOSINÓFILOS EN EXUDADO NASAL;NBU;2021,24
BIOPSIA CULTIVO;NBU;37726,15
GOTA GRUESA;NBU;2213,2
BACILOSCOPIA;NBU;5894,35
LIQUIDO PERITONEAL POR BACTEC;NBU;24616,28
BUSQUEDA ISOPORA BELLI;NBU;14871,39
ANTIBIOGRAMA X 2;NBU;15786,04
ANTIBIOGRAMA POR 3;NBU;23679,06
IDENTIFICACION DEL GERMEN X 2;NBU;21409,39
IDENTIFICACION DEL GERMEN X 3;NBU;32102,8
IDENTIF. MICOBACTERIAS;NBU;126368,09
BAAR CULTIVO;NBU;20397,73
CATETER CULTIVO;NBU;19665,48
MICOLOGICO DIRECTO-CULT. Y/O U#A DE MANO Y/O PIE;NBU;9281,71
OIDO EXTERNO CULTIVO;NBU;15731,78
OIDO MEDIO CULTIVO;NBU;15731,78
SECRECION LAGRIMAL CULTIVO;NBU;15731,78
PRUEBA RAPIDA S.PYOGE;NBU;55316,66
AGUA CULTIVO;NBU;35398,56
ESPUTO CULTIVO;NBU;19665,48
IDENTIFICACION DE LEVADURAS;NBU;27532,83
CONTROL ESTERILIDAD SOLUCIONES;NBU;28672,41
LISTERIA CULTIVO;NBU;76840,19
HEMOCULTIVO POR LISIS CENT.POR MUESTRA;NBU;24543,39
LAVADO BRONQUEALVEOLAR;NBU;23599,04
MEDULO CULTIVO LISIS CENTRIFUGACION;NBU;18878,67
MYCOPLASMA CULTIVO;NBU;31464,97
PCR POR MICOBACTERIUM EN TUBERCULOSIS;NBU;216329,85
ANTIBIOGRAMA POR CIM POR CADA ANTIBIOTICO;NBU;45892,58
DOSAJE DE ANTIBIOT.C/MUESTRA;NBU;36822,77
CRYPTOCOCUS TINTA CHINA;NBU;33574,05
CRYPTOCOCUS ANTIGENO;NBU;52351,02
P.CARINNI (GIEMSA/GW);NBU;12413,27
LIQUIDO ASCITICO POR BACTEC;NBU;55647,15
ATB  IDENTIF.BAAR (BACTEC);NBU;156339,27
CONTROL AMBIENTAL;NBU;31464,97
HELYCOBACTER CULTIVO;NBU;60131,83
MICROSPORIDIUM DETECCION;NBU;56174,39
ASPERGILLUS ANTIGENO;NBU;188794,08
BAAR 3 MUESTRAS CULTIVO;NBU;61200,16
CHLAMYDIA PNEUMONIAE PCR;NBU;235995,69
ENTEROCOCO-VANCOMICINA-RESISTENTE CULTIVO;NBU;30678,3
INVESTIGACION DE PARASITOS;NBU;40905,65
ITRACONASOL;NBU;61161,27
LIQUIDO DE PUNCION POR BACTEC;NBU;72339,97
MICOLOGICO DIRECTO 1;NBU;15731,78
PCR MYCOPLASMA;NBU;196663,5
STREPTOCOCCUS AGALACTIAE CULTIVO;NBU;16983,08
S PNEUMONIAE ANTIGENO URINARIO;NBU;62931,36
TOXINA DE CLOSTRIDIUM DIFFICILE A Y B;NBU;125864,64
UREAPLASMA;NBU;31464,97
TOXINA BOTULINICA;NBU;235995,69
NOCARDIA CULTIVO;NBU;28319,54
VEROTOXINA EN MATERIA FECAL;NBU;28319,54
BAAR CULTIVO POR BACTEC;NBU;125864,64
CHLAMIDIA TRACHOMATIS POR INMUNOFLUORESCENCIA;NBU;47048,95
LEGIONELLA INVESTIGACION DE ANTIGENO;NBU;40905,65
CONTROL DE ESTERILIDAD CEMIC;NBU;7865,89
CONTROL DE HEMOTERAPIA;NBU;27532,83
HEMOCULTIVO AUTOMATIZADO (UNA MUESTRA);NBU;27455,91
UROCULTIVO CON IDENTIFICACION DEL GERMEN Y RECUENTO DE COLONIAS (POR M;NBU;27455,91
HEMOCULTIVO AUTOMATIZADO (DOS MUESTRAS);NBU;54538,73
HEMOCULTIVO AUTOMATIZADO (TRES MUESTRAS);NBU;62929,3
PROCARCITONINA;NBU;104883,3
CHELAMYDIA TRACCHOMATIS PCR;NBU;73417,52
DETECCION DE MECANISMOS DE RESISTENCIA POR PCR;NBU;52441,09
DOSAJE DE FUROSEMIDA EN ORINA;NBU;97166,87
ESBL;NBU;30228,9
KPC;NBU;30228,9
IDENTIFICACION GENOTIPICA DE GERMENES DIFICILES;NBU;47862,42
PSEUDOMONAS AERUGINOSA MR;NBU;20921,67
BARTONELLA HENSELAE PCR;NBU;77372,04
BORDETELLA PCR;NBU;79247,3
CHAGAS PCR;NBU;79247,3
PNEUMOCYSTIS PCR;NBU;31698,92
PCR PARA TOXINA CLOSTRIDIUM DIFFICILE;NBU;87243,36
PCR PARA DETECCIONDE CARBAPENEMASAS;NBU;21599,76
PCR STREPTOCOCCUS PNEUMONIAE;NBU;60278,4
PCR NEISSERIA MENINGITIDIS;NBU;60278,4
ANTIGUNGICOS SENSIBILIDAD;NBU;41409,14
PCR PARA MYCOPLASMA GENITALIUM;NBU;46010,16
FENOTIPIFICACION DE LEUCEMIA O  LINFOMAS,C/UN MINIMO DE 12 ANTICUERPOS;NBU;393328,15
SUBPOBLACIONES LINFOCITARIAS CD3 Y CD4;NBU;94397,53
SUBPOBLACIONES LINFOCITARIAS CD3 Y CD8;NBU;94397,53
SUBPOBLACIONES LINFOCITARIAS CD4 Y CD8;NBU;94397,53
CROSSMATCH POR CITOMETRIA DE FLUJO;NBU;314661,6
MARCADORES PARA HPN (CD 55 Y CD 59);NBU;314661,6
DETRMINACION DE STEM CELLS (CD34);NBU;94397,53
SUBPOBLACION LINFOCITARIA CD 20;NBU;43185,27
SUBPOBLACION LINFOCITARIA CD 19;NBU;43185,27
SUB POBLACION LINFOCITARIA COMPLETA (CD3-CD4-CD8-CD19-CD56);NBU;204150,72
MICRODELECIONES DEL CROMOSOMA Y;NBU;370277,78
ACTH ADRENOCORTICOTROFINA;NBU;22425,66
AFP- ALFAFETOPROTEINA;NBU;22403,07
ANTIGENO CARCINOEMBRONARIO;NBU;38053,61
CORTISOL;NBU;29121,74
DIGOXINA;NBU;22425,66
ESTRADIOL;NBU;29133,03
FENILCETONURIA;NBU;2653,59
LUTEINIZANTE;NBU;29121,74
TIROXINA LIBRE -NN 867-;NBU;22854,75
TRIIODOTIRONINA -NN 878-;NBU;17581,44
CLU-CORTISOL LIBRE URINARIO;NBU;22425,66
ADRENALINA PLASMATICA;NBU;58997,6
FENILALANINA;NBU;78664,61
"INMUNOGLOBULINA ""E""";NBU;36641,97
INSULINA;NBU;30678,75
17-HIDROXIPROGESTERONA-GLUCURONIDO-PREGNANDIOL-PROGESTERONA-PREGNANDIO;NBU;24156,64
PREGNANDIOL 3-GLUCURONIDO;NBU;8700,05
SOMATOTROFINA;NBU;24243,56
ADIONA-ANDROSTENEDIONA;NBU;32204,34
TIROTROFINA;NBU;30465,46
TIROXINA;NBU;25565,13
TIROTROFINA NEONATAL;NBU;16055,39
CA 125-ATC MONOCLONAL-OVARIO;NBU;125178,99
CA 15-3-ATC MONOCLONAL-MAMA;NBU;125178,99
CA 19-9-ATC MONOCLONAL;NBU;125178,99
CICLOSPORINA;NBU;63843,71
HSTS-ANTIC. ANTI RECEPTOR DE TSH;NBU;71797,29
ANT.PROSTAT.ESPECIF.;NBU;58997,6
TIROGLOBULINA;NBU;62884,01
TESTOSTERONA BIODISPONIBLE;NBU;63843,71
SHBG-PROT.TRANSPORT.HORM.SEXUAL.;NBU;63843,71
ANTICUERP. ANTIINSULINA;NBU;47937,42
ANTIC. ANTI/TIROPEROXIDASA;NBU;55063,7
ANTICUERP. ANTITIROGLOB.;NBU;36602,45
AFPM. ALFAFETOPROTEINA EN SUERO MATERNO.;NBU;25565,91
AGAD-ANTIC.ANTIGLUTAMICO DECAR- BOXILASA;NBU;57558,06
BHCGE-GON. CORIONICA CUALITATIVA;NBU;25565,91
CALCITONINA;NBU;27532,83
E2R-ESTRADIOL RAPIDO;NBU;47937,42
E3GE-ESTRIOL 16 GLUCURONIDO-E;NBU;31395,36
E3GF-ESTRIOL 3 GLUCURONIDO FIN  DE EMBARAZO;NBU;31395,36
GNRH-CURVA DE ESTIMULACION CON  GN-RH;NBU;237467,24
GON. CORIONICA (BHCGH) (HOMBRE);NBU;25565,91
GON.CORIONICA(BHCGM) SUERO MATERNO;NBU;25565,91
P26-PREGNANDIOL 3 GLUCURONIDO   EMBARAZO;NBU;31395,36
PTHI-PARATHORMONA MOL.INTACTA;NBU;31103,75
UE3-ESTRIOL NO CONJUGADO;NBU;92037,59
FERRITINA;NBU;47198,08
OSTEOCALCINA EN SANGRE;NBU;79743,11
B2 MICROGLOBULINA;NBU;66259,86
ERITROPROYETINA;NBU;125178,99
TRH-PRL CURVA 2 TIEMPOS;NBU;47937,42
CICLOSPORINA CURVA 4 TIEMPOS;NBU;255379,35
CORTISOL-CURVA BASAL Y VESPERTINA;NBU;47937,42
17-OHPO-CURVA 3 TIEMPOS;NBU;94186,08
STH-CURVA 5 TIEMPOS;NBU;119012,62
STH-CURVA 2 TIEMPOS;NBU;47937,42
SOMATOMEDINA-C IGF-1;NBU;99267,65
METHOTREXATE;NBU;157330,8
DIFENILHIDANTOINA;NBU;47198,08
FENOBARBITAL;NBU;47198,08
CARBAMAZEPINA;NBU;39332,3
FOLATO EN SUERO;NBU;47937,42
VITAMINA B-12;NBU;23677,65
ACIDO VALPROICO;NBU;31464,97
BENZODIAZEPINAS;NBU;48486,91
PRUEBA ACTH PARA CORTISOL 5 TPOS;NBU;119012,62
GNRH-3 TIEMPOS;NBU;148748,08
INSULINA CURVA 2 TIEMPOS;NBU;47198,08
DEOXIPIRIDINOLINA 24 HS;NBU;125178,99
TIOPENTAL;NBU;99118,4
SCREENING-TRIAGE;NBU;157330,8
FSH-FOLICULOESTIMULANTE;NBU;55316,66
PROLACTINA;NBU;31701,6
DEIDROEPIANDROST./SDHEA;NBU;23268,43
TESTOSTERONA;NBU;32204,34
TESTOSTERONA LIBRE;NBU;63843,71
TRH-TSH(3 TIEMPOS)B,20',40',ESTIMULACION CON TRH;NBU;71624,69
TBG-GLOBULINA TRANSPORTADORA;NBU;58997,6
L-PSA ANTIGENO PROSTATICO ESPECIFICO LIBRE.;NBU;77091,05
ALFA FETOPROTEINA EN LIQUIDO AMNIOTICO;NBU;19736,6
3ALFA-ANDROSTANEDIOL-GLUCURONIDO;NBU;51131,82
T3L-TRIIODOTIRONINA LIBRE;NBU;18997,22
BP-3(PROT.TRANS.FACT.CREC.INSULINO/SIMILES;NBU;133172,36
FK-506 TACROLIMUS;NBU;62931,36
PRUEBA ACTH P/CORTISOL 2 TIEMPOS;NBU;47937,42
CYFRA 21-1;NBU;117996,91
HOMOCISTEINA;NBU;102263,64
TROPONINA T(CUANTITATIVA);NBU;39332,3
ALDOSTERONA EN ORINA;NBU;35886,79
FBHCG-BHCG LIBRE;NBU;58997,6
PAPP-A PROTEINA PLAMATICA ASOCIADA A EMBARAZO;NBU;92037,59
CA 72-4 (ESTOMAGO);NBU;125178,99
GALACTOSA NEONATAL;NBU;20138,34
TEOFILINA-AMINOFILINA EN SANGRE;NBU;94397,53
TRIPSINA INMUNOREACTIVA;NBU;15731,78
CORTISOL-3 MUESTRAS;NBU;72339,97
SIROLIMUS-RAPAMICINA;NBU;100218,71
N-ACETIL-ALFA-D-GLUCOSAMINIDASA;NBU;1179984,45
CLOZAPINA;NBU;55065,66
BHCG-GONODOTROFINA CORIONICA CUANTITATIVA;NBU;38347,7
NNDHEA-DEHIDROEPIANDROSTERONA EN SUERO;NBU;27532,83
PEPTIDO C EN SANGRE;NBU;47937,42
VITAMINA A (RETINOL);NBU;55065,66
VITAMINA B6-PIRIDOXINA PLAMATICA;NBU;51131,82
17 OHPO CURVA 2 TIEMPOS;NBU;62790,72
17 OHPO-17-HIDROXIPROGESTERONA;NBU;31395,36
17OHPO-17-HIDROXIPROGESTERONA NEONATAL;NBU;31395,36
ACIDO FORMICO;NBU;27532,83
ACIDO METILHIPURICO;NBU;27532,83
ACTIVIDAD DE RENINA PLASMATICA;NBU;35791,87
ADRENALINA EN ORINA;NBU;27744,79
ALFA GALACTOSIDA A;NBU;943987,56
ANTI CASEINA IGA;NBU;62884,01
ANTI CASEINA IGG;NBU;62884,01
ANTI SOJA;NBU;63843,71
ANTICUERPOS ANTI MUSK;NBU;314661,6
CICLOSPORINA C2HS POST CARGA DE MEDICACION;NBU;63843,71
CORTISOL EN SALIVA;NBU;20082,52
CROSS LAPS (CTX);NBU;86531,94
DIAZEPAN;NBU;49110,7
DOSAJE DE ALPRAZOLAN;NBU;49110,7
DOSAJE DE COCINA;NBU;157330,8
DOSAJE DE PARACETAMOL;NBU;191786,8
DOSAJE DE TOPIRAMATO;NBU;235995,69
FSH-FOLICULOESTIMULANTE CORRIDA RAPIDA;NBU;73755,68
GALACTITOL EN ORINA;NBU;432659,7
HOMA-INDICE DE INSULINO RESISTENCIA;NBU;S/CARGO
IGE RAST(RADIO ALLERGEN SORBENT TEST)1;NBU;31464,97
INSULINA CURVA 5 TIEMPOS;NBU;117996,91
MACROPROLACTINA;NBU;41290,74
METILBUFOTENINA;NBU;61357,93
FIBROSIS QUISTICA MUTACION DELTA F508;NBU;286208,32
NNDHEA-DEHIDROEPIANDROSTERONA   ORINA;NBU;27532,83
NORADRENALINA EN ORINA(NORADREN);NBU;117995,2
NORADRENALINA PLASMATICA;NBU;58997,6
PARANITROFENOL;NBU;47937,42
PEPTIDO C CURVA 2 TIEMPOS;NBU;95876,42
PEPTIDO C CURVA 5 TIEMPOS;NBU;239693,47
PEPTIDO C EN ORINA;NBU;47937,42
PO-PROGESTERONA;NBU;31395,36
PRO.BNP IC CR;NBU;117996,91
PRUEBA DE ARGININA;NBU;119012,62
PRUEBA DE CLONIDINA;NBU;119012,62
RACO-ANTICUERPOS ANTI-RECEPTOR;NBU;157330,8
SEROTONINA PLAQUETARIA;NBU;51131,82
TG TIROGLOBULINA EN LIQUIDO DE  PUNCION;NBU;62884,01
TRIPTOFANO EN ORINA;NBU;47198,08
ACIDO ASCORBICO VIT. C;NBU;35398,56
ACIDO FENILACETICO EN ORINA;NBU;55489,59
BUFOTENINA EN ORINA;NBU;39332,3
DOPAMINA EN ORINA;NBU;31464,97
DOPAMINA EN SANGRE;NBU;62931,36
DIMETILTRIPTAMIDA EN ORINA;NBU;51131,82
SEROTONINA 5-OHTRIPTAMINA SANGRE;NBU;33959,01
MOPEG-3-METOXI-4HIDROXIFENILETILENOLICOL ORINA;NBU;51131,82
TIROSINA;NBU;18997,22
ENZIMA CONVERTIDORA DE ANGIOTENSINA;NBU;95318,65
EPOXIDO DE CARBAMACEPINA EN SANGRE;NBU;102421,32
25 (OH) COLECALCIFEROL;NBU;120633,39
5(OH)3METILINDOLACETICO;NBU;42172,42
ACIDO FOLICO ERITROCITARIO;NBU;190085,45
ETOSUCSIMIDA;NBU;23599,04
DOSAJE DE OXACARBAMACEPINA;NBU;32621,38
DOSAJE DE CLOBAZAN;NBU;36877,31
METANEFRINA EN ORINA;NBU;83376,62
OXIMETILBUFOTENINA;NBU;46419,82
RIVOFLABINA;NBU;288315,93
DIMETILTRIPTAMINA;NBU;53302,26
DOSAJE DE NICOTINA;NBU;46970,71
DOSAJE DE LORACEPAN X HPLC;NBU;131959,88
DOSAJE DE CAFEINA;NBU;48362,83
SEROTONINA EN ORINA;NBU;33959,01
ESTEATOCRITO;NBU;15731,78
HORMONA ANTIDIURETICA;NBU;147591,7
NORMETANEFRINA EN ORINA;NBU;83730,73
DOSAJE DE LANOTRIGINA;NBU;127461,54
BETA2 MICROGLOBULINA EN ORINA;NBU;66259,86
ACIDO INDOLACETICO (5INDOLAC);NBU;22812,35
ALDOST ALDOSTERONA;NBU;18878,67
AVM - ACIDO VAINILLIN MANDELICO;NBU;39332,3
GASTRINA (GAST);NBU;28319,54
OHP - HIDROXIPROLINURIA;NBU;22025,7
VITAMINA E - ALFA TOCOFEROL;NBU;78664,61
INHIBINA B;NBU;173057,44
ANTIMULLERIANA;NBU;157323,54
BENZODIACEPINAS EN ORINA;NBU;32324,02
BIOTINIDASA EN PAPEL DE FILTRO;NBU;41952,87
DOSAJE DE EVEROLIMUS;NBU;141592,77
CROMOGRANINA A SERICA;NBU;209766,6
FENILALANINA CONFIRMATORIO;NBU;63797,24
DOSAJE DE CANNABINOIDES;NBU;28789,74
VGKC X 25;NBU;201526
MORFINA;NBU;25190,75
LEVETIRACETAM;NBU;75570,98
NMDA ANTI EN SUERO;NBU;92846,44
NMDA ANTI EN LCR;NBU;73503,43
ANTI ANFIFISINA;NBU;208607,2
ANTI MOG;NBU;741568,56
PANEL DE ANTICUERPOS ENCEFALITIS;NBU;411522,6
TEST DE TUNEL;NBU;91836
COSTO POR EXTRACCION;NBU;1242,1
MATERIAL DESCARTABLE EN LABORATORIO;NBU;2789,09
EXTRACCION DE DNA;NBU;35986
MOLECULAR PCR O FISH PARA LEUCEMIAS;NBU;375236,6
ESTUDIO MOLECULAR PARA FRAGILIDAD DEL X.;NBU;489449,18
CARIOTIPO DE ALTA RESOLUCION;NBU;215916
MLPA ESTUDIO MOLECULAR DE LAS REGIONES SUBTELOMETRICAS;NBU;502120,08
FQ-PCR;NBU;397936,7
CITOGENETICO OTRAS MUESTRAS;NBU;133967,96
HUNTINGTON DIAGNOSTICO MOLECULAR POR PCR;NBU;327162,6
ARRAY 8X60K (SANGRE PERIFERICA);NBU;2920340,8
ESTUDIO GENETICO;NBU;560708,4
ATAXIA DE FREIDREICH;NBU;254710,8
PANELES DE GENES POR NGS;NBU;1857266,25
CARIOTIPO DE MATERIAL DE LEGRADO;NBU;132817,35
CARIOTIPO CON BANDEO ANALISIS CROMOSOMICO;NBU;135473,69
CITOGENETICO EN MEDULA OSEA O SANGRE PERIFERICA;NBU;132817,35
DIAGNOSTICO PRENATAL POR BIOPSIA CORIONICA;NBU;318761,64
DIAGNOSTICO PRENATAL EN LIQUIDO ANMIOTICO;NBU;318761,64
ESTUDIO MOLECULAR PARA PRADER WILLI - ANGELMAN;NBU;431995,2
ATAXIA ESPINOCEREBELAR;NBU;854342,47
SECUENCIACIÓN DE EXOMA GUIADO POR EL FENOTIPO;NBU;2074831,72
CARIOTIPO VELLOSIDADES CORIALES;NBU;PRESUPUESTO
FISH PRENATAL;NBU;PRESUPUESTO
FISH POST NATAL;NBU;PRESUPUESTO
MLPA - 2 KIT;NBU;PRESUPUESTO
EXTRACCION ESPECIAL GENETICA;NBU;PRESUPUESTO
SF3B1;NBU;PRESUPUESTO
MITOMA POR NGS;NBU;PRESUPUESTO
CARIOTIPO LIQUIDO AMNIOTICO;NBU;PRESUPUESTO
FISH EN PARAFINA;NBU;PRESUPUESTO
NIPT SIMPLE;NBU;PRESUPUESTO
MICROARRAYS PRENATALES;NBU;2159160
TEST DE DEB DIEPOXIBUTANO;NBU;296592,82
CARACTERIZACION GENETICA DE CROMOSOMAS MARCADORES;NBU;396236,5
IGVH EN LCC ESTADO MUTACIONAL DEL GEN;NBU;411522,6
MUTACIONES EN LOS GENES IDH1 E IDH2;NBU;342935,5
ESTADO DE METILACION DEL GEN MGMT POR MLPA SENSIBLE A METILACION;NBU;411522,6
ACETONA EN SANGRE;NBU;1851,86
ESTADO DE ACIDO BASE-EB-;NBU;9078,66
RECUENTO DE ADDIS;NBU;2743,92
PROTEINA DE BENCE JONES;NBU;1874,44
CLORO EN SANGRE;NBU;2461,62
CREATININA EN SANGRE;NBU;4991
LIQUIDOS DE PUNCION FIS.QUIM.;NBU;4686,12
FOSFATO EN ORINA;NBU;4494,16
GLUCEMIA EN AYUNAS;NBU;3263,35
PRUEBA DE TOLERANCIA A LA GLUC.;NBU;6176,64
IONOGRAMA PLASMATICO;NBU;7576,84
IONOGRAMA EN ORINA;NBU;8423,73
ACIDO LACTICO;NBU;4550,62
LIQ.CEFALORRAQUIDEO FIS.QUIM.(L.C.R.);NBU;4132,82
MAGNESIO EN SANGRE MG.;NBU;4550,62
MAGNESIO EN ORINA;NBU;2156,74
ORINA COMPLETA;NBU;4426,41
OSMOLARIDAD EN SANGRE;NBU;2710,04
PCO2 EN SANGRE;NBU;7780,1
PH POTENCIOMETRICO EN SANGRE;NBU;5883,05
POTASIO EN SANGRE;NBU;5137,8
PROTEINURIA DE 24 HORAS;NBU;3161,72
SODIO EN SANGRE;NBU;4019,9
UREA EN SANGRE;NBU;3669,85
ACIDO URICO EN SUERO;NBU;5724,98
ACIDO URICO EN ORINA -;NBU;3093,97
ERITROSEDIMENTACION;NBU;3082,68
FERREMIA;NBU;6605,74
FORMULA LEUCOCITARIA;NBU;1998,66
RECUENTO DE LEUCOCITOS;NBU;1851,86
RECUENTO DE HEMATIES;NBU;1851,86
HEMATOCRITO;NBU;2427,74
HEMOGLOBINA;NBU;1851,86
HEMOGLOBINAS INESTABLES;NBU;3398,85
PRUEBA DE SICKLING;NBU;2021,24
HEMOGRAMA COMPLETO;NBU;4821,63
PAUL BUNNEL;NBU;5047,46
RECUENTO DE PLAQUETAS;NBU;3037,51
RETICULOCITOS;NBU;3082,68
TRANSFERRINA;NBU;10072,35
INVESTIG.DE CUERPOS DE HEINZ;NBU;925,93
ALDOLASA;NBU;5770,14
AMILASA DE SANGRE;NBU;4403,83
BILIRRUBINA TOTAL Y DIRECTA;NBU;2551,96
RETRAC.DEL COAGULO;NBU;1851,86
TIEMPO DE SANGRIA;NBU;2156,74
COLESTEROL TOTAL;NBU;5724,98
CREATINFOSFOQUINASA(CPK);NBU;11348,33
FACTOR V;NBU;3252,05
FACTOR VIII;NBU;3319,8
FACTOR IX;NBU;3319,8
FACTOR X-NN 335-;NBU;3805,35
FIBRINOGENO FUNCIONAL;NBU;5250,72
FOSFATASA ACIDA TOTAL;NBU;2551,96
FOSFATASA ALCALINA;NBU;2551,96
FOSFOLIPIDOS;NBU;3466,6
GAMMAGLUTAMILTRANSPEPT;NBU;5442,68
HEPATOGRAMA COMPLETO;NBU;14453,6
ANTITROMBINA III;NBU;3376,26
LDH-LACTICODEHIDROGENASA;NBU;6086,32
SIGNO DE LAZO;NBU;1851,86
LIPIDOS TOTALES;NBU;3500,47
LIPIDOGRAMA;NBU;3906,97
PSEUDOCOLINESTERASA;NBU;3093,97
5?UCLEOTIDASA;NBU;4787,74
ALBUMINA;NBU;2551,96
PROTEINAS TOTALES;NBU;2405,16
FACTOR II;NBU;3093,97
SANGRE OCULTA EN MATERIA;NBU;1851,86
TRANSAMINASA GLUTAMINICO OXALACETICA;NBU;3692,43
TRANSAMINASA GLUTAMINICO PIRUVICA;NBU;3692,43
TRIGLICERIDOS;NBU;7080
TIEMPO DE TROMBOPLASTINA;NBU;13505,08
TIEMPO DE TROMBINA;NBU;2710,04
BICARBONATO EN ORINA;NBU;6989,66
BICARBONATO EN SANGRE;NBU;6989,66
PCO2 EN ORINA;NBU;7791,39
CLEARENCE DE CREATININA;NBU;5115,21
PRUEBA DE TOLERAN.GLUCOSBASAL Y 120 MINUTOS;NBU;8084,98
AGREGACION PLAQUETARIA;NBU;146794,37
ACETONA EN ORINA;NBU;1874,45
AMILASA EN ORINA;NBU;2619,71
AMILASA PANCREATICA EN SUERO;NBU;2619,71
CALCIO-FORFORO-PRODUCTO;NBU;2021,24
CLORO EN ORINA;NBU;2472,92
CO2 EN ORINA;NBU;7791,39
CO2 EN SANGRE;NBU;7791,39
CREATININA EN ORINA;NBU;4844,21
CREATININA Y CALCIO EN ORINA 2HS.;NBU;33875,62
EMBARAZO-PRUEBA DE SOBRECARGA DEGLUCOSA;NBU;2021,24
EMBARAZO-PRUEBA DE TOLERANCIA A LA GLUCOSA;NBU;6199,23
GLUCEMIA POST DESAYUNO DE PRUEBA;NBU;2021,24
GLUCOSA EN ORINA;NBU;2021,24
LIQUIDO PLEURAL(FIS-QUIM-CIT);NBU;33875,62
OSMOLARIDAD URINARIA;NBU;2710,05
PH POTENCIOMETRICO EN ORINA;NBU;5894,35
PORCENTAJE DE SATURACION;NBU;11653,21
POTASIO EN ORINA;NBU;3116,55
SODIO EN ORINA;NBU;3116,55
UREA EN LIQUIDO PERITONEAL;NBU;2235,79
UREA EN ORINA;NBU;2235,79
UREA POST DIALISIS;NBU;2235,79
L PLEURAL CULT. Y ANT.;NBU;33875,62
FISICO QUIM.CAL.URINARIO;NBU;47198,08
FOSFATO EN SUERO;NBU;6127,95
LITIO EN PLASMA;NBU;15731,78
CALCIO EN SANGRE;NBU;5929,55
OXALURIA;NBU;25998,27
HEMOGLOBINURIA;NBU;3586,3
ACIDOS BILIARES;NBU;61357,93
FACTOR XIII SEMI CUANTITATIVO;NBU;26595,42
DOSAJE DE ACIDO METIL-MALONICO EN ORINA;NBU;812077,2
FOSFATASA ACIDA PROSTATICA;NBU;32204,34
HDL COLESTEROL;NBU;8180,16
VLDL COLESTEROL;NBU;4254,48
CREATINFOSFOQUINASA(CPK MB);NBU;14945,11
HEMOGLOBINA GLICOSILADA;NBU;20451,31
APOLIPOPROTEINA A;NBU;24243,56
APOLIPOPROTEINAS B;NBU;24243,56
PROD DE DEGRADACION DE FIBRINOGENO (PDF);NBU;17793,48
TIEMPO DE REPTILASA;NBU;30262,66
TIEMPO DE LISIS DE EUG;NBU;4781,73
DIMERO D;NBU;95318,65
LIPOPROTEINA A;NBU;185570,09
FRUCTOSAMINA;NBU;26171,28
FACTOR XI;NBU;18061,3
FACTOR VII;NBU;15621,59
FACTOR XII;NBU;18061,3
PROTEINA C FUNCIONA;NBU;27995,91
BILIRRUBINA TOTAL NEONATAL;NBU;3932,26
HAPTOGLOBINA;NBU;21781,59
HEPARINEMIA;NBU;13561,32
TEST DE EMBARAZO EN ORINA;NBU;10768,71
RESISTENCIA ALCALINA;NBU;3075,77
FACTOR VIII ANTIGENICO (FVW);NBU;197983,39
ADHESIVIDAD PLAQUETARIA;NBU;19665,48
LIPASA;NBU;7520,41
COFACTOR DE RISTOCETINA;NBU;190275,86
REACCION DE KLEIHAVEN BETKE;NBU;23583,68
HEMOSIDERINA EN ORINA;NBU;3264,08
RESIST.A LA PROTEINA C ACTIVADA (532*6);NBU;48700,46
CALCIO IONICO;NBU;8731,03
SANGRE OCULTA EN MATERIA FECAL SERIADA;NBU;11799,52
ALCOHOLEMIA;NBU;78459,67
"PROTEINA""C""REACTIVA";NBU;8180,16
ANTIESTREPTOLISINA O;NBU;7165,63
INMUNOGLOBULINA G;NBU;31543,37
INMUNOGLOBULINA A;NBU;31543,37
INMUNOGLOBULINA M;NBU;31543,37
COMPLEMENTO SERICO C3;NBU;19272,13
COMPLEMENTO SERICO C4;NBU;18917,74
FOSFATASA ALCALINA FRACCION OSEA;NBU;31464,97
CO-OXIMETRIA;NBU;7008,03
ESTUDIO DE TROMBOCITOPENIA INDUCIDA POR HEP;NBU;36743,3
HEPARINEMIA P0R ANTI XA;NBU;42479,31
PROTEINA S INMUNOLOGICA FRACCIONLIBRE;NBU;27807,48
ACIDO LACTICO EN LIQUIDO CEFALORRAQUIDEO;NBU;2941,86
CITRATURIA;NBU;27532,83
MICROALBUMINURIA CUANTITATIVA;NBU;46018,04
DENSIDAD URINARIA;NBU;4774,78
OLIGOSACARIDOS;NBU;943987,56
ACIDOS GRASOS ESCENCIALES;NBU;288315,93
AMINOACIDOS EN ORINA;NBU;707988,6
MERCURIO EN ORINA;NBU;46458,86
POFOBILINOGENO EN ORINA (PBG);NBU;25565,91
PIRUVATO QUINASA INTRAERITROCITARIA;NBU;94397,53
ALFA 2 ANTIPLASMINA;NBU;71639,61
ANTICUERPOS ANTI PLAQUETAS;NBU;353990,74
PAI FUNCIONAL O BIOLOGICO;NBU;259406,46
PLAMINOGENO CROMOGENICO;NBU;78664,61
PROTEINA S FUNCIONAL;NBU;81811,31
ACIDOS GRASOS (NEFA);NBU;62931,36
ADENOSINDEAMINASA EN LIQUIDOS PUNCION;NBU;94397,53
AMINOACIDOS EN LIQUIDO          CEFALORRAQUIDEO;NBU;865319,4
AMONIO EN LCR;NBU;237467,24
AMONIO EN SUERO(ROCHE);NBU;19665,48
CALCIO EN ORINA;NBU;3625,36
COBRE EN ORINA POR ABSORCION ATOMICA;NBU;19665,48
CREATINA EN ORINA;NBU;8510,36
CREATINA EN SANGRE;NBU;8510,36
ELASTASA;NBU;63843,71
GANGLIOSIDOS PANEL ANTICUERPOS;NBU;566392,53
GLUCEMIA CURVA 5 TIEMPOS;NBU;7040,1
ISOENZIMOGRAMA DE FOSFATASA ALCALINA;NBU;47198,08
LDL COLESTEROL;NBU;8180,16
MUCOPROTEINAS;NBU;9446,34
PORFIRINAS EN ORINA;NBU;43265,97
PROTEINAS EN LIQUIDO PERITONEAL;NBU;3932,26
QUIMOTRIPSINA;NBU;63843,71
RELACION ALBUMINA CREATININA;NBU;22780,26
SPOT PROTEINURIA;NBU;7865,89
TALIO EN SANGRE;NBU;27532,83
TEST DE ADECUACION PERITONEAL;NBU;3932,26
TIOSULFATO EN ORINA;NBU;286168,99
TRIPTOFANO SANGRE;NBU;157330,8
ZINC EN ORINA;NBU;26171,28
ACILCARNITINAS EN ORINA;NBU;566392,53
ACILCARNITINAS EN GOTAS DE SANGRE;NBU;314661,6
AC.HOMOVAINILLICO EN ORINA;NBU;47198,08
ALFA 1 ANTITRIPSINA EN SANGRE;NBU;25565,91
ALUMINIO EN SANGRE;NBU;33911,71
CADMIO EN SANGRE;NBU;19665,48
CROMO EN SANGRE;NBU;19665,48
MANGANESO EN SANGRE;NBU;19665,48
NIQUEL EN SANGRE;NBU;19665,48
PLOMO EN SANGRE;NBU;35398,56
SELENIO EN SANGRE;NBU;35398,56
BETA CAROTENOS SANGRE;NBU;119814,25
CERULOPLASMINA;NBU;8628,91
DOSAJE CARNITINA TOTAL Y LIBRE;NBU;589990,5
ACIDO SIALICO EN SANGRE;NBU;32204,34
ARSENICO EN ORINA;NBU;55387,56
CLEARENCE DE ALFA 1 ANTITRIPSINA;NBU;27532,83
TALIO;NBU;33911,71
SUCCINIL PURINA EN ORINA;NBU;562553,65
SUPEROXIDO DISMUTASA;NBU;110548,24
GLUTATION PEROXIDASA;NBU;101854,93
BETA HIDROXIBUTIRATO EN SANGRE;NBU;185003,71
ESTUDIO FISICO QUIMICO Y FUNCIONAL DE M. FECAL;NBU;27775,47
FENOLES EN ORINA;NBU;35524,08
DOSAJE DE HEXOSAMINIDASA A EN SUERO Y LINFOCITOS;NBU;745158
ARISULFATASA A;NBU;375651,98
GALACTOCEREBROSIDASA;NBU;549879,01
AC.GRASOS DE CADENAS MUY LARGAS;NBU;707988,6
ACIDO PIRUVICO;NBU;67494
TEST DE AUTOHEMOLISIS;NBU;45907,9
ISOENZIMAS DE AMILASA;NBU;157330,8
ACIDO OROTICO URINARIO;NBU;157330,8
FLUOR;NBU;11893,02
FOSFATASA ALCALINA LEUCOCITARIA;NBU;9439,33
LACTOFERRINA;NBU;47961,1
LISOZIMA;NBU;71585,51
DOSAJE DE GLUCOSA 6P DESHIDROGENASA;NBU;58997,6
TEST DE BREWER;NBU;27232,89
CARBOXIHEMOGLOBINA;NBU;28224,65
ELECTROLITOS EN MATERIA FECAL;NBU;22780,26
BIOTINIDASA EN SUERO;NBU;432659,7
POTASIO EN MATERIAL FECAL;NBU;14159,77
CLORO EN MATERIA FECAL;NBU;14159,77
PERFIL DE PORFIRINAS EN SANGRE;NBU;37837
PROSTAGLANDINA;NBU;191786,8
MUCOPOLISACARIDOS EN ORINA;NBU;707988,6
ELECTROFORESIS DE HEMOGLOBINA ENACETATO;NBU;27736,37
CUERPOS REDUCTORES EN MATERIA FECAL;NBU;19665,48
OSMOLARIDAD EN MAT.FECAL;NBU;23599,04
DELTA AMINOLEVULINICO;NBU;55065,66
ACIDO SALICILICO;NBU;27532,83
ACIDO LACTICO EN MATERIA FECAL;NBU;37452,02
PH EN MATERIA FECAL;NBU;18997,22
COBALTO;NBU;71348,26
AMINOACIDOS PLASMATICOS;NBU;707988,6
CREATININA L.PERITONEAL;NBU;8510,36
COLINESTERASA ERITROCITARIA;NBU;71710,76
PLASMINOGENO;NBU;72339,97
PAI INMUNOLOGICO;NBU;102263,64
PORFIRINAS EN SANGRE;NBU;37837
GALACTOSA TOTAL;NBU;275329,7
GALACTOSA 1 FOSFATO URIDIL-TRANSFERASA;NBU;589990,5
GLOBULOS ROJOS DISMORFICOS;NBU;23780,49
FACTOR PLAQUETARIO 4-HEPARINA(ELISA);NBU;314661,6
ARSENICO EN SANGRE;NBU;55387,56
ACIDOS ORGANICOS EN ORINA;NBU;1227180,24
FOSFOHEXOSAISOMERASA SERICA;NBU;19665,48
PLOMO EN ORINA;NBU;39332,3
CISTINA EN ORINA;NBU;31464,97
FRAGILIDAD OSMOTICA ERITROCITARIA;NBU;11799,52
MACROAMILASEMIA;NBU;62931,36
SALICILATOS;NBU;3932,26
SODIO EN MATERIA FECAL;NBU;11799,52
VAN DE KAMER;NBU;14402,44
ZINC SERICO;NBU;26219,8
FENOTIPO ALFA 1 ANTRIPSINA;NBU;19656,14
MIOGLOBINA EN ORINA;NBU;41952,87
ALBUMINA EN LCR;NBU;46148,65
GLUCOSA 6 TIEMPOS PRUEBA DE TOLERANCIA;NBU;5631,19
LITIASIS RENAL ESTUDIO METABOLICO;NBU;104883,3
MERCURIO EN SANGRE;NBU;20976,43
DEHIDRATASA DEL ACIDO DELTA AMINOLEVULINICO;NBU;37456,62
CLEARENCE DE AMILASA SUERO Y ORINA;NBU;5806,86
ACIDO FITANICO;NBU;208728,83
EMBARAZO CURVA DE TOLERANCIA 3 PUNTOS;NBU;4900,19
FOSFATASA LACALINA PLACENTARIA LIKE;NBU;71975,46
PREALBUMINA;NBU;40503,08
CRIOHEMOLISIS TEST DE;NBU;8636,92
P50;NBU;16855,39
EMA;NBU;28789,74
FLT 3 (ITD);NBU;238171,99
CAL PROTECTINA;NBU;120915,6
TALASEMIA GEN BETAGLOBINA;NBU;302289
VOLUMEN DE MATERIA FECAL;NBU;10795,85
NUCLEOFOSMINA;NBU;151141,97
CISTATINA C;NBU;35986
EXCRECION FRACCIONADA DE SODIO;NBU;12895,34
EXCRECION TUBULAR DE FOSFATOS;NBU;12895,34
CEBPA;NBU;239898,28
CALCIO/CREATININA EN SPOT URINARIO;NBU;4654,02
EOSINOFILOS EN ORINA;NBU;4115,22
TALASEMIA GEN ALFA GLOBINA GRANDES REARREGLOS;NBU;342935,5
TALASEMIA GEN ALFA GLOBINA DELECION PUNTUAL;NBU;137174,2
CORONAVIRUS-COVID 19;NBU;108990,9
DOSAJE DE APIXABAN;NBU;93033,85
SARS-COV-2 ANTIGENO;NBU;72492,9
COBRE EN SUERO;NBU;19665,48
PCR MONKEYPOX (VIRUELA SIMICA);NBU;60915,6
NS1 DENGUE ANTIGENO NS 1;NBU;34685
CHAGAS-HEM-;NBU;9519,05
FTA-ABS;NBU;8886,7
REACCION DE HUDDLESSON;NBU;2461,62
VDRL CUANTITATIVA;NBU;8107,56
REACCION WIDAL;NBU;3116,55
HEPATITIS B ANTIGENO HBE;NBU;33875,62
EPSTEIN BAAR - PCR;NBU;157330,8
CMV IGG-ANTICUERPO ANTICITOMEGALOVIRUS;NBU;23599,04
RUBEOLA IGG-ANTICUERPOS ANTIRUBEOLA;NBU;15731,78
ANTI CENTROMERO;NBU;23599,04
HEPATITIS A-ANTI HAV IGG;NBU;23599,04
HEPATITIS A-ANTI HAV IGM;NBU;36185,37
HEPATITIS B-ANTI CORE IGS TOTALE;NBU;35398,89
HEPATITIS B-ANTI HBE (ANTICUERPO;NBU;23599,04
HEPATITIS B-ANTI HBS(ANTICUERPO);NBU;33824,79
HEPATITIS B-ANTIGENO HBS;NBU;40902,62
CHAGAS IGG-ANTI CRUZI;NBU;19665,48
CHAGAS IGM-ANTI.CRUZI;NBU;19665,48
CRIOGLOBULINAS;NBU;11799,52
ANTI DNA DESNATURALIZADO;NBU;23599,04
ANTI MUSCULO ESTRIADO(FAMI);NBU;31464,97
HIV 1 Y 2-ANTICUERPO;NBU;30843,49
INFLUENZA A IGG ANTICUERPO ANTI INFLUENZA;NBU;39332,3
INFLUENZA B IGG ANTICUERPOS ANTI INFLUENZA;NBU;27532,83
ANTI JO I;NBU;78664,61
ANTI SSB/LA;NBU;31464,97
LIQUIDO SINOVIAL;NBU;23599,04
ANTI MYCOPLASMA P.IGG;NBU;74730,99
ANTI MYCOPLASMA P.IGM;NBU;51131,82
ANTI RNP 70 KDA ELISA;NBU;31464,97
PROTEINOGRAMA ELECTROFORETICO;NBU;18407,7
ANTI SM ELISA;NBU;31464,97
TOXOPLASMOSIS IGG-ANTI T.GONDII IGG;NBU;32724,3
TOXOPLASMOSIS IGM-ANTI T. GONDIIIGM;NBU;46018,12
CMV IGM-ANTICUERPOS ANTICITOMEGALOVIRUS;NBU;35398,56
CHLAMYDIA TRACHOMATIS IGM;NBU;39332,3
EPSTEIN BAAR-ANTI VCA IGG;NBU;43265,97
EPSTEIN BAAR-ANTI VCA IGM;NBU;35398,56
ADENOVIRUS ANTI IGG;NBU;27532,83
HERPES SIMPLEX II IGM ANTICUERPO;NBU;35398,56
HERPES SIMPLEX II IGG ANTICUERPO;NBU;43265,97
HERPES SIMPLEX I IGM ANTICUERPO;NBU;35398,56
HERPES SIMPLEX I IGG ANTICUERPO;NBU;43265,97
CHLAMYDIA TRACHOMATIS IGG;NBU;29891,54
HEPATITIS B-ANTICORE IGM;NBU;47198,08
PAROTIDITIS IGG-ANTICUERPO ANTI PAROTIDITIS;NBU;27532,83
PAROTIDITIS IGM-ANTICUERPO ANTI PAROTIDITIS;NBU;31464,97
SARAMPION IGG-ANTICUERPO ANTISARAMPION;NBU;31464,97
SARAMPION IGM-ANTICUERPOS ANTISARAMPION;NBU;39332,3
VARICELA IGG-ANTICUERPO ANTI VARICELA;NBU;35398,56
VARICELA IGM-ANTICUERPO ANTI VARICELA;NBU;47198,08
HEPATITIS C-ANTI HCV(ANTICUERPO);NBU;44248,2
FACTOR REUMATOIDEO IGM(FRELISA);NBU;23599,04
RUBEOLA IGM(ANTICUERPO ANTI RUBEOLA);NBU;36185,37
ADENOVIRUS AG;NBU;23599,04
DOSAJE DE IGA (OTRAS MUESTRAS);NBU;39332,3
VIRUS SINCICIAL RESPIRAT.IGG;NBU;27532,83
VIRUS SINCICIAL RESPIRAT.IGM;NBU;55104,55
ASPERGILLUS ANTICUERPOS;NBU;62931,36
HISTOPLASMA CAPSULATUM ANTIGENO URINARIO;NBU;62931,36
HEPATITIS DELTA ANTICUERPOS;NBU;40692,23
CHLAMYDIAS PSITACCI IGG;NBU;36185,37
CHLAMYDIAS PSITACCI IGM;NBU;36185,37
CHAGAS-ANTICUERPOS ANTI T.CRUZI;NBU;9439,33
PARVOVIRUS B19 IGG;NBU;235995,69
HTLV 1 Y 2 ANTICUERPOS ANTI HTLV1 Y 2-ANTICUERPOS ANTI HTLV1;NBU;14159,77
HEPATITIS C (PCR);NBU;157330,8
PARVOVIRUS B.19(IGM);NBU;235995,69
ISLOTES DE LANGERGANS(PANCREAS);NBU;57425,74
HERPES SIMPLEX-(PCR);NBU;157330,8
BRUCELLOSIS IGM;NBU;20892,97
BRUCELLOSIS IGG ANTICUERPOS;NBU;16101,42
INMUNOFIJACION EN ORINA (PARAPROTEINAS);NBU;117996,91
GENOTIPO DE HEPATITIS C;NBU;173063,88
PCR PARA ENTEROVIRUS;NBU;157330,8
PCR PARA HIV-1-DETECCION DE GENOMA PROVIRAL;NBU;157330,8
FIEBRE HEMORRAG.ARGENTINA IGM   VIRUS JUNI;NBU;55756,75
ADENOVIRUS ANTI IGM;NBU;35398,56
CHLAMYDIA PNEUMONIAE IGG;NBU;31637,98
CHLAMYDIA PNEUMONIAE IGM;NBU;33604,71
PARVOVIRUS B19-PCR;NBU;190810,38
TIROIDES IMF-ANTI FRACCION MICROSOMAL;NBU;33454,38
ANTI NUCLEO TOTAL (FAN EN HEP2);NBU;13797,03
ANTI JO 1;NBU;78664,61
ANTI SCL 70;NBU;94397,53
ANTI RO/SSA;NBU;48362,83
HELYCOBACTER PYLORI TOTALES IF;NBU;47198,08
HELYCOBATER PYLORI IGA;NBU;47198,08
HELYCOBACTER PYLORI IG6;NBU;47198,08
CMV-PCR CITOMEGALOVIRUS;NBU;157330,8
ANTI GLIADINA IGA;NBU;19665,48
ANTI GLIADINA IGG.;NBU;19665,48
HEPATITIS B-CARGA VIRAL;NBU;275329,7
ADENOVIRUS PCR;NBU;157330,8
CITRULINA ANTICUERPOS IGG;NBU;70798,86
HIV 1 GENOTIPO TEST DE RESISTENCIA;NBU;589990,5
METAPNEUMOVIRUS PCR;NBU;141597,72
COXIELLA BURNETTI IGM ANTICUERPOS;NBU;65300,14
HELYCOBACTER PYLORI IGM IF;NBU;47198,08
LEGIONELLA IGM ANTICUERPO;NBU;65300,14
ANTI CARDIOLIPINA.;NBU;47198,08
ANTI CARDIOLIPINA IGA.;NBU;35398,56
ANTI CITOPLASMA DE NEUTROFILOS  TITULADO ANCA;NBU;117996,91
ANTI DNA NATIVO TITULADO;NBU;51131,82
ANTI ENDOMISIO IGA;NBU;47198,08
ANTI ENDOMISIO IGG;NBU;47198,08
ANTI HISTONA;NBU;71946,65
ANTI LKM;NBU;39332,3
ANTI MICROSOMAL TITULADO CELULA PARIETAL GASTRICA;NBU;39332,3
ANTI MICROSOMAL (AMA)TITULADO;NBU;39332,3
ANTI MUSCULO LISO (ML) TITULADO;NBU;39332,3
ANTI NUCELO TOTAL(FAN EN HEP2)  TITULADO;NBU;53491,93
ANTI NUICLEO TOTAL (FAN EN TEJIDOS)TITULADO;NBU;35398,56
ANTI OVARIO;NBU;115117,79
ANTI RRNP(ANTI P)ELISA;NBU;70798,86
ANTICUERPO ANTI FACTOR INTRISICOELISA;NBU;107928,69
BARTONELLA HENSELAE IGG ANTICUERPOS;NBU;55065,66
BARTONELLA HENSELAE IGM ANTICUERPOS;NBU;55065,66
BETA 2GLICOPROTEINA IGA ANTICUERPOS;NBU;157330,8
BORDETELLA PERTUSIS IGG ANTICUERPOS;NBU;41243,24
BORDETELLA PERTUSIS IGM ANTICUERPOS;NBU;57142,54
BORRELLA BURGDORFERI IGG;NBU;41243,24
COMPLEMENTO SERICO C1;NBU;14553,14
COXIELLA BURNETTI IGG ANTICUERPOS;NBU;65300,14
FOSFOLIPIDOS IGG ANTIC;NBU;43170,98
FOSFOLIPIDOS IGM ANTIC;NBU;43170,98
FTA-ABS EN LCR;NBU;35398,56
IGA EN LAS LAGRIMAS (AMBOS OJOS);NBU;84595,63
IGG EN LCR;NBU;70798,86
INMUNOFIJACION EN SUERO (PARAPROTEINAS);NBU;102263,64
ISOELECTROFOCALIZACION DE LAS   IGG EN LCR;NBU;550659,41
LATEX FII TITULADO;NBU;18091,97
LEGIONELLA IGG ANTICUERPOS;NBU;65300,14
LEPTOSPIRA ANTICUERPO;NBU;55065,66
LISTERIA IGG ANTICUERPO;NBU;26132,24
LISTERIA IGM ANTICUERPOS;NBU;26132,24
MPO MIELOPEROXIDASA ANTICUERPO;NBU;94397,53
PR3 PROTEINASA 3 ANTICUERPOS;NBU;94397,53
PROTEINA BASICA DE LA MIELINA;NBU;339071,47
SACCHAROMYCES IGG ANTICUERPOS;NBU;93556,76
TEST DE AVIDEX PARA TOXOPLASMOSI;NBU;62782
TOXO IGG POR INMUNOFLUORESCENCIA;NBU;37758,81
TOXO IGM POR INMUNOFLUORESCENCIA;NBU;67950,25
TOXOCARA CANIS IGG ANTICUERPOS;NBU;62577,09
TOXOCARA CANIS IGM ANTICUERPOS;NBU;89378,72
TOXOPLASMOSIS POR PCR;NBU;204528,29
TRICHINELLA SPIRALIS IGG ELISA;NBU;71514,1
V.D.R.L.EN LCR CUANTITATIVA;NBU;7865,89
ADENOVIRUS CARGA VIRAL EN ORINA;NBU;275329,7
ADENOVIRUS CARGA VIRAL EN PLASMA;NBU;275329,7
COXACKIE POOL IGG ANTICUERPO;NBU;55065,66
COXACKIE POOL IGM ANTICUERPO;NBU;62931,36
EPSTEIN BAAR CARGA VIRAL;NBU;275329,7
HANTAAN VIRUS IGG-IGM;NBU;141597,72
HEPATITIS B-PCR;NBU;157330,8
HERPES VIRUS 6 POR PCR;NBU;157330,8
HERPES ZOSTER-PCR;NBU;157330,8
HIV1 Y 2-INNO LIA HIV 1-2;NBU;235995,69
HTLV 1 PCR;NBU;157330,8
INFLUENZA A IGM ANTICUERPOS;NBU;35398,56
INFLUENZA B IGM ANTICUERPOS;NBU;35398,56
PARAINFLUENZA IGG ANTICUERPOS;NBU;27532,83
PARAINFLUENZA IGM ANTICUERPOS;NBU;35398,56
PCR PARA DENGUE;NBU;72750
VARICELA-PCR PARA VARICELA ZOSTER;NBU;157330,8
VIRUS BK CARGA VIRAL EN ORINA;NBU;275329,7
VIRUS BK CARGA VIRAL EN PLASMA;NBU;275329,7
VIRUS BK JC-PCR ORINA;NBU;157330,8
VIRUS BK JC-PCR SANGRE;NBU;157330,8
VIRUS JC-PCR EN LCR;NBU;157330,8
HEPATITIS C CARGA VIRAL RT;NBU;275329,7
HIV CARGA VIRAL RT;NBU;275329,7
CMV CITOMEGALOVIRUS IGG TEST DE AVIDEZ;NBU;74730,99
ARCO 5 EN SUERO;NBU;22890,39
CH 50 COMPLEM.ACTIV.TOTAL;NBU;23599,04
ANTI MAG;NBU;251729,28
DOSAJE DE SUBCLASES DE IGG 1-4;NBU;272850,93
ROTAVIRUS ANTIGENO;NBU;27532,83
C 1 Q;NBU;9493,76
ANTI RETICULINA;NBU;74715,39
PROTEINOGRAMA EN ORINA;NBU;27532,83
VIRUS DENGUE SEROTIPOS 1,2,3,Y4 IGG;NBU;31464,97
VIRUS DENGUE SEROTIPOS 1,2,3 Y 4IGM;NBU;31464,97
ANTITRANSGLUTAMINASA TISURAL IGA;NBU;35398,56
HEPATITIS E IGG;NBU;35783,61
PROTEINOGRAMA ELECTROFORETICO ENLCR;NBU;43532,28
C1Q INHIBIDOR;NBU;9493,76
INMUNOGLOBULINA D;NBU;18651,31
ANTICUERPOS ANTICOCLEAR;NBU;273417,33
ARBOVIRUS IGG ANTIC.;NBU;117831,09
ARBOVIRUS IGM ANTIC.;NBU;117831,09
WESTERN BLOT PARA HTLV I Y II;NBU;235995,69
STROUT PARA CHAGAS;NBU;23599,04
BETA 2 GLICOPROTEINA ANT IGG-IGM;NBU;98048,55
RUBEOLA IGG - TEST DE AVIDEZ;NBU;133729,83
CHAGAS SANGRE DE CORDON;NBU;7865,81
CIFILIS SANGRE DE CORDON;NBU;7865,81
ANTIMITOCONDRIAL M2 (AMA 2) ANTICUERPO;NBU;15731,63
CIFILIS ELISA;NBU;20976,43
CMV CARGA VIRAL;NBU;183545,39
CISTICERCOSIS ANTICUERPOS;NBU;78661,77
INFLUENZA A HUMANA PCR REALTIME;NBU;104883,3
INFLUENZA A H1 N1;NBU;131104,42
ICA 512 - IA2;NBU;78661,77
HIV CARGA VIRAL EN PLASMA SEMINAL;NBU;262208,85
HIV PCR EN ESPERMATOZOIDE;NBU;262208,85
ANTI HU (AMMA-1);NBU;176990,97
ANTICUERPOS ANTI MNO;NBU;996393,63
ANTI MEMBRANA BASAL GLOMERULAR;NBU;44067,1
AMA M2;NBU;50382,82
SP 100;NBU;50382,82
LKM 1;NBU;50382,82
GP 210;NBU;50382,82
LC 1;NBU;50382,82
SLA;NBU;50382,82
ANCA C;NBU;53981,59
ANCA P;NBU;53981,59
ANTI RNA POL I/III;NBU;35987,73
FLC (FREE LIGHT CHAIN);NBU;308641,95
RINOVIRUS POR PCR;NBU;100763
DOSAJE DE POSACONAZOL;NBU;113358,37
MYOSITYS PANEL;NBU;259100,52
VSR - VIRUS SINCICIAL RESPIRATORIO PCR;NBU;80968,5
INTELEUQUINA 6 (IL6);NBU;48817,23
FACTRO DE NECROSIS TUMORAL (TNF);NBU;48817,23
ANTI PLA 2 R;NBU;141848,74
CHIKUNGUNYA VIRUS;NBU;68899,28
ZIKA VIRUS;NBU;51674,46
HEPATITIS E IGM;NBU;59425,62
HEPATITIS E PCR;NBU;94736,51
PANEL DE ANTICUERPOS ONCONEURONALES;NBU;226337,43
TEST DE RESISTENCIA VIRAL PARA HEP C;NBU;548696,8
ANTICUERPOS ANTI NEUMOCOCO IGG;NBU;88031,1
FLAVIVIRUS PCR;NBU;134998,5
FLAVIVIRUS SEROLOGIA;NBU;134998,5
SARAMPION PCR;NBU;93451,4
RAS HCV;NBU;373805,6
PANEL DE ESCLERODERMIA;NBU;204069,45
INFLUENZA B VIRUS POR PCR;NBU;78414,24
SARS-COV-2 IGG;NBU;53162,2
PARAINFLUENZA 1-4 PCR;NBU;39868,2
PANEL MOLECULAR DE VIRUS RESPIRATORIO;NBU;148863,6
FLT3-TKD (MUTACION EN EL DOMINIO KINASA);NBU;146196,05
SARS-COV-2 IGM;NBU;39871,65
CORONA VIRUS - COVID 19 EN SALIVA;NBU;159486,6
HLA-CW POR PCR;OSMISS;397202,99
CD16/CD56 SUBPOBLACIONES LINFOCITARIAS NK;OSMISS;105810,91
CRIOAGLUTININAS;OSMISS;9485,38
HLA-DR POR PCR;OSMISS;196663,5
CROSS MATCH T Y B AUTOLOGO;OSMISS;314661,6
HLA-A,B POR ENFERMEDAD;OSMISS;154183,85
CROSS MATCH T Y B MATRIMONIAL;OSMISS;314661,6
HLA-DQ POR PCR;OSMISS;196663,5
HLA-B 27;OSMISS;157330,8
FACTOR II PROTROMBINA MUTACION  20210;OSMISS;157330,8
HLA-A,B,C POR PCR-SSP;OSMISS;361860,84
FIBROSIS QUISTICA PANEL 50 MUTACIONES;OSMISS;448394,09
BRCA 1/2 PANEL ASHKENAZI CASO INDICE;OSMISS;129740,13
BRCA 1/2 PANEL ASHKENAZI FAMILIAR;OSMISS;230094,39
ADENOPOLIPOSIS COLONICA FAMILIAR CASO INDICE;OSMISS;1107228,55
PROTOONCOGEN RET CASO INDICE;OSMISS;328690,03
HEMOCROMATOSIS HERED. CASO INDICE;OSMISS;129748,1
MEN I CASO INDICE;OSMISS;1266732,43
FACTOR V LEIDEN;OSMISS;157330,8
CROSS MATCH-CONTRA PANEL-;OSMISS;235990,41
MUTACION 4G 5G DEL PAI (POR PCR);OSMISS;94397,53
5-10 METILENTETRAHIDROFOLATOREDUCTASA;OSMISS;157330,8
GRUPO SANGUINEO;OSMISS;24543
RH;OSMISS;21239,13
INESTABILIDAD DE MICOSATELITES;OSMISS;157391,31
HLA-B*5701 HIPERSENSIBILIDAD AL ABACAVIR;OSMISS;183545,39
GRANDES DELECIONES DE BRCA1;OSMISS;147038,89
SEC. EXONES 4-9 GEN TP53 SIND. LI FRAUMENI;OSMISS;328702,24
GRANDES REARREGLOS EN MLH1-MSH2;OSMISS;204136,8
GRANDES REARREGLOS DE APC;OSMISS;204136,8
PMS2 SECUENCIA TOTAL X NGS;OSMISS;1327674,24
LYNCH, PANEL NGS MSH2-MLH1-MSH6-PMS2-CASO INDICE;OSMISS;1107215,93
GRANDES REARREGLOS DE BRCA2;OSMISS;147043,26
GRANDES REARREGLOS DE BRCA 1 Y 2;OSMISS;181631,91
C1Q DETECCION DE LUMINEX;OSMISS;585806,76
GRANDES REARREGLOS MSH6;OSMISS;204088,85
SECUENCIACION COMPLETA CDH1;OSMISS;328613,74
SECUENCIACION COMPLETA NGS DEL GEN PTEN CASO INDICE;OSMISS;328500,8
CDH1 GRANDES REARREGLOS;OSMISS;204096,1
HLA - DP;OSMISS;205761,3
PALB2 SECUENCIACION COMPLETA;OSMISS;328572,5
PANEL DE GENES EN CANCER HEREDITARIO;OSMISS;1106946,2
MUTACION FAMILIAR SECUENCIACION;OSMISS;112443
FIBROSIS QUISTICA SECUENCIACION COMPLETA;OSMISS;1619982
GRANDES REARREGLOS MYH;OSMISS;204096,1
PANEL DE 8 GENES;OSMISS;1107161,72
PANEL DE 5 GENES ESTUDIO ADICIONAL;OSMISS;257037,14
ESTUDIO ESPECIAL GENES COMPLEJOS SECUENCIACION SANGER;OSMISS;276640,32
SECUENCIACION COMPLETA EN TACO DE BIOPSIA;OSMISS;1375223,4
EXOMA CON FILTRADO PERSONALIZADO DE GENES;OSMISS;1185273,5
VHL SEC. EXONICA - SINDROME VON HIPPEL-LINDAU;OSMISS;250567,7
DETECCION DE VARIANTE GENETICA EN CULTIVO DE FIBROBLASTOS;OSMISS;541384,78
