CODIGO;DETERMINACIONES;Frecuencia
660001;ACTO BIOQUÍMICO;PMO
660002;ACETONURIA.;PMO
660004;ACIDIMETRIA GASTRICA , CURVA DE;PMO
660005;ÁCIDO BASE, Estado Ácido Base (EAB).;PMO
660006;ACTH - HORMONA ADRENOCORTICOTROFINA.;PMO
660007;ADDIS, RECUENTO DE;PMO
660009;ADRENALINA, plasmática (CATECOLAMINA plasmática);PMO
660010;ADRENALINA, urinaria  (CATECOLAMINA urinaria);PMO
660014;AGLUTININAS del SISTEMAS ABO.;PMO
660015;ALBUMINA - sérica;PMO
660016;ALCOHOL DEHIDROGENASA, ADH.;PMO
660017;ALCOHOL ETÍLICO - sangre (ALCOHOLEMIA);PMO
660018;ALDOLASA (Ald);PMO
660019;ALDOSTERONA.;PMO
660020;ALFA FETO PROTEINA (AFP);PMO
660022;AMILASA - sérica.;PMO
660023;AMILASA - urinaria.;PMO
660025;AMINOÁCIDOS FRACCIONADOS (Cromatografía - por fracción) -cualitativo;PMO
660027;AMINOACIDURIA FRACCIONADA (Cromatografía - por fracción) -cualitativo;PMO
660028;AMNIOTICO, LÍQUIDO CELULAS NARANJAS.;PMO
660029;AMNIOTICO, LÍQUIDO (Espectrofotometría - Test de Lisley);PMO
660030;AMNIOTICO, LÍQUIDO LECITINA - ESFINGOMIELINA.;PMO
660031;AMONEMIA.;PMO
660033;ANGIOTENSINA I;PMO
660035;ANTIBIOGRAMA (ATBG);PMO
660036;ANTIBIOGRAMA BACILO DE KOCH (7) siete antibióticos.;PMO
660040;ANTICUERPOS ANTIGLOMERULAR , (IFI);PMO
660041;ANTICUERPOS ANTIMEMBRANA BASAL, (IFI);PMO
660042;ANTICUERPO ANTIMUSCULO LISO (ASMA), (IFI);PMO
660046;ANTICUERPOS ANTITIROGLOBULINA (ATG);PMO
660049;ANTIDESIXIRRIBONUCLEASA - ADNEASA – Anti-DNA.;PMO
660051;"ANTIESTREPTOLISINAS ""O"" (ASO / ASTO / AELO), cuantitativa";PMO
660053;ANTIFÚNGICOS - PRUEBA DE SENSIBILIDAD;PMO
660055;ANTIMITOCONDRIALES , ANTICUERPOS (AMA);PMO
660056;ANTINUCLEARES ANTICUERPOS (FAN / ANA / AAN);PMO
660057;ANTITRIPSINA, Alfa 1 (?1 AT) - Líq. Pleural o Mat. Fecal o Sérica - C/U - (por I.D.-Cuantitativa);PMO
660058;ANTITROMBINA III - con calibración de tres (3) puntos.;PMO
660059;ARSENICO (As) - sérico o urinario.;PMO
660060;ASCORBICO, ÁCIDO - sérico ;PMO
660063;ANTICUERPOS Anti- HIV (ELISA);PMO
660101;BACILOSCOPIA DIRECTA - ZIEHL NEELSEN (por muestra);PMO
660102;BACILOSCOPIA, DIRECTA y CULTIVO (por muestra);PMO
660103;BACILOSCOPIA, (IFI - por muestra);PMO
660104;BACTERIOLOGIA, DIRECTA (Coloración de Gram);PMO
660105;BACTERIOLOGICO, DIRECTO-CULTIVO e IDENTIFICACIÓN del GÉRMEN;PMO
660107;BARBITÚRICOS - urinarios.;PMO
660108;BENCE- JONES, PROTEINAS de (HPLC / IMF);PMO
660109;BICARBONATO.;PMO
660110;BILIRRUBINEMIA TOTAL, DIRECTA E INDIRECTA.;PMO
660111;BILIRRUBINURIA.;PMO
660120;C3 - COMPLEMENTO ;PMO
660121;C4 - COMPLEMENTO;PMO
660130;CADENA LIVIANA KAPPA Y LAMBDA - sérico (IMF);PMO
660131;CADENA LIVIANA KAPPA Y LAMBDA - urinario (IMF);PMO
660132;CADMIO (Cd) - urinario.;PMO
660133;CALCEMIA TOTAL (Ca);PMO
660134;CALCIO IONICO.;PMO
660136;CALCIO - urinario.;PMO
660137;CALCITONINA - sérica.;PMO
660138;CALCULO - urinario.;PMO
660139;CARBONICO, ANDHIDRICO - (PCO2);PMO
660140;CARIOTIPO, MAPA CROMOSOMICO.;PMO
660141;CAROTENO BETA - sérico.;PMO
660144;CEA - ANTÍGENO CARCINOEMBRIOGENICO.;PMO
660148;CELULAS NEOPLASICAS - líquidos, exudados, trasudados.;PMO
660150;CEREBROSIDOS (Cromatográfico).;PMO
660151;CERULOPLASMINA.;PMO
660152;CETOGENOESTEROIDES - urinarios.;PMO
660154;CETONEMIA.;PMO
660164;CITOLOGIA EXFOLIATIVA - VAGINAL HORMONAL (por cada muestra);PMO
660167;CITRICO, ÁCIDO - líquido seminal (ESTUDIO DEL SEMEN);PMO
660168;CLORO (Cl) - sérico.;PMO
660169;COAGULACION, TIEMPO DE;PMO
660170;COAGULO, RETRACCION DEL;PMO
660171;COAGULOGRAMA;PMO
660172;COBRE (Cu) - sérico.;PMO
660173;COCAINA (Inmunocromatografía/Cromatográfico);PMO
660174;COLESTEROL TOTAL;PMO
660176;COLONIAS, RECUENTO DE.;PMO
660177;COMPATIBILIDAD - sangre materna.;PMO
660178;COMPATIBILIDAD MATRIMONIAL - sanguínea en cónyuges.;PMO
660179;COMPLEMENTO, ACTIVIDAD TOTAL.- COMPLEMENTO 50% LISIS (CH-50);PMO
660181;CONCENTRACIÓN DE LIQUIDOS BIOLÓGICOS.;PMO
660183;COOMBS DIRECTA MONOESPECÍFICA, PRUEBA DE (c/u);PMO
660184;COOMBS DIRECTA POLIESPECÍFICA, PRUEBA DE;PMO
660186;COOMBS INDIRECTA;PMO
660187;COPROCULTIVO.;PMO
660188;COPROPORFIRINAS o PORFIRINAS - materia fecal;PMO
660189;CORTISOL.;PMO
660190;CREATINQUINASA - CPK.;PMO
660191;CREATININA - en orina;PMO
660192;CREATININA - en sangre;PMO
660193;CREATININA, CLEARENCE DE DEPURACION.;PMO
660194;CRIOAGLUTININA.;PMO
660195;CRIOGLOBULINAS.;PMO
660241;CHAGAS (AD);PMO
660242;CHAGAS (HAI);PMO
660243;CHAGAS, Ac. Totales / IgG (IFI / ELISA / QL);PMO
660244;CHAGAS, PARASITEMIA.;PMO
660245;CHAGAS, SEROLOGÍA - CONFIRMATORIO;PMO
660262;DEHIDROEPIANDROSTERONA, SULFATO - DHEA-S.;PMO
660264;DESCARTABLE, MATERIAL COMPLEMENTARIO (DMC).;PMO
660268;DIGOXIN (DIGOXINA);PMO
660269;DISACARIDASAS.;PMO
660272;DOMICILIO EN RADIO URBANO - HASTA DOS (2) Kms.;PMO
660273;DOMICILIO A MAS DE DOS (2) Kms. - ADICIONAL por c/Km.;PMO
660293;EMBARAZO, REACCIÓN INMUNOLÓGICA PARA;PMO
660295;EOSINÓFILOS, RECUENTO de (en moco nasal);PMO
660297;ERITROSEDIMENTACION;PMO
660298;ESPERMOGRAMA BASICO (EIVE);PMO
660299;ESTRICNINA - líquidos biológicos.;PMO
660300;ESTRADIOL (E2) - sérico;PMO
660301;ESTRIOL - urinario.;PMO
660302;ESTRIOL - sérico.;PMO
660305;ESTRONA - sérica.;PMO
660307;ETANOL, ALCOHOL ETÍLICO - urinario. (ALCOLURIA);PMO
660308;EUGLOBULINAS, TEST DE;PMO
660309;EXUDADO NASOFARINGEO, CULTIVO.;PMO
660331;FACTOR DE COAGULACION V.;PMO
660332;FACTOR DE COAGULACION VII.;PMO
660333;FACTOR DE COAGULACION VIII.;PMO
660334;FACTOR DE COAGULACION IX.;PMO
660335;FACTOR DE COAGULACION X.;PMO
660336;FACTOR DE MIGRACION LINFOCITARIA - MIF.;PMO
660337;FENILALANINA CONFIRMATORIO (HPLC);PMO
660338;FENILALANINA, NEONATAL (PKU);PMO
660340;FENILPIRUVICO, ÁCIDO - urinario (cualitativo);PMO
660342;FENOTIAZINAS.;PMO
660343;FERREMIA (Fe);PMO
660344;FIBRINOGENO, PRODUCTOS DE DEGRADACION - PDF - plasmático.;PMO
660345;FIBRINOGENO - sangre.;PMO
660349;FISICO QUIMICO - Examen de Exudados, Trasudados.;PMO
660350;FLUOREMIA (F);PMO
660351;FLUORURIA.;PMO
660352;FOLICO, ÁCIDO.;PMO
660353;FONDO OSCURO.;PMO
660354;FORMULA LEUCOCITARIA.;PMO
660355;FOSFATASA ACIDA PROSTATICA (EFM).;PMO
660356;FOSFATASA ACIDA TOTAL (EFM).;PMO
660357;FOSFATASA ALCALINA (FAL);PMO
660360;FOSFATASA ALCALINA TERMOESTABLE.;PMO
660361;FOSFATASA ALCALINA - ISOENZIMAS.;PMO
660362;FOSFATEMIA (P);PMO
660363;FOSFATURIA (P);PMO
660366;FOSFORO CLEARENCE DEPURACION.;PMO
660370;FSH - HORMONA FOLÍCULO ESTIMULANTE.;PMO
660371;FTA/ ABS (IFI - ELISA) SIFILIS y TPHA.;PMO
660373;FUNCIONAL, EXAMEN DE MATERIA FECAL - básico;PMO
660402;GALACTOSEMIA.;PMO
660404;GASES EN SANGRE, PCO2 y PO2.;PMO
660405;GASTRINA, sérica.;PMO
660408;GLOBULOS BLANCOS, RECUENTO y FORMULA - materia fecal.;PMO
660409;GLOBULOS BLANCOS, RECUENTO DE;PMO
660410;GLOBULOS ROJOS, RECUENTO DE;PMO
660411;GLUCAGON.;PMO
660412;GLUCEMIA (C/U);PMO
660413;GLUCEMIA, PRUEBA de SOBRECARGA (x 2 - dos determinaciones);PMO
660416;GLUCOPROTEINOGRAMA.;PMO
660417;GLUCOSA en orina (C/U);PMO
660418;GLUCOSA 6-FOSFATO ISOMERASA;PMO
660420;GLUTAMIL TRANSPEPTIDASA. Gamma-;PMO
660430;GRAHAM, TEST DE;PMO
660432;GRASAS, CUANTITATIVO (Van de Kamer) - materia fecal;PMO
660433;GRUPO SANGUÍNEO y FACTOR Rho - Du / Dµ;PMO
660463;HAPTOGLOBINA.;PMO
660464;HEINZ, CUERPOS DE (tinción);PMO
660465;HEMATIES, RESISTENCIA GLOBULAR OSMOTICA (CURVA DE FRAGILIDAD OSMOTICA DE ERITROCITOS);PMO
660466;HEMATOCRITO.;PMO
660468;HEMOCULTIVO AEROBIOS (c/u);PMO
660470;HEMOGLOBINA, DOSAJE DE (Hb);PMO
660471;HEMOGLOBINA, ELECTROFORESIS.;PMO
660472;HEMOGLOBINA - plasmática;PMO
660475;HEMOGRAMA.;PMO
660479;HEMOSIDERINA - urinaria;PMO
660480;HEPARINA, RESISTENCIA A LA (In Vitro);PMO
660481;HEPATOGRAMA.;PMO
660483;HIDATIDOSIS (HAI);PMO
660484;HIDATIDOSIS, Ac. IgG ó Totales Anti- (IFI);PMO
660487;HIDROXINDOLACETICO, ÁCIDO.;PMO
660488;HIDROXIPROLINA - urinaria.;PMO
660489;HIPERHEPARINEMIA.;PMO
660494;HUDDLESSON, REACCION DE (Rosa de Bengala - Brucelosis).;PMO
660531;MYCOBACTERIUM, IDENTIFICACION.;PMO
660532;IDENTIFICACION SEROLÓGICA DE GERMENES.;PMO
660535;INMUNOELECTROFORESIS.;PMO
660536;INMUNOELECTROFORESIS LIQUIDOS BIOLOGICOS.;PMO
660537;INMUNOGLOBULINA A (IgA);PMO
660538;INMUNOGLOBULINA D (IgD);PMO
660539;INMUNOGLOBULINA E (IgE);PMO
660540;INMUNOGLOBULINA G (IgG);PMO
660541;INMUNOGLOBULINA M (IgM);PMO
660543;INSULINA.;PMO
660546;IONOGRAMA - sérico.;PMO
660547;IONOGRAMA - urinario.;PMO
660548;ISOCITRICO DEHIDROGENASA.;PMO
660591;LACTAMINICO, ÁCIDO.;PMO
660592;LÁCTICO, ÁCIDO ENZIMATICO.;PMO
660593;LÁCTICO, ÁCIDO - materia fecal.;PMO
660594;LÁCTICO DEHIDROGENASA - LDH;PMO
660596;LÁCTICO DEHIDROGENASA ISOENZIMAS - LDH Isoenzimas.;PMO
660597;LACTOGENO PLACENTARIO / SOMATOMAMOTROFINA;PMO
660598;FACTOR REUMATOIDEO - ARTRITIS REUMATOIDE;PMO
660600;LEPTOSPIRAS, INVESTIGACIÓN DE (fondo oscuro o coloraciones) - urinaria;PMO
660602;TRICHINOSIS, INVESTIGACIÓN DE;PMO
660603;LAZO, PRUEBA DEL;PMO
660606;LEUCINAMINOPEPTIDASA (LAP);PMO
660610;LEVULINICO, ÁCIDO DELTA-AMINO;PMO
660611;LEVULINICO, DELTA DEHIDRATASA;PMO
660612;LH - HORMONA LUTEINIZANTE;PMO
660613;LIPASA, sérica.;PMO
660615;LIPIDOGRAMA (Electroforético).;PMO
660619;LIQUIDO CEFALORRAQUIDEO, Fco-Qco - Citológico.;PMO
660620;LIQUIDO DE PUNCION, Examen Fco-Qco - Citológico.;PMO
660622;LISTERIAS, Ac. Anti - (IFI - ELISA);PMO
660623;LITIO (Li) (ISE - Ión selectivo - Fotometría de llama o fotometría de emisión);PMO
660624;LITIO (Li) (por Absorción Atómica - A.A.);PMO
660653;MAGNESIO (Mg) - sérico.;PMO
660654;MAGNESIO (Mg) - urinario.;PMO
660656;MANTOUX, INTRADERMO-REACCION DE (PPD);PMO
660657;MEDULOGRAMA.;PMO
660660;MERCURIO (Hg) - sérico o urinario.;PMO
660662;METANEFRINAS FRACCIONADAS URINARIAS;PMO
660663;METANOL - urinario.;PMO
660664;MICOLOGIA (Directo - Coloración).;PMO
660665;MICOLOGIA (Cultivo e Identificación).;PMO
660667;MOCO CERVICAL, CRISTALIZACION;PMO
660668;MOCO NASAL, PH - CITOLOGICO.;PMO
660669;MONONUCLEOSIS (Aglutinación - Test de Látex o Monotest).;PMO
660670;MONONUCLEOSIS HEMOAGLUTINACION (Paul Bunnell);PMO
660671;MONONUCLEOSIS.;PMO
660672;MONÓXIDO de CARBONO.;PMO
660673;MORFINA OPIACEOS, DERIVADOS - líquidos biológicos.;PMO
660684;MULTIRRESISTENCIA, VIGILANCIA DE BACTERIAS RESISTENTES;PMO
660695;NORADRENALINA, sérica - CATECOLAMINA ;PMO
660696;NORADRENALINA, urinaria  - CATECOLAMINA;PMO
660702;NUCLEOTIDASA - 5' N;PMO
660711;ORINA COMPLETA.;PMO
660714;OSMOLARIDAD - CLEARENCE (sangre - orina);PMO
660715;OSMOLARIDAD - suero.;PMO
660716;OXIGENO, PO2 - sangre arterial.;PMO
660732;PAPANICOLAOU ENDOCERVICAL;PMO
660734;PAPANICOLAOU EXOCERVICAL;PMO
660736;PARASITOLOGICO en MATERIA FECAL.;PMO
660737;PARASITOS HEMATICOS.;PMO
660738;PARASITOS SUPERIORES.;PMO
660739;PARATHORMONA - PTH;PMO
660740;PEROXIDASAS, TINCION;PMO
660741;PH - líquidos biológicos.;PMO
660742;PH - sanguíneo;PMO
660743;PIRUVATO- QUINASA;PMO
660744;PIRUVICO, ÁCIDO ENZIMATICO;PMO
660745;PLAQUETARIOS, FACTORES;PMO
660746;PLAQUETAS, RECUENTO DE;PMO
660747;PLASMA RECALCIFICADO, TIEMPO DE;PMO
660748;PLASMINOGENO (IDR);PMO
660749;PLOMO (Pb) - sérico o urinario.;PMO
660751;PORFIRINAS o UROPORFIRINAS - urinarias;PMO
660752;PORFOBILINOGENO (cualitativo) - urinario.;PMO
660753;POTASEMIA.;PMO
660754;POTASURIA.;PMO
660758;PROGESTERONA - Pg.;PMO
660759;PROLACTINA (Prl);PMO
660761;PROTEINA C REACTIVA - PCR;PMO
660763;PROTEINA TOTALES.;PMO
660764;PROTEINOGRAMA ELECTROFORÉTICO, en suero;PMO
660765;PROTEINOGRAMA ELECTROFORÉTICO - LCR;PMO
660766;PROTEINOGRAMA - líquidos biológicos;PMO
660767;PROTEINURIA.;PMO
660768;PROTOPORFIRINAS - eritrocitaria;PMO
660769;PROTROMBINA, CONSUMO DE;PMO
660770;PROTROMBINA, RIN;PMO
660771;PROTROMBINA, TIEMPO DE (TP);PMO
660772;PSEUDOCOLINESTERASA (CHE) o BUTIRILCOLINESTERASA.;PMO
660801;QUIMIOTRIPSINA.;PMO
660812;RENINA - ANGIOTESINA.;PMO
660813;Rho FACTOR - GRUPO SANGUINEO.;PMO
660814;Rho FACTOR C GRANDE;PMO
660815;Rho FACTOR c CHICA;PMO
660816;Rho FACTOR E GRANDE;PMO
660817;Rho FACTOR e CHICA;PMO
660818;RETICULOCITOS, RECUENTO DE;PMO
660820;ROSSE RAGAN, PRUEBA DE (RR);PMO
660831;SALICILATOS.;PMO
660832;SALMONELLA, ANTICUERPOS (IFI - ELISA);PMO
660833;SANGRE OCULTA - materia fecal (SOMF) - inmunológico;PMO
660835;SEROTONINA - sérica.;PMO
660837;SIDEROFILINA, CAPACIDAD de SATURACIÓN.;PMO
660838;SIMS - HUHNER, TEST DE;PMO
660839;SODIO - sérico o urinario.;PMO
660841;SOMATOTROFINA (STH);PMO
660846;SUBTIPO HEMOGLOBINA A2, DETERMINACION DE (electroforesis);PMO
660847;SUDOR, TEST DE;PMO
660862;TALIO (Tl) - urinario.;PMO
660863;TESTOSTERONA - To;PMO
660864;THORN, PRUEBA DE;PMO
660865;TIROTROFINA - TSH;PMO
660866;TIROXINA TOTAL - T4;PMO
660867;TIROXINA EFECTIVA - LIBRE (FT4 / T4L);PMO
660870;TOXOPLASMOSIS (HA);PMO
660871;TOXOPLASMOSIS (IFI);PMO
660873;TRANSAMINASA, GLUTAMICO OXALACETICA (GOT / AST);PMO
660874;TRANSAMINASA, GLUTAMICO PIRUVICA (GPT / AGT);PMO
660875;TRANSFERRINA;PMO
660876;TRIGLICERIDOS (Tg);PMO
660878;TRIIODOTIRONINA TOTAL - T3;PMO
660879;TROMBINA, PRUEBA DE GENERACIÓN DE LA;PMO
660880;TROMBINA, TIEMPO DE;PMO
660887;TROMBOPLASTINA, TIEMPO DE (KPTT / TTPC / KT);PMO
660901;UREA, CLEARENCE DE;PMO
660902;UREA, sérica.;PMO
660903;URETRAL, EXUDADO (Directo y Cultivo).;PMO
660904;ÚRICO, ÁCIDO - sérico.;PMO
660905;ÚRICO, ÁCIDO - urinario.;PMO
660907;UROCITOGRAMA;PMO
660911;UROCULTIVO (MODULO);PMO
660923;UROPROTEINOGRAMA;PMO
660931;VAGINAL, EXUDADO o FLUJO (Directo y Cultivo).;PMO
660932;VAINILLIN MANDELICO, ÁCIDO - urinario (AVM) (HPLC);PMO
660933;V D R L / USR;PMO
660935;VARIANTE BACTERIANA.;PMO
660936;VERONAL, PRUEBA DEL;PMO
660937;VITAMINA A.;PMO
660938;VITAMINA B12.;PMO
660939;VITAMINA E.;PMO
660940;VOLEMIA RADIOQUÍMICO.;PMO
660953;WIDAL, REACCION DE;PMO
660981;ZINC ERITROCITARIO - PROTOPORFIRINA.;PMO
660982;ZINC (Zn) - sérico.;PMO
661000;ANTIGENO PROSTATICO ESPECÍFICO TOTAL - PSA-t;PMO
661001;ACTO BIOQUÍMICO DE INTERNACION - (ABI);PMO
661011;CD4 - SUB POBLACIÓN LINFOCITARIA por Citom. de flujo;PMO
661015;CD8 - SUB POBLACIÓN LINFOCITARIA por Citom. de flujo;PMO
661020;CHLAMYDIAS PNEUMONIAE, Ac. Anti- IgG;PMO
661025;CITOMEGALOVIRUS, Ac. IgG Anti- (CMV-IgG);PMO
661030;CITOMEGALOVIRUS, Ac. IgM Anti- (CMV-IgM);PMO
661035;COLESTEROL HDL (HDL-C);PMO
661040;COLESTEROL LDL (LDL-C);PMO
661045;CREATINFOSFOQUINASA, ISOENZIMA MB (CKMB / CPKMB);PMO
661050;DROGAS de ABUSO SCREENING (c/u);PMO
661055;EPSTEIN BARR, Ac. IgG/Totales Anti- (VEB / VCA IgG);PMO
661060;EPSTEIN BARR, Ac. IgM Anti- (VEB / VCA IgM);PMO
661065;FRUCTOSAMINA.;PMO
661070;HEMOGLOBINA GLICOSILADA (Hb A1C);PMO
661075;HEPATITIS A, Ac. IgM Anti- (HAV IgM);PMO
661080;"HEPATITIS B, Ac. Anti- ""Core"" IgG (HBc -IgG )";PMO
661085;HEPATITIS B, Antígeno e (Ag.HBe);PMO
661086;HEPATITIS B, Antígeno de Superficie (Ag.HBs );PMO
661090;HEPATITIS B, Ac. de Superficie Anti- (HBsAc);PMO
661095;HEPATITIS C, Ac. IgG Anti- (HCV Ac IgG);PMO
661100;HIDATIDOSIS, Ac. IgG ó Totales Anti- (IFI);PMO
661105;HIV, CARGA VIRAL.;PMO
661110;HIV, WESTERN- BLOT;PMO
661115;MARCADOR TUMORAL de OVARIO (CA 125);PMO
661120;MARCADOR TUMORAL de MAMA (CA 15. 3);PMO
661125;MARCADOR TUMORAL de COLON (CA 19. 9);PMO
661130;MICROALBUMINURIA / ALBUMINA URINARIA;PMO
661135;MONITOREO de FARMACOS para ENF. CRONICAS I (Anticonvulsivantes I);PMO
661136;MONITOREO de FARMACOS para ENF. CRONICAS II (Anticonvulsivantes II);PMO
661137;MONITOREO de FARMACOS para ENF. CRONICAS III (Anticonvulsivantes III);PMO
661140;MYCOPLASMA PNEUMONIAE Ac Anti-IgG;PMO
661142;PREPARACIÓN DE SANGRE A TRANSFUNDIR (MÓDULO TRANSFUSIONAL);PMO
661145;RUBEOLA, Ac. IgG Anti-;PMO
661150;RUBEOLA, Ac. IgM Anti-;PMO
661160;TORCH (Toxoplasmosis , Rubeola, Citomegalovirus y Herpes 1 y 2 );PMO
661170;SUBUNIDAD BETA de GONADOTROFINA CORIONICA (cualitativa) - HCG o ?-HCG - Sub ?;PMO
661175;SUBUNIDAD BETA de GONADOTROFINA CORIONICA (cuantitativa) -  HCG o ?-HCG - Sub ?;PMO
661180;"TEST RAPIDO en FAUCES para STREPTOCOCCUS ?-HEMOLÍTICO Grupo ""A""";PMO
661185;TESTOSTERONA BIODISPONIBLE;PMO
661196;SCREENING NEONATAL x 6 (TSH, FENIL ALANINA y TIR -BIOTINIDASA, GALACTOSEMIA y 17-HO-PROGESTERONA - Neonatales);PMO
661200;URGENCIAS.-;PMO
662001;ABC - ACTO BIOQUÍMICO COMPLEMENTARIO;PE
662008;ACANTHAMOEBA SPP.;PE
662009;ACANTHAMOEBA - PCR;PE
662011;ÁCAROS y ARTRÓPODOS, Investigación de vectores;PE
662017;ACETILCOLINA;PE
662025;ACETILCOLINA, Ac. Anti- RECEPTORES (ACRA);PE
662034;ACETILCOLINESTERASA ERITROCITARIA (ACHE);PE
662051;ACETONA CUANTITATIVA - sérica;PE
662059;ACETONA CUANTITATIVA - urinaria;PE
662068;ÁCIDO 3 METIL-INDOL;PE
662085;ÁCIDO 5 HIDROX-INDOL ACÉTICO (HPLC);PE
662093;ÁCIDO ACETOACÉTICO;PE
662102;ÁCIDO ALFA CETÓNICO;PE
662111;ÁCIDO BETA HIDROXIBUTÍRICO;PE
662119;ÁCIDO CÍTRICO - plasmático;PE
662120;ÁCIDO CÍTRICO - urinario;PE
662128;ÁCIDO FENIL ACÉTICO (AFA);PE
662136;ÁCIDO FENIL GLIOXÍLICO;PE
662153;ÁCIDO FOLICO - intraeritrocitario.;PE
662162;ÁCIDO FÓRMICO;PE
662170;ÁCIDO FOSFATÍDICO, Ac. IgG Anti-;PE
662179;ÁCIDO FOSFATÍDICO, Ac. IgM Anti-;PE
662181;ÁCIDO FUROICO;PE
662182;ÁCIDO GAMMA-AMINOBUTÍRICO (GABA);PE
662183;ÁCIDO GLUTÁMICO;PE
662184;ÁCIDO GUANIDINACÉTICO.;PE
662187;ÁCIDO HIPÚRICO - urinario;PE
662205;ÁCIDO HOMOVANÍLICO - HVA;PE
662222;ÁCIDO INDOLACETICO, 5 HIDROXI -3-METIL;PE
662236;ÁCIDO LÁCTICO - LCR;PE
662239;ÁCIDO LÁCTICO - urinario;PE
662247;ÁCIDO LISÉRGICO (LSD);PE
662252;ÁCIDO MÁLICO;PE
662256;ÁCIDO MANDÉLICO;PE
662264;ÁCIDO METIL HIPÚRICO;PE
662273;ÁCIDO METIL MALÓNICO;PE
662277;ÁCIDO MUCÓNICO;PE
662281;ÁCIDO ORÓTICO;PE
662296;ÁCIDO OXALICO - sérico;PE
662299;ÁCIDO OXALICO - urinario (2/ 12 / 24 hs. - c/u);PE
662307;ÁCIDO PERCLÓRICO;PE
662316;ÁCIDO PIRUVICO - sérico;PE
662328;ÁCIDO SALICÍLICO - sérico;PE
662330;ÁCIDO SALICÍLICO - urinario;PE
662341;ÁCIDO SIALICO;PE
662346;ÁCIDO SUCCÍNICO;PE
662350;ÁCIDO TIOGLICÓLICO;PE
662358;ÁCIDO TRICLOROACÉTICO;PE
662367;ÁCIDOS BILIARES - séricos.;PE
662375;ÁCIDOS GRASOS DE CADENA MUY LARGA;PE
662379;ÁCIDOS GRASOS NO ESTERIFICADOS (NEFA);PE
662393;ÁCIDOS ORGÁNICOS - urinarios;PE
662401;ACIL CARNITINAS - plasmáticos;PE
662405;ACTINA AC (AAC) - IFI;PE
662410;ACUAPORINA 4 - Neuromielitis Optica–Ac. IgG (NMO-Ac. IgG);PE
662417;ADENOSIN DEAMINASA - LCR;PE
662418;ADENOSIN DEAMINASA - líquido pleural;PE
662427;ADENOVIRUS, Ac. IgG o Totales, Anti-;PE
662435;ADENOVIRUS, Ac. IgM, Anti-;PE
662444;ADENOVIRUS, Ag.;PE
662446;ADENOVIRUS - PCR;PE
662448;ADENOVIRUS - Carga viral ;PE
662452;ADRENAL, Ac. Totales Anti-;PE
662461;ALDOSTERONA - urinaria;PE
662469;ALDRIN;PE
662495;Alfa 1 ANTITRIPSINA, CLEARENCE de (?1 AT - Clearence) - M.F. / sérica.;PE
662508;Alfa 1 GLUCOPROTEINA ACIDA (OROSOMUCOIDE);PE
662521;Alfa 2 ANTIPLASMINA;PE
662538;Alfa-BHC (?-HCH) - alfa-HEXACLORURO de BENCENO -  alfa-HEXACLORAN - alfa-LINDANO - ?-1,2,3,4,5,6-HEXACLOROCICLOHEXANO.;PE
662547;Alfa GALACTOSIDASA (Fabry);PE
662555;Alfa GLUCOSIDASA NEUTRA - semen;PE
662559;Alfa L IDURONIDASA;PE
662561;Alfa MANOSIDASA;PE
662563;Alfa NITROSO BETA NAFTOL, PRUEBA de;PE
662572;ALPRAZOLAM;PE
662587;ALUMINIO - pelo;PE
662589;ALUMINIO - sérico;PE
662591;ALUMINIO - urinario;PE
662598;AMETRYN;PE
662606;AMIKACINA;PE
662620;AMINOÁCIDOS - LCR (Cromatografía cuantitativa);PE
662623;AMINOÁCIDOS - sérico (Cromatografía cuantitativa);PE
662624;AMINOÁCIDOS - sangre seca en papel de filtro - SSPF (cuantitativo);PE
662627;AMINOÁCIDOS - urinarios (Cromatografía cuantitativa);PE
662630;AMINOÁCIDOS - urinarios (Cualitativo);PE
662649;AMONIO - urinario;PE
662657;ANAEROBIOS (Cultivo).;PE
662666;ANDROSTENEDIOL GLUCURÓNIDO (ALFA DIOL GLUCURONIDO);PE
662675;ANDROSTENEDIONA, Delta 4- (?4);PE
662688;ANFETAMINAS / METANFETAMINAS, confirmatorio;PE
662700;ANGELMAN, SÍNDROME de;PE
662704;ANION GAP;PE
662706;ANTIBIOGRAMA - AUTOMATIZADO ;PE
662709;ANTICOAGULANTE LÚPICO;PE
662712;ANTIDIURÉTICA, HORMONA (HAD) -VASOPRESINA;PE
662713;ANTIDIURÉTICA, HORMONA - urinaria (HAD u) - VASOPRESINA urinaria;PE
662717;ANTIGENOS BACTERIANOS, screening (Haemof..infl, Neis. mening., Strept. Pneum.) ;PE
662730;ANTÍGENO PROSTÁTICO ESPECÍFICO, COMPLEJADO (PSA c);PE
662734;ANTÍGENO PROSTÁTICO ESPECÍFICO, Libre+Total (PSA-L+T);PE
662739;ANTIGENOS - PANEL GINECOLÓGICO - PCR (Chamydia trachomatis / Mycoplasma  hominis / Mycoplasma genitalium / Ureaplasma urealyticum / Neisseria gonorrhoeae);PE
662743;ANTIGENOS VIRALES - PANEL de DIARREICOS - PCR ;PE
662745;ANTIGENOS VIRALES - PANEL de RESPIRATORIOS - BÁSICO;PE
662749;ANTIGENOS VIRALES - PANEL de RESPIRATORIOS  - PCR BÁSICO;PE
662751;ANTIGENOS VIRALES - PANEL de RESPIRATORIOS  - PCR EXTENDIDO ;PE
662769;ANTIMICOGRAMA LEVADURAS, Screening;PE
662780;ANTIMONIO - sérico;PE
662782;ANTIMONIO - urinario;PE
662790;ANTIMULLERIANA, HORMONA (HAM);PE
662803;ANTITROMBINA III FUNCIONAL;PE
662810;APOLIPOPROTEINA A (ApoA);PE
662811;APOLIPOPROTEINA B (ApoB);PE
662815;APOLIPOPROTEINA E, GENOTIPO (Apo E);PE
662820;ARILSULTASA A - en leucocitos;PE
662822;ARILSULTASA A - sérica;PE
662834;ARSÉNICO - pelo;PE
662837;ARSÉNICO - uña;PE
662846;ASPERGILLIUS, Ac. Anti-;PE
662850;ATRAZINA;PE
662852;AUTOHEMÓLISIS, PRUEBA DE;PE
662854;BACILUS ANTHRACIS, Cultivo y Tipificación;PE
662858;BACTERIAS RESISTENTES A CARBAPENEMES - PCR o similar;PE
662863;BANDAS OLIGOCLONALES, en L.C.R. / Suero;PE
662888;BARBITURATOS, Confirmatorio.;PE
662896;BARIO - sérico.;PE
662897;BARIO - urinario;PE
662912;BARTONELLA HENSELAE, Ac. IgG Anti-;PE
662914;BARTONELLA HENSELAE, Ac. IgM Anti-;PE
662931;BENCENO-ETILBENCENO-TOLUENO-XILENO (BETX);PE
662945;BENZODIAZEPINAS, Confirmatorio.;PE
662963;BERILIO - sérico;PE
662965;BERILIO - urinario;PE
662980;Beta 2 GLICOPROTEÍNA, Ac. IgA Anti-;PE
662982;Beta 2 GLICOPROTEÍNA, Ac. IgG Anti-;PE
662984;Beta 2 GLICOPROTEÍNA, Ac. IgM Anti-;PE
663016;Beta-BHC (?-HCH) - beta-HEXACLORURO de BENCENO -  beta-HEXACLORAN - beta-LINDANO - beta-1,2,3,4,5,6-HEXACLOROCICLOHEXANO.;PE
663025;Beta CROSS LAPS - CTX-C - TELOPÉPTIDO DE COLÁGENO TIPO I;PE
663034;Beta GALACTOSIDASA;PE
663042;Beta GLUCOCEREBROSIDASA ;PE
663051;Beta LACTAMASA;PE
663056;Beta Libre hCG;PE
663062;Beta MANOSIDASA;PE
663065;BICARBONATO, en orina;PE
663067;BIOTINA ;PE
663068;BIOTINIDAZA, CONFIRMATORIO.;PE
663076;BLADER TEST ANTÍGENO - NMP22 (B.T.A.);PE
663085;BLASTOMYCES DERMATITIDIS, Ac (Fase Lev);PE
663093;BNP (FACTOR NATRIURÉTICO);PE
663102;BORDETELLA PERTUSIS, Ac. IgG Anti-;PE
663110;BORDETELLA PERTUSIS, Ac. IgM Anti-;PE
663119;BORDETELLA PERTUSIS, Ag.;PE
663120;BORDETELLA PERTUSIS -  PCR;PE
663128;BORRELLIA BUGDORFERI, Ac. IgG Anti-;PE
663136;BORRELLIA BUGDORFERI, Ac. IgM Anti-;PE
663141;BRCA 1 BRCA 2, GRANDES DELECCIONES Y DUPLICACIONES (MLPA);PE
663143;BRCA 1 BRCA 2, SECUENCIACIÓN COMPLETA ;PE
663145;BRCA 1-2, PANEL ASHKENAZI;PE
663147;BRCA 1-2, PANEL ASHKENAZI - SEFARADI;PE
663153;BROMURO - sérico;PE
663158;BRUCELLAS, TEST DE WRIGHT;PE
663159;BRUCELLAS, TEST DE WRIGHT, con 2-Mercaptoetanol (W-2ME);PE
663162;BRUCELOSIS (IFI);PE
663170;BRUCELOSIS (Fijación de Complemento);PE
663179;BRUCELOSIS, Ac. IgG ó Totales Anti-;PE
663187;BRUCELOSIS, Ac. IgM Anti-;PE
663190;BRUCELOSIS, Ac. Incompletos Anti-;PE
663230;C1 INHIBIDOR (C1 INHIBIDOR INMUNOLÓGICO);PE
663239;CA 21-1 (MARCADOR TUMORAL de PULMÓN) - CYFRA 21-1;PE
663247;CA 72-4 (MARCADOR TUMORAL GÁSTRICO);PE
663254;CADENA LIVIANA KAPPA LIBRE  - sérica (Nefelometría);PE
663257;CADENA LIVIANA LAMBDA, LIBRE - urinario (Nefelometría);PE
663259;CADENAS PESADAS EN SANGRE Y ORINA C/U;PE
663262;CADMIO (Cd) - pelo;PE
663264;CADMIO (Cd) - sanguíneo;PE
663273;CALCIDIOIDEMICOSIS - Inmunodif.;PE
663290;CALCIO (Ca) - pelo;PE
663292;CALCIO (Ca) - saliva;PE
663307;CÁLCULO - biliar, salival, urinario - Estudio Cristalográfico (C/U);PE
663310;CALPROTECTINA (CPMF);PE
663316;CAMPYLOBACTER SPP, Cultivo;PE
663318;CAMPYLOBACTER SPP, Directo (ELISA);PE
663320;CAMPYLOBACTER SPP, Directo (Microscopía);PE
663324;CANDIDA ALBICANS, Ac. Totales;PE
663333;CANDIDA, ELECTROFORESIS DE CAMP;PE
663350;CANNABINOIDES, CONFIRMATORIO (MARIHUANA - CONFIRMATORIO - GC-MS);PE
663375;CARBOXIHEMOGLOBINA;PE
663384;CARDIOLIPINAS, Ac. IgA Anti-;PE
663392;CARDIOLIPINAS, Ac. IgG Anti-;PE
663401;CARDIOLIPINAS, Ac. IgM Anti-;PE
663427;CARIOTIPO con BANDEO - Alta Resolución (Alta Sensibilidad);PE
663430;CARIOTIPO, con BANDEO;PE
663435;CARIOTIPO - líquido anmiótico;PE
663440;CARIOTIPO - material de aborto;PE
663443;CARIOTIPO - médula ósea (Citogenético de MO);PE
663446;CARIOTIPO - vellosidades coriónicas;PE
663461;CARNITINA, Libre y Total - suero;PE
663463;CARNITINA, Libre y Total - urinario;PE
663478;CATECOLAMINAS - LCR;PE
663495;CD34 POSITIVAS - Citometría de Flujo;PE
663504;CD10/CD19 - Citom. de Flujo;PE
663512;CD3/CD16+56, CÉLULAS NATURAL KILLER (NK) - Citom. de Flujo;PE
663521;CD25 RECEPTOR SOLUBLE DE INTERLUKINA 2 - Citom. de Flujo;PE
663529;CD69/CD56;PE
663538;CD, SUBPOBLACION LINFOCITARIA - Citometría de Flujo (C/U);PE
663543;CELULARIDAD en lágrimas;PE
663546;CELULAS LE;PE
663563;CENTROMERO, Ac. Anti-;PE
663571;CHAGAS, Ac. IgM Anti- (ELISA);PE
663572;CHAGAS, Ac. IgM Anti- (IFI);PE
663576;CHAGAS, (PCR);PE
663582;CHIKUNGUNYA , virus (PCR);PE
663585;CHITOTRIOSIDASA - sanguínea.;PE
663586;CHITOTRIOSIDASA - sanguínea/soporte-papel (Fluorométrico);PE
663589;CHLAMYDIA PNEUMONIAE, Ac. IgM Anti-;PE
663591;CHLAMYDIA PNEUMONIAE - PCR;PE
663598;CHLAMYDIA PSITACCI, Ac. IgG Anti-;PE
663606;CHLAMYDIA PSITACCI, Ac. IgM Anti-;PE
663609;CHLAMYDIA PSITACCI - PCR;PE
663623;CHLAMYDIA TRACHOMATIS, Ac. IgG Anti-;PE
663632;CHLAMYDIA TRACHOMATIS, Ac. IgM Anti-;PE
663640;CHLAMYDIA TRACHOMATIS, Ag.;PE
663649;CHLAMYDIA TRACHOMATIS, Ag. PCR;PE
663650;CHLAMYDIA TRACHOMATIS, cultivo celular;PE
663651;CHLAMYDIA TRACHOMATIS - LCR;PE
663657;CHOLERAE VIBRIO, CULTIVO;PE
663666;CIANUROS;PE
663674;CICLOSPORINA A - sérica;PE
663683;CISTINA;PE
663717;CITOMEGALOVIRUS, ANTIGENEMIA (CMV - PP65);PE
663720;CITOMEGALOVIRUS, detección cuantitativa - PCR;PE
663722;CITOMEGALOVIRUS, detección cualitativa - PCR;PE
663734;CITOPLASMA DE NEUTROFILO, Ac. Anti- c/u (ANCA C, P - c/u);PE
663751;CLEMENTS, Prueba de;PE
663756;CLORPIRIFOS ETIL;PE
663760;CLOSTRIDIUM DIFFICILE, Toxina A - materia fecal.;PE
663762;CLOSTRIDIUM DIFFICILE, Toxinas (A + B) - Materia Fecal (Inmunocromatografía);PE
663786;COBALTO - plasmático;PE
663788;COBALTO - urinario;PE
663814;COBRE - eritrocitario;PE
663820;COBRE - urinario;PE
663828;COCAÍNA, GC-MS - Confirmatorio.;PE
663837;COCCIDIOIDES INMITIS, Ac. Anti- BANDA F;PE
663845;COCCIDIOIDES INMITIS, Ac. Anti- BANDA TP;PE
663854;COCCIDIOIDES INMITIS, Ac. Anti- CIE;PE
663860;COCCIDIOIDES INMITIS, Ac. Ig Totales Anti-;PE
663862;COCCIDIOIDES INMITIS, Ac. IgG Anti-;PE
663871;COCCIDIOIDES INMITIS, Ac. IgM Anti-;PE
663880;COCLEARES, Ac. Anti- (Anti- P68 KDA) (Western Blot);PE
663888;CODEÍNA - sérica;PE
663890;CODEÍNA - urinaria;PE
663905;COFACTOR DE RISTOCETINA;PE
663910;COLESTEROL NO HDL;PE
663922;COMPLEMENTO C1Q (PROTEINA 11S);PE
663926;COMPLEMENTO C2;PE
663939;CONCENTRACIÓN BACTERICIDA MÍNIMA (CBM);PE
663948;CONCENTRACION INHIBITORIA MINIMA (CIM);PE
663953;CONEXINA 26 -  MUTACIONES 35delG (GJB2) o Cx26 - PCR Para sordera hereditaria no sindrómica;PE
663955;CONEXINA 26 - SECUENCIACIÓN - PCR;PE
663960;COPROPORFIRINAS - eritrocitarias;PE
663974;COREA DE HUNTINGTON - PCR;PE
663982;CORPÚSCULOS METACROMÁTICOS - urinario;PE
663994;CORRECCIÓN C/PLASMA NORMAL - aPTT;PE
663996;CORRECCIÓN C/PLASMA NORMAL - TP;PE
664002;CORTEX ADRENAL, Ac. ANTI- (A.A.C.A) ;PE
664008;CORTISOL LIBRE - urinario (CLU);PE
664012;CORTISOL - salival;PE
664033;COTININA - sérica;PE
664035;COTININA - urinaria;PE
664050;COXIELLA BURNETTI, Ac. IgG Anti-;PE
664059;COXIELLA BURNETTI, Ac. IgM Anti-;PE
664068;COXSACKIE VIRUS A, 2-7-9, Ac. Anti- (c/u);PE
664076;COXSACKIE VIRUS B, 1-2-3-4-5-6, Ag. (c/u);PE
664085;COXSACKIE VIRUS B, 1-2-3-4-5-6, Ac. Anti- (pool);PE
664093;COXSACKIE VIRUS B, 1-2-3-4-5-6, Ac. Anti- (c/u);PE
664102;COXSACKIE VIRUS B, 1-2-3-4-5-6, Ac. IgM Anti- (c/u);PE
664105;CREATINA - sérica;PE
664106;CREATINA - urinaria;PE
664110;CRIOCRITO;PE
664119;CRIOFIBRINÓGENO;PE
664125;CRISTALIZACIÓN en lágrimas ;PE
664132;CROMO (Cr)- pelo;PE
664134;CROMO (Cr) - sérico;PE
664136;CROMO (Cr) - urinario;PE
664141;CROMOGRANINA A;PE
664143;CROMOSOMA, ALTERACIONES del (c/u) Delección Cromosoma 13 (FISH);PE
664144;CROMOSOMA, ALTERACIONES del (c/u) - Delección 17 P53 - (FISH);PE
664145;CROMOSOMA, ALTERACIONES del (c/u) Delección cromosoma 6 MYB (FISH);PE
664146;CROMOSOMA, ALTERACIONES del (c/u) Delección C11 ATM-5q-7q - gen ATM (FISH);PE
664147;CROMOSOMA, ALTERACIONES del (c/u) TRISOMÍA 12 - CENTRÓMERO 12 (FISH);PE
664150;CROMOSOMA FILADELFIA - PCR - LMC -;PE
664155;CROMOSOMA X, FRAGILIDAD - PCR;PE
664160;CROMOSOMA X, FISH;PE
664165;CROMOSOMA Y, DELECCIONES del;PE
664187;CROSS MATCH, AUTÓLOGO - Citom. de Flujo;PE
664190;CROSS MATCH, AUTÓLOGO - Linfotoxicidad.;PE
664196;CROSS MATCH, CONTRA PANEL;PE
664204;CROSS MATCH, DONANTE - Citom. de Flujo;PE
664213;CROSS MATCH, DONANTE - Linfotoxicidad.;PE
664221;CROSS MATCH, DTT;PE
664230;CROSS MATCH, MATRIMONIAL - Citometría de Flujo;PE
664240;CROSS MATCH, PACIENTE HIPERSENSIBILIZADO;PE
664256;CRYPTOSPORIDIUM Sp,;PE
664264;CRYPTOCOCCUS NEOFORMANS, Ag.;PE
664266;CRYPTOCOCCUS NEOFORMANS, Ag. (Microscopía - Tinta china);PE
664290;CUERPOS REDUCTORES;PE
664307;4,4' -DDD (p,p' -DDD) - 4,4'-DICLORODIFENILDICLOROETANO;PE
664315;4,4' -DDE (p,p' - DDE) - 4,4'-DICLORODIFENILDICLOROETILENO;PE
664324;4,4' -DDT (p,p' -DDT) - 4,4'-DICLORODIFENILTRICLOROETANO;PE
664333;DEGRANULACIÓN DE BASÓFILOS - TEST DE ACTIVACIÓN DE BASÓFILOS;PE
664340;DEHIDROEPIANDROSTERONA;PE
664350;Delta-BHC (?-HCH) - delta-HEXACLORURO de BENCENO - delta-HEXACLORAN - delta-LINDANO - delta-1,2,3,4,5,6-HEXACLOROCICLOHEXANO.;PE
664361;DENGUE, Ac. Anti- IgG;PE
664363;DENGUE, Ac. Anti- IgM;PE
664365;DENGUE, Acs. Anti- IgG e IgM (Cualitativo);PE
664367;DENGUE, Ag. - ELISA;PE
664369;DENGUE - PCR;PE
664370;DENGUE - SEROTIPIFICACIÓN;PE
664375;DEOXIPIRIDINOLINAS (DPD);PE
664384;DESIPRAMINA;PE
664387;DESMOGLEINA, Ac. Anti- Ag. 1 y 3 IgG;PE
664388;DIAZINÓN;PE
664392;DIELDRIN;PE
664418;DIMERO-D;PE
664435;DIMETOATO;PE
664444;DIMETOXIFENILETILAMINA, 3,4- (DMFA);PE
664452;DISULFOTÓN;PE
664461;DNA, SS - CADENA SIMPLE (DNAss);PE
664469;DNA, DESNATURALIZADO, Ac. Anti -;PE
664478;DNA, Muestra Forense;PE
664503;DOPAMINA, TOTAL - sérica;PE
664512;DOPAMINA LIBRE - urinaria;PE
664521;DOXEPINA;PE
664546;ECHINOCOCCUS GRANULOSOS, Ac. IgG Anti-;PE
664549;ECHINOCOCCUS GRANULOSOS, Ac. IgM Anti-;PE
664563;ECHO COXSACKIE, 1-6 Ac. IgG Anti-;PE
664566;ECHO COXSACKIE, 1-6 IgM;PE
664580;ECHOVIRUS, Ac. IgG Anti-;PE
664583;ECHOVIRUS, Ac. IgM Anti-;PE
664590;ECTOPARÁSITOS, Búsqueda e identificación.;PE
664600;ELASTASA PANCREÁTICA;PE
664615;EMBRIOTOXICIDAD, BIOENSAYO.;PE
664623;ENA, Ac. Anti- (ANTÍGENOS NUCLEARES EXTRAÍDOS, Ac. Anti- ) - (SSA, SSB, Sm, RNP o U1RNP);PE
664632;ENDOMISIO, Ac. IgA Anti- (EMA IgA);PE
664640;ENDOMISIO, Ac. IgG Anti- (EMA IgG);PE
664648;ENDOSULFAN I;PE
664649;ENDOSULFAN II;PE
664652;ENDOSULFAN SULFATO;PE
664666;ENDRIN;PE
664668;ENDRIN ALDEHIDO;PE
664674;ENTAMOEBA HISTOLYTICA, Ac. IgG Anti-;PE
664677;ENTAMOEBA HISTOLYTICA, Ac. IgM Anti-;PE
664682;ENTEROCOCOS VANCOMICINA RESISTENTE - PCR;PE
664691;ENTEROVIRUS - PCR;PE
664700;ENZIMA CONVERTIDORA de ANGIOTENSINA (ECA);PE
664709;EPSTEIN BARR, Anti- EBNA (Epstein Barr Nuclear Associated Antigen);PE
664717;EPSTEIN BARR, detección cuantitativa - PCR;PE
664726;EPSTEIN BARR, Early Antig. Ac.;PE
664728;EPSTEIN BARR, detección cualitativa - PCR;PE
664734;ERITROPOYETINA (EPO);PE
664738;ESCHERICHIA COLI - ENTEROPATÓGENA - PCR;PE
664749;ESPERMA, Ac. Anti- ESPERMATOZOIDES (DIRECTO);PE
664755;ESPERMA, Ac. Anti- ESPERMATOZOIDES (INDIRECTO);PE
664775;ESPERMA, CÉLULAS REDONDAS CON DIFERENCIACIÓN DE PEROXIDASAS;PE
664778;ESPERMA, CÉLULAS REDONDAS TOTALES EN SEMEN;PE
664793;ESPERMA, CONDENSACIÓN NUCLEAR DE LA CROMATINA (Azul Anilina, Tinción);PE
664811;ESPERMA, DIGESTIÓN EN GELATINA ACROSÓMICA;PE
664823;ESPERMA, ESPERMATOZOIDES EN ORINA, ESTUDIO DE  RETROEYACULACIÓN;PE
664825;ESPERMA, ESPERMATOZOIDES DE ORINA, RECUPERACIÓN PARA SELECCIÓN  DIAGNÓSTICA;PE
664827;ESPERMA, ESPERMATOZOIDES DE ORINA, RECUPERACIÓN PARA SELECCIÓN  EN INSEMINACIÓN;PE
664838;ESPERMA, HETEROGENEIDAD CROMATÍNICA (NARANJA DE ACRIDINA);PE
664846;ESPERMA, INDICE DE TERATOZOOSPERMIA;PE
664858;ESPERMA - MODULO I (ESPERMOGRAMA COMPLETO);PE
664860;ESPERMA - MODULO II;PE
664868;ESPERMA, MORFOLOGÍA CRITERIO ESTRICTO (OMS 2010 - MORFOLOGÍA KRUGER);PE
664878;ESPERMA, PRUEBA DE SOBREVIDA ESPERMÁTICA;PE
664889;ESPERMA, RECUENTO DE ESPERMATOZOIDES;PE
664923;ESPERMA, SELECCIÓN DE GRADIENTES (DIAGNÓSTICO);PE
664930;ESPERMA, SELECCIÓN DE GRADIENTES (INSEMINACIÓN);PE
664941;ESPERMA, SWIM UP (DIAGNÓSTICO);PE
664949;ESPERMA, SWIM UP (INSEMINACIÓN);PE
664964;ESPERMA, TEST DE FRAGMENTACIÓN DE ADN ESPERMÁTICO;PE
664971;ESPERMA, TEST DE HIPERACTIVACIÓN;PE
664978;ESPERMA, TEST DE MOST;PE
664985;ESPERMA, TEST HIPOSMÓTICO;PE
664999;ESTEATOCRITO (Grasas - materia fecal);PE
665008;ESTIRENO;PE
665016;ESTRADIOL BIODISPONIBLE (E2 Biodisponible);PE
665033;ESTRIOL LIBRE - sérico.;PE
665043;ETIÓN;PE
665050;EUGLOBULINAS, LISIS de (pre y post-isquemia);PE
665053;EVEROLIMUS;PE
665055;EXTASIS - MDMA (Inmunoensayo);PE
665059;FACTOR de COAGULACIÓN II;PE
665067;FACTOR de COAGULACIÓN XI;PE
665076;FACTOR de COAGULACIÓN XII;PE
665077;FACTOR de COAGULACIÓN XIII;PE
665085;FACTOR INTRÍNSECO, Ac. Anti-;PE
665093;FACTOR REUMATOIDEO (Nefelometría);PE
665102;FACTOR V LEIDEN - PCR;PE
665116;FACTOR VON WILLEBRAND, Funcional;PE
665119;FACTOR VON WILLEBRAND (Inmunológico);PE
665127;FAMPHUR (FAMFUR);PE
665132;FELBAMATO;PE
665136;FENCICLIDINA - FENILCICLOHEXILPIPERIDINA -PCP (IFP);PE
665144;FENETILAMINA - F.E.A.;PE
665204;FENITOTRIÓN;PE
665213;FENOLES - urinarios;PE
665222;FENTANILO - urinario;PE
665230;FERRITINA;PE
665238;FIBRINÓGENO, PRODUCTOS DE DEGRADACIÓN (P.D.F.) - urinario;PE
665247;FIBROSIS QUÍSTICA, 19 MUTACIONES - PCR;PE
665255;FIBROSIS QUÍSTICA, 29 MUTACIONES - PCR;PE
665258;FIBROSIS QUÍSTICA, 32 MUTACIONES - PCR;PE
665265;FIBROSIS QUISTICA, DF508;PE
665273;FILIACIÓN ESTUDIO DNA EXTRA (por cada uno agregado);PE
665281;FILIACIÓN ESTUDIO DNA HASTA 3;PE
665290;FISH WILLIAMS;PE
665298;FK - 506 - Tacrolimus;PE
665300;FLAVIVIRUS;PE
665307;FORATO;PE
665319;FOSFATASA ÁCIDA LEUCOCITARIA;PE
665324;FOSFATASA ACIDA PROSTATICA (RIA);PE
665332;FOSFATASA ÁCIDA TARTRATO RESISTENTE;PE
665335;FOSFATASA ÁCIDA TARTRATO RESISTENTE LEUC.;PE
665349;FOSFATASA ALCALINA OSEA (RIA);PE
665375;FOSFATIDIL COLINA, Ac. IgG Anti-;PE
665378;FOSFATIDIL COLINA, Ac. IgM Anti-;PE
665392;FOSFATIDIL GLICEROL, Ac. IgG Anti-;PE
665409;FOSFATIDIL INOSITOL, Ac. IgG Anti-;PE
665412;FOSFATIDIL INOSITOL, Ac. IgM Anti-;PE
665424;FOSFATIDIL SERINA, Ac. IgA Anti-;PE
665426;FOSFATIDIL SERINA, Ac. IgG ó Ac. Totales Anti-;PE
665428;FOSFATIDIL SERINA, Ac. IgM Anti-;PE
665443;FOSFOHEXOSA ISOMERASA, Sérica - PHI;PE
665452;FOSFOLIPIDOS, Ac. IgG Anti-;PE
665461;FOSFOLIPIDOS, Ac. IgM Anti-;PE
665465;FOSFOLIPIDOS, Ac. Totales Anti- (IgA, IgG, IgM);PE
665469;FREE ANDROGEN INDEX-FAI;PE
665472;FRIEDRICH, ATAXIA DE;PE
665478;FRUCTOSA, líquido seminal o sérica o urinaria;PE
665486;FSH, Urinaria (HORMONA FOLÍCULO ESTIMULANTE - Urinaria);PE
665494;GABAPENTINA;PE
665503;GAD, Ac. Anti- Glutamico Acid Decarboxilase (ÁCIDO GLUTÁMICO DESCARBOXILASA, Ac. Anti-);PE
665508;GALACTOMANANO de ASPERGILLUS, Ag.;PE
665512;GALACTOSA 1-URIDIL FOSFOTRANSFERASA;PE
665520;Gamma-BHC (?-HCH) - gamma-HEXACLORURO de BENCENO - gamma-HEXACLORAN - gamma-LINDANO - gamma-1,2,3,4,5,6-HEXACLOROCICLOHEXANO;PE
665529;GANGLIOSIDO ASIALO GM1, Ac. Anti-;PE
665533;GANGLIOSIDO GD 1B, Ac. Anti-;PE
665537;GANGLIOSIDO GM1, Ac. (IgG + IgM) Anti-;PE
665541;GANGLIOSIDO QUADROSIALO, GQ1b Ac. IgG;PE
665546;GANGLIOSIDOS PANEL, Ac. (IgG + IgM) GM1 Asialo, GM2, GD1A, GD1b, GQ1b;PE
665555;GENOTIPO de Rho (c/u);PE
665563;GENTAMICINA;PE
665576;GLIADINA, Ac. IgA Anti- PÉPTIDO DEAMIDADO de (DGP-IgA Anti-);PE
665583;GLIADINA, Ac. IgG Anti- PÉPTIDO DEAMIDADO de (DGP-IgG Anti-);PE
665589;GLICEROL, sérico.;PE
665597;GLICINA (HPLC);PE
665606;GLICOFORINA, Citometría de Flujo;PE
665621;GLICOSAMINOGLICANOS, cuantitativo;PE
665632;GLOBULINA LIGADORA DE ANDROGENOS Y ESTROGENOS (GLAE / SHBG);PE
665640;GLOBULINA LIGADORA DE CORTICOIDES (CBG);PE
665644;GLOBULINA TRANSPORTADORA DE TIROXINA (TBG);PE
665649;GLUCOCEREBROSIDASA;PE
665666;GLUTATIÓN PEROXIDASA (GPO);PE
665685;HAEMOPHILUS INFLUENZA, Ac. IgG Anti-;PE
665687;HAEMOPHILUS INFLUENZA, Ac. IgM Anti-;PE
665691;HAEMOPHILUS INFLUENZAE B, Ag. - plasmático;PE
665694;HAEMOPHILUS INFLUENZAE B, Ag. - urinario;PE
665708;HALOPERIDOL;PE
665715;HAM, PRUEBA DE;PE
665724;HANTAVIRUS, Ac. IgG Anti-;PE
665726;HANTAVIRUS, Ac. IgM Anti-;PE
665743;HELICOBACTER PYLORI, Ac. IgA Anti-;PE
665751;HELICOBACTER PYLORI, Ac. IgG Anti-;PE
665760;HELICOBACTER PYLORI, Ac. IgM Anti-;PE
665768;HELICOBACTER PYLORI, Aire espirado;PE
665777;HELICOBACTER PYLORI (Cultivo - Tipificación).;PE
665780;HEMATÍES, PRUEBA ELUSIÓN ÁCIDA DE;PE
665785;HEMOCROMATOSIS, Gen HH - PCR (HEMOCROMATOSIS HEREDITARIA HH - Gen HFE-CROMOSOMA 6);PE
665787;HEMOCROMATOSIS, MUTACIÓN Gen C282Y - PCR;PE
665789;HEMOCROMATOSIS, MUTACIÓN Gen H63D - PCR;PE
665791;HEMOCROMATOSIS, MUTACIÓN Gen S65C - PCR;PE
665797;HEMOCULTIVO AEROBIOS AUTOMATIZADO (c/u);PE
665802;HEMOGLOBINA A1 (Hb-A1) Electroforesis;PE
665811;HEMOGLOBINA A2 (HbA2) (Cromatografía/Intercambio Iónico);PE
665820;HEMOGLOBINA FETAL;PE
665828;HEMOGLOBINA S;PE
665837;HEMOGLOBINURIA PAROXÍSTICA NOCTURNA, DETECCIÓN de -  por Citometría de Flujo;PE
665845;HEMOPEXINA;PE
665854;HEMOSIDERINURIA;PE
665868;HEPARINA, Ac. Anti- (PFA4);PE
665871;HEPARINA, ACTIVIDAD ANTI XA de la (LMWH) - HEPARINA de BAJO PESO MOLECULAR (HBPM).;PE
665879;HEPÁTICOS, AUTOANTICUERPOS (panel);PE
665888;HEPATITIS A, Ac. Anti- IgG (HVA IgG) o Ac. Totales (RIA o ELISA);PE
665896;"HEPATITIS B, Ac. Anti- ""e"" (HBe Ac)";PE
665905;"HEPATITIS B, Ac. Anti- ""Core"" IgM (HBcM) - (RIA o ELISA)";PE
665914;HEPATITIS B, Carga viral;PE
665931;HEPATITIS B, DNA viral (HBV-DNA) (PCR - Cualitativo);PE
665939;HEPATITIS C, Ac. Anti- IgM;PE
665945;HEPATITIS C, Antígeno ;PE
665956;HEPATITIS C, Carga viral (PCR);PE
665965;HEPATITIS C, Genotipificación (PCR);PE
665973;HEPATITIS C, LIA;PE
665982;HEPATITIS C, RNA Cualitativo - PCR;PE
665990;HEPATITIS DELTA, Ac. IgG ó Totales Anti-;PE
665993;HEPATITIS DELTA, Ac. IgM Anti-;PE
666008;HEPATITIS E, Ac. IgG Anti-;PE
666011;HEPATITIS E - PCR;PE
666016;HEPTACLORO;PE
666019;HEPTACLORO HEPOXIDE;PE
666028;HER 2 / neu - ErbB2;PE
666034;HERPES SIMPLEX, 1 / 2 - Antic. Totales (IFI);PE
666037;HERPES SIMPLEX, 1 / 2 - PCR;PE
666038;HERPES SIMPLEX, 1 / 2 - TIPIFICACIÓN - PCR;PE
666040;HERPES SIMPLEX 1, Ac. IgA Anti-;PE
666042;HERPES SIMPLEX 1, Ac. IgG ó Totales Anti-;PE
666050;HERPES SIMPLEX 1, Ac. IgM Anti-;PE
666059;HERPES SIMPLEX 2, Ac. IgA Anti-;PE
666067;HERPES SIMPLEX 2, Ac. IgG ó Totales Anti-;PE
666076;HERPES SIMPLEX 2, Ac. IgM Anti-;PE
666084;HERPES SIMPLEX, Ag.;PE
666093;HERPES VIRUS 6 HUMAN, Ac. IgG (HHV6-IgG) Anti-;PE
666096;HERPES VIRUS 6 HUMAN, Ac. IgM (HHV6-IgM) Anti-;PE
666098;HERPES VIRUS 6 HUMAN - PCR;PE
666100;HERPES VIRUS 6 HUMAN - Carga Viral;PE
666110;HERPES VIRUS 7, Ac. IgG Anti- HHV;PE
666113;HERPES VIRUS 7, Ac. IgM Anti- HHV;PE
666117;HERPES VIRUS 8 - Ac. IgG Anti- HHV;PE
666118;HERPES VIRUS 8 - Ac. IgM Anti- HHV;PE
666120;HERPES VIRUS 8 - PCR;PE
666136;HEXANO;PE
666144;HEXANODIONA, (2,5-);PE
666153;HEXOSAMINIDASA TOTAL, A y B;PE
666170;HIDATIDOSIS, Ac. IgM Anti- (ELISA);PE
666173;HIDATIDOSIS, Ac. IgM Anti- (IFI);PE
666183;HIDROCARBUROS ALIFÁTICOS;PE
666187;HIDROCARBUROS AROMÁTICOS;PE
666196;HIDROLASAS ÁCIDAS EN LEUCOCITOS;PE
666204;HIDROXIPIRENO;PE
666209;HIERRO, Médula Osea (MO) - TINCIÓN DE PERLS.;PE
666211;HIERRO, TINCIÓN DE;PE
666213;HIERRO - Urinario;PE
666222;HISTAMINA - Plasmática;PE
666225;HISTAMINA - Urinaria;PE
666238;HISTONA, Ac. Anti-;PE
666247;HISTOPLASMA CAPSULATUM, Ac. IgG Anti-;PE
666255;HISTOPLASMA CAPSULATUM, Ac. IgM Anti-;PE
666264;HIV - PCR Cualitativo;PE
666272;HIV 1 ANTI-P-24 (core);PE
666275;HIV - P-24 (Antigenemia);PE
666278;HIV - P-24 - HIV 1 y 2 (Combo);PE
666281;HIV - RESISTENCIA A ANTIRETROVIRALES;PE
666284;HIV - RESISTENCIA A  INHIBIDORES DE INTEGRASA ;PE
666300;HLA A, Molecular;PE
666303;HLA B, Molecular;PE
666332;HLA B 27 Molecular;PE
666337;HLA-B 5701 GENOTIPO, ABACAVIR HIPERSENSIBILIDAD, sangre;PE
666341;HLA C Molecular;PE
666401;HLA DQ Molecular;PE
666409;HLA DR Citometría Flujo;PE
666426;HLA DR Molecular;PE
666443;HLA DQA1, DQB1 (DIABETES) PCR;PE
666445;HLA DQ2-DQ8 (CELIAQUIA) PCR;PE
666452;HOMOCISTEINA;PE
666455;HOMOCISTINA, Orina;PE
666486;HOWELL, TEST (Plasma recalcificado, tiempo de-);PE
666529;HTLV-1 Ac;PE
666533;HTLV-1 PCR;PE
666537;HTLV-I/II (Partículas o ELISA);PE
666540;HTLV, Confirmatorio (Western Blot);PE
666554;Hu (ANNA-1) Ac. Anti-;PE
666560;IA 2, Ac. Anti- (Ac. Anti- TIROSINFOSFATASA 2);PE
666570;IDENTIFICACIÓN MICROBIOLÓGICA AUTOMATIZADA.;PE
666572;IDENTIFICACIÓN MICROBIOLÓGICA POR PCR. ;PE
666585;IgA BC - lágrima - INMUNOGLOBULINA A Baja Concentración en lágrima.;PE
666587;IgA BC - LCR - INMUNOGLOBULINA A Baja Concentración en Líquido Céfalo Raquídeo.;PE
666589;IgA BC - saliva - INMUNOGLOBULINA A Baja Concentración en saliva.;PE
666597;IgE BC - INMUNOGLOBULINA E Baja Concentración.;PE
666600;IgE BC - lágrimas - INMUNOGLOBULINA E Baja Concentración en lágrima.;PE
666602;IgE BC - LCR - INMUNOGLOBULINA E Baja Concentración en Líquido Céfalo Raquídeo.;PE
666606;IgE ESPECÍFICA - INMUNOGLOBULINA E ESPECÍFICA.;PE
666614;IgE RAST - INMUNOGLOBULINA E - para antibióticos (incluye Penicilinas);PE
666634;IgG - INMUNOGLOBULINA G, ASOCIADA A PLAQUETAS.;PE
666640;IgG - INMUNOGLOBULINA G, Índice de (LCR/Sérica);PE
666648;IgG - LCR - INMUNOGLOBULINA G en Líquido Céfalo Raquídeo.;PE
666652;IgG - INMUNOGLUBULINA G, INTOLERANCIA ALIMENTICIA (c/u);PE
666657;IgG - INMUNOGLOBULINA G, Subclases (Modulo 4 Subclases);PE
666666;IgM - INMUNOGLOBULINA M, ASOCIADA A PLAQUETAS.;PE
666674;IgM, LCR - INMUNOGLOBULINA M, en Líquido Céfalo Raquídeo.;PE
666676;IgM - INMUNOGLOBULINA M Baja Concentración, en saliva;PE
666691;IL2-R - CD25 receptor soluble;PE
666700;INDICAN;PE
666708;INDICE de INSULINO RESISTENCIA;PE
666711;INDICE de FUNCIÓN RENAL;PE
666713;INDICE de LESIÓN RENAL (ABUMINA / CREATININA) - urinario;PE
666714;INDICE de LESIÓN RENAL (PROTEINAS / CREATININA) - urinario;PE
666717;INDICE de PRODUCCIÓN RETICULOCITARIA;PE
666720;INDICE de RESORCIÓN OSEA;PE
666722;INDICE de RIESGO CARDIOVACULAR ;PE
666725;INFLUENZA A, ANTÍGENO (Ag.);PE
666728;INFLUENZA A, ANTIGENOS (Ags.) - Material: hisopado nasal / faríngeo / aspirados - PCR;PE
666730;INFLUENZA A, ANTIGENOS (Ags.) Suptipo H1N1 - Material: hisopado nasal / faríngeo / aspirados;PE
666732;INFLUENZA A, ANTIGENOS (Ags.) Suptipo H1N1 - Material: hisopado nasal / faríngeo / aspirados - PCR;PE
666734;INFLUENZA A, Ac. IgG Anti-;PE
666742;INFLUENZA A, Ac. IgM Anti-;PE
666751;INFLUENZA B, Ac. IgG Anti-;PE
666760;INFLUENZA B, Ac. IgM Anti-;PE
666768;INFLUENZA B, ANTÍGENO (Ag.);PE
666788;INHIBINA B - sérica;PE
666819;INMUNOCOMPLEJOS CIRCULANTES (CIC);PE
666848;INMUNOFIJACIÓN - LCR;PE
666850;INMUNOFIJACIÓN - sérica;PE
666852;INMUNOFIJACIÓN - urinaria;PE
666856;INMUNOMARCACIÓN EN SANGRE PERIFÉRICA.;PE
666862;INSULINA, Ac. Anti- (Ac. Anti- IAA);PE
666871;INTERFERON GAMMA;PE
666879;INTERLEUQUINA (c/u);PE
666888;IODO-AZIDA Prueba de;PE
666896;IONOGRAMA - materia fecal;PE
666898;IRREGULARES ANTICUERPOS, Identificación. ;PE
666905;ISLOTE LANGERHANS PANCREÁTICOS, Ac. Anti- (ICA);PE
666912;JO-1, Ac. Anti-;PE
666919;KETAMINA - urinaria;PE
666925;KREMER, TEST DE;PE
666930;LA, Ac. Anti- (LA/SSB);PE
666932;LACTOCRITO;PE
666936;LACTOFERRINA.;PE
666939;LACTOSA, TOLERANCIA A LA;PE
666947;LC-1, Ac. Anti- ;PE
666956;LEGIONELLA PNEUMOPHILA, Ac. IgG Anti-;PE
666958;LEGIONELLA PNEUMOPHILA, Ac. IgM Anti-;PE
666970;LEGIONELLA PNEUMOPHILA, Ag.;PE
666975;LEISHMANIA, Ac. Anti-;PE
666978;LEISHMANIA - PCR;PE
666982;LEPTINA;PE
666990;LEPTOSPIRA, Ac. Anti- (ELISA / IFI);PE
666999;LEPTOSPIRA, Ac. Anti- (HAI / macroaglutinación);PE
667007;LEPTOSPIRA, Ac. IgM Anti-;PE
667010;LEPTOSPIRA (Confirmatorio - Microaglutinación);PE
667013;LEPTOSPIRA (cultivo);PE
667027;LEUCINA - sérica (AA) (incluida en el perfil de AA en diferentes matrices - Cromatografía de AA);PE
667059;LEVADURAS SENSIBILIDAD - SCREENING;PE
667064;LEVADURAS TIPIFICACIÓN;PE
667076;LEVODOPA - sérica;PE
667079;LEVODOPA - urinaria;PE
667093;LEVULOSA - semen;PE
667096;LEVULOSA - sérica;PE
667099;LEVULOSA - urinaria;PE
667119;LINDANE;PE
667127;LINFOCITARIO, CULTIVO MIXTO;PE
667153;"LINFOCITOS PERIFÉRICOS ""SRY""";PE
667170;LIPASA - urinaria (Lipasuria);PE
667187;LIPOPROTEINA a - Lp(a);PE
667210;LISOZIMA;PE
667230;LISTERIA, CULTIVO;PE
667240;LISTERIA, Ac. IgM Anti-;PE
667242;LISTERIA - PCR;PE
667260;LIXITOL;PE
667262;LKM, Ac. Anti-;PE
667270;LYNCH, SINDROME DE - GEN MLH1 (MYH);PE
667271;LYNCH, SINDROME DE - GEN MSH2 SECUENCIACIÓN COMPLETA (M2Y);PE
667273;LYNCH, SINDROME DE - GEN MSH6 (M6Y);PE
667274;LYNCH, SINDROME DE - GEN PMS2 (M3Y);PE
667275;LYNCH, SINDROME DE - GEN (MLH1, MSH2, MSH6, PMS2);PE
667278;MACROAMILASA;PE
667284;MACRO CK;PE
667289;MACROPROLACTINEMIA;PE
667300;MAGNESIO - eritrocitario;PE
667304;MAGNESIO - pelo;PE
667315;MAG-SGPG, Ac. IgM;PE
667319;MALATION;PE
667324;MALÓN DIALDEHIDO - TBARS;PE
667338;MANGANESO - pelo;PE
667341;MANGANESO - sérico;PE
667343;MANGANESO - urinario;PE
667349;MAO plaquetario;PE
667353;MARCADORES PRONOSTICOS de LLC (Citometría de flujo);PE
667366;MEMBRANA BASAL, Ac. Anti-;PE
667375;MERCURIO - pelo (Hg-pelo);PE
667392;METACUALONA;PE
667401;METADONA (FPIA);PE
667409;METAHEMOGLOBINA;PE
667426;METANEFRINAS LIBRES - plasmáticas;PE
667435;METANOL - sangre;PE
667439;METAPNEUMOVIRUS HUMANO, Ag. (hMPV);PE
667440;METAPNEUMOVIRUS HUMANO, Ag. (hMPV) - PCR;PE
667443;METIL ETIL CETONA;PE
667449;METIL PARATHION;PE
667454;METIL-TRITIÓN;PE
667460;METILENTETRAHIDROFOLATO REDUCTASA (MTHRT)- PCR;PE
667469;METILNICOTINAMIDA;PE
667477;METIONINA - PRUEBA DE SOBRECARGA (dos determinaciones);PE
667486;METOTREXATO;PE
667489;MICOLOGÍA, CULTIVO DE HONGOS PRODUCTORES DE MICOSIS PROFUNDAS O SISTÉMICAS.;PE
667490;MICOLOGÍA, IDENTIFICACIÓN DE HONGOS PRODUCTORES DE MICOSIS PROFUNDAS O SISTÉMICAS.;PE
667491;MICOLOGÍA, PRUEBA DE SENSIBILIDAD A ANTIFÚNGICOS.;PE
667495;MICROAGREGADO PLAQUETARIOS;PE
667499;MICROARRAYS - ESTUDIO GENETICO;PE
667503;MICROGLOBULINA BETA 2;PE
667520;MICROSPORIDIA INVESTIGACIÓN;PE
667527;MIELOPEROXIDASA, Ac. Ant- (Inmunológica);PE
667529;MIELOPEROXIDASA, (Citoquímica)  ;PE
667537;MIOCARDIO, Ac. Anti-;PE
667546;MIOGLOBINA - sérica;PE
667550;MIOGLOBINA - urinaria;PE
667571;MITOCONDRIAL M2, Ac. Anti- (AMA M2);PE
667580;MONOSACÁRIDOS (Cromatografía);PE
667597;MOPEG (3-METOXI, 4-HIDROXI- FENIL ETIL GLICOL);PE
667606;MUCOPOLISACARIDOS - urinarios (cuantitativo);PE
667614;MUCOSA GÁSTRICA, Ac. Anti- (CELULAS PARIETALES Ac. Anti- (IFI);PE
667621;MUCOSEMEN CRUZADO (método microscópico);PE
667631;MUSCULO ESTRIADO, Ac. Anti-;PE
667636;MuSK, Ac. Anti-;PE
667640;MUTACIONES EN EL DOMINIO TK DEL TRANSCRIPTO BCR-AB;PE
667648;MYCOAVIUM COMPLEX - PCR;PE
667657;MYCOBACTERIA Sp, HEMOCULTIVO;PE
667660;MYCOBACTERIA ATÍPICA - PCR;PE
667669;MYCOBACTERIUM TUBERCULOSIS, DNA - PCR;PE
667674;MYCOBACTERIUM TUBERCULOSIS, en LCR;PE
667691;MYCOPLASMA - UREAPLASMA, Ac. Anti-;PE
667700;MYCOPLASMA - UREAPLASMA, CULTIVO;PE
667708;MYCOPLASMA HOMINIS, CULTIVO - Aislamiento;PE
667717;MYCOPLASMA PNEUMONIAE, Ac. IgM Anti-;PE
667725;MYCOPLASMA PNEUMONIAE, ANTÍGENO (Ag);PE
667734;MYCOPLASMA PNEUMONIAE, cultivo;PE
667736;MYCOPLASMA PNEUMONIAE - PCR;PE
667742;N,N-DIMETILTRIPTAMINA;PE
667751;NEONATAL, 17-HIDROXIPROGESTERONA (17-HO-Pg-Neo);PE
667759;NEONATAL, BIOTINIDASA;PE
667768;NEONATAL, GALACTOSEMIA;PE
667773;NEONATAL, LEUCINA;PE
667775;NEONATAL SCREENENG AMPLIADO POR ESPECTROMETRIA DE MASA EN TANDEM  ;PE
667777;NEONATAL, T.I.R. (TRIPSINA INMUNOREATIVA);PE
667785;NEONATAL, T.S.H.;PE
667794;NEUMOCOCO, Ac. Anti-;PE
667802;NEURON SPECIFIC ENOLASE - NSE;PE
667810;NEUTRÓFILOS, ACTIVIDAD FAGOCITARIA;PE
667828;NIQUEL URINARIO (Ni urinario);PE
667836;NITRÓGENO NO PROTEICO;PE
667840;NMDA, Ac.  IgG Anti- RECEPTOR - LCR;PE
667841;NMDA, Ac.  IgG Anti- RECEPTOR - sangre;PE
667845;NORMETANEFRINA - urinaria;PE
667849;NOROVIRUS;PE
667853;NORTRIPTILINA - sérica;PE
667862;N TELOPÉPTIDOS - COLÁGENO TIPO I (NTX);PE
667871;NUCLEOLO, Ac. Anti-;PE
667882;OPIACEOS - CONFIRMATORIO;PE
667905;ORTO CRESOL (2-metilfenol);PE
667913;ORTO METIL BUFOTENINA;PE
667919;ORTO,O,O - TIETILFOSFOROTOATO;PE
667926;OSMOLALIDAD - urinaria;PE
667939;OSTEOCALCINA;PE
667947;OVARIO, Ac. Anti-;PE
667964;OXICODON A - urinaria;PE
667973;p53 Ac.;PE
667982;p53 mutante;PE
667999;PANEL HEPÁTICO INMUNOLÓGICO;PE
668009;PAPILOMA VIRUS HUMANO - HPV (Carga viral);PE
668011;PAPILOMA VIRUS HUMANO - HPV (Genotipificación - PCR + Hibridización);PE
668018;PAPP-A (PROTEÍNA A PLASMÁTICA ASOCIADA A EMBARAZO);PE
668024;PARA AMINOFENOL;PE
668110;PARACOCCIDIOIDES BRASILIENSIS, Ac. IgG Anti-;PE
668115;PARACOCCIDIOIDES BRASILIENSIS, Ac. IgM Anti-;PE
668127;PARACOCCIDIOIDES SPP, Ac. Anti- Totales;PE
668135;PARAINFLUENZA I, Ac. Anti-;PE
668137;PARAINFLUENZA I, Ac. IgM Anti-;PE
668139;PARAINFLUENZA I, Ag.;PE
668142;PARAINFLUENZA II, Ac. Anti-;PE
668144;PARAINFLUENZA II, Ac. IgM Anti-;PE
668146;PARAINFLUENZA II, Ag.;PE
668149;PARAINFLUENZA III, Ac. Anti-;PE
668151;PARAINFLUENZA III, Ac. IgM Anti-;PE
668153;PARAINFLUENZA III, Ag.;PE
668156;PARANITROFENOL;PE
668158;PARÁSITOS - biopsias o líquidos de punción;PE
668161;PARATHORMONA (PTH) (MOLECULA MEDIA);PE
668170;PARATIÓN;PE
668178;PAROTIDITIS, Ac. IgG Anti-;PE
668187;PAROTIDITIS, Ac. IgM Anti-;PE
668195;PAROTIDITIS, Ac. especif. por FC;PE
668204;PAROTIDITIS, Ac. solubles;PE
668212;PAROTIDITIS, Ag.;PE
668221;PAROTIDITIS, Ag. en LCR;PE
668229;PARVOVIRUS, Ac. IgG Anti-;PE
668238;PARVOVIRUS, Ac. IgM Anti-;PE
668241;PARVOVIRUS B19 - PCR;PE
668250;PENFIGOIDE Ac. Anti- (MEMBRANA BASAL EN PIEL Ac. Anti-);PE
668272;PENTACLOROFENOL;PE
668281;PEPTIDO C;PE
668284;PÉPTIDO CITRULINADO CICLICO - Ac. Anti- IgG (Ac. Anti- CCP / PCC);PE
668286;PEPTIDO INTESTINAL VASOACTIVO (VIP);PE
668289;PÉPTIDO PROCOLÁGENO;PE
668298;PERFIL LIPÍDICO;PE
668304;PERFIL MINERAL - en cabello;PE
668306;PERFIL MINERAL - en orina;PE
668315;PEROXIDASA TIROIDEO, Ac. Anti- (ATPO / TPO);PE
668327;PESTICIDAS NITROGENADOS - c/u;PE
668332;PESTICIDAS ORGANOCLORADOS (plaguicidas), urinarios;PE
668337;PESTICIDAS ORGANOFOSFORADOS (plaguicidas - parathion) - plasmáticos;PE
668348;PIRIDINOLINA;PE
668358;PLAQUETARIA ADHESIVIDAD;PE
668366;PLAQUETARIA AGREGACION (con 6 inductores);PE
668375;PLAQUETAS, Ac. Anti-;PE
668379;PLASMA RICO EN PLAQUETAS, PREPARACIÓN DE (PRP);PE
668383;PLASMINÓGENO;PE
668385;PLASMINÓGENO, ACTIVADOR TISULAR de - t-PA (Biológico-Inmunológico)             : t-PA;PE
668387;PLASMINÓGENO, INHIBIDOR del ACTIVADOR TISULAR del (PAI - AIP) (Molecular)           : PAI  4G/5G;PE
668393;PLASMODIUM SP, Antígeno.;PE
668397;PLATA (Ag) - sérica;PE
668400;PLATA (Ag) - urinaria;PE
668409;PLOMO (Pb) - pelo;PE
668418;PM-1, Ac. Anti-;PE
668426;PNEUMOCYSTIS CARINII, IFD;PE
668435;PODER BACTERICIDA DEL SUERO (PBS);PE
668440;PODER INHIBITORIO DEL SUERO (P.I.S.);PE
668446;POLICLOROBIFENILOS;PE
668450;POLIMORFISMO IL 28B;PE
668460;POLIMORFONUCLEARES, Quimiotáxis;PE
668463;POLIOMAVIRUS BK, Carga viral - sangre u orina;PE
668464;POLIOMAVIRUS BK, PCR - sangre u orina;PE
668466;POLIOMAVIRUS JC, Carga viral - sangre u orina;PE
668467;POLIOMAVIRUS JC,  PCR - LCR;PE
668469;POLIQUISTOSIS RENAL - PCR;PE
668486;PORFIRINAS - séricas;PE
668489;PORFIRINAS, INDICE de - plasmáticas;PE
668493;PORFIRINAS TOTALES - eritrocitarias;PE
668529;PORFOBILINÓGENO (Cuantitativo) - urinario;PE
668537;POTASIO - eritrocitario;PE
668546;PREALBÚMINA;PE
668554;Pro BNP - proHORMONA PEPTIDO NATRIURÉTICO CEREBRAL N-Terminal (NT-ProBNP);PE
668563;PROCALCITONINA;PE
668571;PROINSULINA - plasmática;PE
668580;PROGESTERONA 17-HIDROXI (17-OH-Pg);PE
668584;PROMETRYN;PE
668588;PROPAZINA;PE
668597;PROPOXIFENO - NORPROPOXIFENO;PE
668606;PROTEÍNA BÁSICA de MIELINA;PE
668614;PROTEÍNA C FUNCIONAL - Cromogénico;PE
668623;PROTEÍNA C REACTIVA - ULTRASENSIBLE (PCRus);PE
668627;PROTEÍNA del EPIDÍDIMO HUMANO 4 (HE4);PE
668631;PROTEÍNA S Libre = Inmunoturbidimétrio;PE
668640;PROTEÍNA S Total;PE
668648;PROTEÍNA S Funcional = coagulométrico;PE
668656;PROTEINASA 3 (PR3), Ac. Anti-;PE
668682;PROTOPORFIRINA ERITROCITARIA LIBRE (FEP), ZINC PROTOPORFIRINA (ZPP o ZP);PE
668691;PROTROMBINA 20.210;PE
668710;PSEUDOMONAS, Ac. Anti-;PE
668734;QUERATINOCITOS (PIEL) Ac. Anti-;PE
668768;QUINIDINA;PE
668780;REARREGLO DEL IGH/FGFR3, Estudio para (FISH);PE
668783;REARREGLO DEL IGH/MAF, Estudio para (FISH);PE
668794;REARREGLO DEL TcR (citrometría de flujo);PE
668800;RECEPTOR de FSH, Ac. Anti- (RFSH);PE
668802;RECEPTOR de TSH, Ac. Anti- (TRAB's o TRAB o TBII);PE
668813;RECEPTORES HORMONALES INDICE DE PROLIFERACIÓN;PE
668816;RECEPTOR SOLUBLE DE TRANSFERRINA (sTRF);PE
668819;RENINA-ANGIOTENSINA / RENINA ACTIVA;PE
668828;RESISTENCIA a la PROTEÍNA C ACTIVADA;PE
668836;RETICULINA, Ac. Anti- (ARA);PE
668845;RETINA, Ac. Anti-;PE
668853;Ri (ANNA-2), Ac. Anti- (NEURONAL NUCLEAR-2);PE
668860;RIBOSOMAL, Ac. Anti- Proteina P (Anti-Riv P);PE
668870;RICKETTSIAS PROWAZEKII, Ac. IgG Anti-;PE
668874;RICKETTSIAS TYPHI, Ac. IgG Anti-;PE
668878;RINOVIRUS, Ag.;PE
668882;RISPERIDONA;PE
668888;RNA, Ac. Anti-;PE
668896;RNP, Ac. Anti- (RIBONUCLEOPROTEINAS);PE
668905;Ro, Ac. Anti- (Ro/SSA);PE
668918;ROSA de BENGALA;PE
668930;ROTAVIRUS - AG -AC- MN (ELISA);PE
668934;ROTAVIRUS - AcC-;PE
668939;ROTAVIRUS, Ag.;PE
668947;SACAROSA;PE
668954;SACCHAROMYSES CEREVISIAE, Ac. Anti- IgA (ASCA);PE
668956;SACCHAROMYSES CEREVISIAE, Ac. Anti- IgG (ASCA);PE
668964;SALIVA, Ex. Físico-Químico;PE
668977;SANGRIA, TIEMPO DE - Método de Ivy;PE
668982;SARAMPION, Ac. IgG Anti-;PE
668990;SARAMPION, Ac. IgM Anti-;PE
668999;SCLERODERMIA - SCL 70, Ac. Anti-;PE
669007;SCORE de MOCO;PE
669016;SELENIO (AA) - sérico;PE
669019;SELENIO - urinario;PE
669026;SENSIBILIDAD ALIMENTARIA, PANEL de Ac. IgG Anti-  ;PE
669030;SERINA - plasmática;PE
669032;SERINA - plasmática - (PANEO COMPLETO);PE
669039;SEROTONINA, GEN TRANSPORTADOR de;PE
669041;SEROTONINA - plaquetaria;PE
669045;SEROTONINA - urinaria;PE
669054;SIFILIS (ELISA);PE
669055;SIFILIS (ELISA RECOMBINANTE);PE
669058;SILICIO - esputo;PE
669067;SIMANZINA;PE
669076;SINCICIAL RESPIRATORIO, Ac. IgG Anti-;PE
669084;SINCICIAL RESPIRATORIO, Ac. IgM Anti-;PE
669093;SINCICIAL RESPIRATORIO, ANTIGENO (Ag.);PE
669101;SÍNDROMES LINFOPROLIFERATIVOS - FENOTIPIFICACIÓN (Inmunotipificación);PE
669102;SÍNDROMES MIELOPROLIFERATIVOS - FENOTIPIFICACIÓN.- Jak 2 (JANUS QUINASA 2) - mutación: V617F;PE
669103;SÍNDROMES MIELOPROLIFERATIVOS - FENOTIPIFICACIÓN.- Jak 2 (JANUS QUINASA 2) – secuenciación exón 12;PE
669104;SÍNDROMES MIELOPROLIFERATIVOS - FENOTIPIFICACIÓN.- MPL (cada mutación);PE
669105;SIROLIMUS, DROGA CITOSTÁTICA - RAPAMICINA;PE
669110;SM, Ac. Anti-;PE
669118;SOMATOMEDINA C- IGFB1;PE
669120;SOMATOMEDINA - IGFBP-3 - (Insulin Like Growth Factor Bind, Prot 3);PE
669127;SREPTOCOCCUS BETA-HEMOLÍTICO Grupo B - Prenatal (anal/vaginal);PE
669129;STAPHYLOCOCCUS AUREUS METICILINO RESISTENTE - PCR o similar;PE
669132;STREPTOCOCCUS GRUPO B, Ag. - sérico;PE
669135;STREPTOCOCCUS GRUPO B, Ag. - urinario;PE
669157;STREPTOCOCCUS PNEUMONIAE, Ag. - esputo;PE
669161;STREPTOCOCCUS PNEUMONIAE, Ag. - sérico;PE
669164;STREPTOCOCCUS PNEUMONIAE, Ag. - urinario;PE
669170;STREPTOCOCCUS PNEUMONIAE - PCR;PE
669180;STREPTOZYME, TEST (ESTREPTOZIMA);PE
669187;SUBUNIDAD Alfa HIPOFISIARIA;PE
669195;SUCCINIL ACETONA - urinaria;PE
669204;SUCCINIL PURINAS;PE
669212;SUCROSA, TEST DE;PE
669223;SUDOR, TEST CONFIRMATORIO.;PE
669229;SULFAHEMOGLOBINA POR COOXIMETRIA;PE
669238;SULFATOS - urinarios;PE
669246;SULFOTEP;PE
669255;SUPERÓXIDO DISMUTASA (S.O.D.) - sérica;PE
669265;SUSTANCIA INTERCELULAR Ac Anti;PE
669270;TAENIA SOLIUM - Ac. Anti- IgG;PE
669281;TALASEMIAS, Beta-Mutaciones;PE
669293;TALIO - pelo;PE
669306;Tdt - Citometría de Flujo;PE
669309;TERBUITRYN;PE
669311;TERBUTHYLAZINA;PE
669314;TEST de DESENSIBILIZACIÓN TESTICULAR;PE
669332;TEST de NITRO BLUE TETRAZOLIUM con Estimulación (Test - NBTS);PE
669349;TEST DE NITRO BLUE TETRAZOLIUM (Test - NBT);PE
669358;TEST DE NUGENT - sérico;PE
669366;TESTOSTERONA DEHIDRO (DHT);PE
669375;TESTOSTERONA LIBRE (To-L);PE
669383;TESTOSTERONA - urinaria;PE
669409;TIOCIANATOS - urinarios;PE
669417;TIOCIANATOS - séricos;PE
669426;TIONACINA;PE
669434;TIOSULFATOS - urinarios;PE
669443;TIROGLOBULINA (TGs);PE
669464;TIROGLOBULINA - líquido de punción (TG LP);PE
669477;TIROSINA (Aminoácido - A. Ác.);PE
669486;TITULACIÓN de ANTICUERPO VIII (Met..Biol.);PE
669494;TOXINA BOTULÍNICA, Ac.;PE
669503;TOXINA SHIGA o VEROTOXINAS - ESCHERICCIA COLI (c/u) - PCR;PE
669511;TOXOCARA CANIS, Ac. IgG Anti-;PE
669514;TOXOCARA CANIS, Ac. IgM Anti-;PE
669538;TOXOIDE TETÁNICO, Ac. Anti-;PE
669561;TOXOPLASMOSIS, Ac. IgA Anti-;PE
669565;TOXOPLASMOSIS, Ac. IgA ISAGA Anti-;PE
669571;TOXOPLASMOSIS, Ac. IgG Anti- (ELISA);PE
669575;TOXOPLASMOSIS, Ac. IgG Anti- (Test de avidez);PE
669580;TOXOPLASMOSIS, Ac. IgM Anti- (ELISA);PE
669588;TOXOPLASMOSIS, Ac. IgM Anti- (IFI);PE
669591;TOXOPLASMOSIS - PCR;PE
669597;t-PA INMUNOLÓGICO;PE
669622;TRANSGLUTAMINASA, Ac. IgA Anti- (TGA);PE
669631;TRANSGLUTAMINASA, Ac. IgG Anti- (TGG);PE
669637;TRANSLOCACIÓN, varias - cualitativa (c/u);PE
669642;TRANSLOCACIÓN, varios - cuantitativa (c/u);PE
669644;TREPONEMA PALLIDUM, FTA ABS, Ac. IgM Anti-;PE
669647;TRICHINELLA SPIRALIS, Ac. IgG Anti-/Ac. Totales;PE
669649;TRICHINELLA SPIRALIS, Ac. IgM Anti-;PE
669653;TRICHOMONAS, Cultivo para-;PE
669657;TRICLOROETANOL;PE
669661;TRIIODOTIRONINA Libre (T3L);PE
669672;TRIPLE TEST;PE
669682;TRIPSINA, Ac. Anti-;PE
669691;TRIPTOFANO;PE
669716;TROMBOFILIA, Panel básico;PE
669725;TROPONINA I -TnI;PE
669734;TROPONINA T (cualitativo) - TnT-cuali;PE
669735;TROPONINA T (cuantitativo) TnT-cuanti;PE
669747;TUMOR, Necrosis Factor;PE
669759;UREAPLASMA UREALÍTICUM (Cultivo).;PE
669768;UROPORFIRINAS - materia fecal;PE
669780;VACUNA LINFOCITARIA;PE
669787;VAGINAL, BALANCE DEL CONTENIDO (BACOVA);PE
669790;VANADIO, plasmático o uriniario.;PE
669793;VANCOMICINA;PE
669810;VARICELA ZOSTER, Ac. IgM Anti-;PE
669819;VARICELA ZOSTER, Ac. IgG Anti-;PE
669828;VARICELA ZOSTER, Ag.;PE
669834;VARICELA ZOSTER - DNA (PCR);PE
669846;VIGABATRINA;PE
669853;VIRUS-JUNIN, Ac. Anti- IgG (FHA);PE
669858;VIRUS-JUNIN, Ac. Anti- IgM (FHA);PE
669870;VISCOSIDAD PLASMÁTICA;PE
669879;VITAMINA B1 (TIAMINA);PE
669887;VITAMINA B6 (PIRIDOXINA);PE
669896;VITAMINA C (líquido seminal);PE
669898;VITAMINA C (plaquetaria);PE
669905;VITAMINA D  (1,25-DIHIDROXICOLECALCIFEROL O CALCITRIOL - 1,25-VITAMINA D;PE
669909;VITAMINA D2 + D3  (ERGOCALCIFEROL + 25-HIDROXICALCIFEROL O COLECALCIFEROL);PE
669913;VITAMINA D3 (25-HIDROXICALCIFEROL O COLECALCIFEROL);PE
669930;VLDL-COLESTEROL, LIPOPROTEINA DE MUY BAJA DENSIDAD.;PE
669939;XANTINA;PE
669947;YERSINIA ENTEROCOLITICA, CULTIVO;PE
669960;Yo (PCA-1), Ac. Anti- ;PE
669973;ZAP 70;PE
669978;ZIKA, virus (PCR);PE
669984;ZINC - pelo (Zn-pelo);PE
669987;ZINC - semen (Zn-semen);PE
669990;ZINC - urinario (Zn-urinario);PE
