Código;Descripción;
;Consultas;
425001;Teleconsulta;
425002;CHEQUEO MODULO CONTROL GINECOLOGICO ANUAL DE 40 A 50 AÑOS;
425003;CHEQUEO MODULO CONTROL GINECOLOGICO ANUAL HASTA 40 AÑOS;
425004;CHEQUEO MODULO CONTROL GINECOLOGICO ANUAL MAYOR DE 50 AÑOS;
425005;CHEQUEO MODULO CONTROL PEDIATRICO ANUAL HASTA 17 AÑOS OPCION A;
425006;CHEQUEO MODULO CONTROL PEDIATRICO ANUAL HASTA 17 AÑOS OPCION B;
425007;CHEQUEO MODULO CONTROL PEDIATRICO ANUAL HASTA 17 AÑOS OPCION C;
425008;CHEQUEOS PREVENTIVOS DE SALUD DE 51 A 64 AÑOS -;
425009;CHEQUEOS PREVENTIVOS DE SALUD DE MAYORES 65 AÑOS -;
425010;CHEQUEOS PREVENTIVOS DE SALUD HASTA 50 AÑOS -;
425011;Consulta Adicional  IVE/ILE;
425012;INTERCONSULTA POR TEMAS MAMARIOS;
425013;Consulta Otoneurológica con maniobras de reposicionamiento otoconial;
425014;Consulta con servicio social (entrevista individual o al grupo familiar);
425015;Atención en servicio de enfermería (por ejemplo, nebulización, inyección subcutánea o intramuscular, curación, lavado gástrico);
425016;Acompañante terapéutico, hasta 8 horas;
425017;Acompañante terapéutico, hasta 6 horas;
425018;Acompañante terapéutico, hasta 4 horas;
425019;Acompañante terapéutico, hasta 1 horas;
425033;Consulta especialista;
425034;Consulta Infectología;
425035;Consulta Traumatología;
425036;Consulta Psiquiatría (internación);
425037;CONSULTA CON PSICO ONCOLOGO;
425038;Consulta Vestida Ginecologia;
425039;Consulta Vestida Hematologia;
425040;Consulta Nutricionista;
425041;MODULO CONSULTA Y ESTUDIOS RUTINA(475-297-481-876-412-174-902-904-711-677-998 + consulta médica);
;Atención en Guardia;
425020;Consulta Médica de Guardia;
425021;Consulta Médica de Guardia ginecológica;
425022;Consulta Médica de Guardia oftalmológica;
425023;Consulta Médica de Guardia ginecológica (dehabilitado);
425024;Consulta Médica de Guardia pediatria;
425025;Consulta Médica de Guardia traumatológica;
425026;Módulo de Observación en Guardia hasta 8 horas Diurna. ;
425027;Módulo de Observación en Guardia hasta 8 horas Nocturna. ;
425028;Módulo de Observación en Guardia hasta 6 horas ;
425029;Módulo de Observación en Guardia hasta 2 a 4 horas ;
;;
;;
;Emergentología;
425030;Teleconsulta de emergencia;
425031;Atención de paciente en emergencia y/o urgencia médica con móvil de alta complejidad, con o sin traslado;
425032;Traslado de paciente en modo aéreo helicóptero, para emergencia y/o urgencia médica ;
;;
;Hospital de día;
;;
;;
;;
;;
;Internación;
437001;Módulo Día Clínico;
437002;Módulo Día Clínico Habitación compartida;
437003;Módulo Dia clinico hab. Vip;
437004;Adicional por Acompañante (cama para pernoctar y desayuno hab. VIP 430160);
437005;Adicional por acompañante (cama para pernoctar y desayuno hab comun 430163);
437006;Módulo de Observación  hasta 12 horas;
437007;Módulo de Observación hasta 8 horas;
437008;Módulo de Observación hasta 6 horas;
;;
407001;Día terapia intensiva (UTI)- Día unidad coronaria (UCO)- Día terapia intensiva pediátrica (UTIP), sin ARM ;
407002;Día terapia intensiva (UTI)- Día unidad coronaria (UCO)- Día terapia intensiva pediátrica (UTIP), con ARM ;
;;
407003;Derecho ARM;
;;
407050;Módulo de UTI Neonatal Simple;
407051;Módulo de UTI Neonatal Media;
407052;Módulo de UTI Neonatal Compleja;
;;
;Cirugía Ambulatoria;
508001;Derechos Quirúrgicos hasta 30 minutos.;
508002;Derechos Quirúrgicos hasta 1 (una) hora;
508003;Derechos Quirúrgicos hasta 2 (dos) horas;
508004;Derechos Quirúrgicos hasta 3 (tres) horas;
508005;Sala de Recuperación en área quirúrgica (hasta 2 horas)Pacientes Adultos;
508006;Sala de Recuperación en Hospital de Día (hasta 6 horas)Pacientes Adultos;
508007;Sala de Recuperación en área quirúrgica (hasta 2 horas)Pacientes  Pediatricos;
508008;Sala de Recuperación en Hospital de Día (hasta 6 horas)Pacientes Pediatricos;
508009;Derecho Quirúrgico excedente de media hora;
508020;Sala de Hemodinamia Procedimientos diagnosticos ( Solo Derechos y materiales de uso habitual excepto los excluidos);
508021;Sala de Hemodinamia Procedimientos Terapeuticos  ( Solo Derechos y materiales de uso habitual excepto los excluidos);
508018;CIRUGIA DE URGENCIA ALTA COMPLEJIDAD;
508119;Cirugia de Urgencia por presupuesto;
508120;Sala de Procedimientos Endoscópicos;
;Cirugía  con  Internación;
508012;Derechos Quirúrgicos hasta 1 (una) hora;
508013;Derechos Quirúrgicos hasta 2 (dos) hora;
508014;Derechos Quirúrgicos hasta 3 (tres) horas  ;
508015;Hora adicional de Cirugia ;
508016;Uso de Torre Laparoscopio y óptica ;
508017;"Microscopio, Arco en ""C"" ";
908001;Consola Bisturí Armónico (no incluye pinza);
908002;USO BISTURI HARMONICO (Consola, Pinza , Mango y Cable);
908003;Uso de láser en cirugía;
;;
;Operaciones en el Sistema Nervioso;
018001;NEUROCIRUGIA MODULO I;
018002;NEUROCIRUGIA MODULO II;
018003;NEUROCIRUGIA MODULO III;
018004;NEUROCIRUGIA MODULO IV;
;;
;Neurointervencionismo;
018005;Tratamientos endovascular de Aneurismas craneales con Embolizaciones Terapeuticas o Microlisis;
018006;Tratamientos endovasculares de Aneurismas y MAVs ( Mal Formaciones Arteriovenosas) Embolización;
018007;Bloqueo Radicular: Los derechos quirúrgicos ambulatorios,  materiales descartables y medicamentos de la practica (salvo exclusiones generales), derechos de anestesia y monitoreo. Uso de Tomógrafo por media hora. Sala de recuperación (hasta 6 horas). Honorarios Medicos a cargo del paciente;
018008;Bloqueo Radicular: Los derechos quirúrgicos ambulatorios,  materiales descartables y medicamentos de la practica (salvo exclusiones generales), derechos de anestesia y monitoreo. Uso de Tomógrafo. Sala de recuperación (hasta 6 horas). Honorarios Médicos;
018009;BLOQUEO PERINEURAL PERIFERICO GUIADO POR ECOGRAFIA;
018010;DRENAJE O BLOQUEO DEL DOLOR BAJO CONTROL TOMOGRAFICO;
018011;DRENAJE O BLOQUEO BAJO CONTROL ECOGRÁFICO;
;Operaciones en el aparato de la Visión;
;Operaciones en la Orbita, Globo Ocular y Musculo Ocular;
020180;Módulo  Estrabismo Uni o Bilateral  (Honorarios y gastos);
;;
;;
;Operaciones en los parpados;
020280;Ptosis Palpebral  (Honorarios y gastos);
020281;Ptosis Palpebral bilateral (Honorarios y gastos);
020282;Módulo Chalazion  (Honorarios y gastos);
020283;Biopsia Palpebral;
020284;Excéresis de tumor palpebral (sutura incluída y excluye anatomía patológica);
;Operaciones en la Conjuntiva;
020380;Pterigion con Injerto de Conjuntiva (Honorarios y gastos);
020381;Toma de Muestra Intraconjuntival (excluye análisis de la muestra);
;;
;Operaciones en la Cornea;
020480;Excimer Láser;
020481;Tratamiento de FEMTOSEC;
020482;Cirugía Refractiva con Lentes Faquicos ( excluye lente faquica Artiflex);
020483;Queratectomía unilateral;
020484;Cross Linking;
020485;Colocación de Anillos Intraestomales (excluye segmentos intraestomales);
020486;Modulo Queratoplastia DSAEK o DMEK;
020487;Modulo Queratoplastia DALK;
029002;Provision de segmento intraestomales;
;Operaciones en el Iris y cuerpo Ciliar;
020580;Módulo Glaucoma (Honorarios y gastos);
020581;Glaucoma con Colocación de Valvula  (Honorarios y gastos);
020582;Yag Láser - Iridotomía /Capsulotomía;
020583;LASER SLT (trabeculoplastía selectiva para glaucoma unilateral);
020584;CIRUGIA DE URGENCIA BAJA COMPLEJIDAD (INCLUYE: IRIDOTOMÍA, EXTRACCIÓN DE CUERPO EXTRAÑO);
;Operaciones en la Esclerótica y Retina;
020680;Vitrectomia Anterior o Simple (Honorarios y gastos);
020681;Vitrectomia Compleja (UVEITIS Crónica, MER, ETC)  (Honorarios y gastos);
020682;Vitrectomia en Endoftalmitis  (Honorarios y gastos);
020683;Inyección Intravitrea (Honorarios y gastos);
020602;Fotocoagulación con Rayo Láser de Argón;
020684;Criocoagulación;
;Operaciones en el Cristalino;
020780;Módulo de Catarata con Lente  (Honorarios y gastos) Excluye Lente;
020781;FACO + LIO PLEGABLE;
029001;Lente;
;;
;Operaciones en el Tracto lagrimal;
020880;Dacriocistorrinostomia, Fistulación de Saco Lagrimalen CA  (Honorarios y gastos);
020881;Fimosis punto lagrimal;
020882;Colocación de tubo de Jones (excluye tubos);
020883;Colocación de Puntum Plug/Minimonoka (excluye Puntum, minimonoka);
020884;Colocación de Sonda de Silicon (excluye sondas);
;;
;Otorrinolaringologicas;
;Operaciones en el oído externo;
030180;;
;;
;;
;Operaciones en el oído medio;
030280;Implante de oido medio;
;;
;;
;Operaciones en el oído interno y conducto auditivo;
030380;Implante coclear unilateral;
;;
;;
;Operaciones en la nariz;
030480;;
;;
;;
;Operaciones en los senos paranasales;
;;
;Operaciones en la laringe;
030680;Laringe parcial x via endoscópica-Laringectomia parcial endoscópica;
;;
;;
;Operaciones en la boca;
030980;;
;;
;;
;Operaciones en los labios;
031080;;
;;
;;
;Operaciones en los lengua;
038011;;
;;
;;
;Operaciones en el paladar y la úvula;
031280;Uvulopalatoplastia;
;;
;;
;Operaciones en amigdolas, adenoides, faringe y nasofaringe;
031380;;
;;
;;
;Sistema Endocrino;
040180;Tiroplastía;
;;
;;
;Operaciones en el Tórax;
;Operaciones en el Pulmón, Pleura y Mediastino;
058001;Neumotorax por cada inyección;
058002;Toracovideoscopia Treapeutica resecciones;
058003;Video Toracospia Terapeutica;
;;
;Operaciones en la Mama;
060180;;
;;
;Operaciones en el Sistama Cardiovascular;
;Infusión de Meedicamentos;
070680;Infusión de medicamentos;
070681;Tratamiento esclerosante;
;;
;Cardiología Clínica, Intervencionista y Cirugía Cardiovascular;
078001;Cirugía cardiovascular central ;
078002;Cirugía en arterias de la cavidad abdominal ;
078003;Cirugía en arterias de los miembros;
078004;Cirugía en arterias del cuello;
078005;CIRUGIA CARDIOVAS MOD I S/CIRC EXT CORP;
078006;CIRUGIA CARDIOVAS MOD II S/CIRC EXT CORP;
078007;CIRUGIA CARDIOVAS MOD III S/CIRC EXT COR;
078008;Modulo  IMP. Quir. Cardiodef.S\TORACOT.;
078009;Modulo  IMP. Quir. Cardiodef.C/TORACOT.;
078010;Modulo Cirugia Cardiovasc C/Circ. Extracorporea;
;;
;Hemodinamia y Electrofisiología;
078101;Ablación de vías anómalas por radiofrecuencia simple;
078102;Ablación por radiofrecuencia con abordaje transeptal compleja;
078103;Ablación por radiofrecuencia con abordaje transeptal 3D (Excluye materiales);
078104;Aislamiento de venas pulmonares con abordaje transeptal;
078105;Angiografía digital periférica (comprende los estudios diagnósticos que no sea coronario);
078106;Angioplastia  de carótida;
078107;Angioplastia de fístula de diálisis;
078108;Angioplastia de miembros y abdomen;
078109;Angioplastia Renal;
078110;Angioplastia Transluminal Coronaria (ATC);
078111;Angioplastia Transluminal Central Simple;
078112;Angioplastia Transluminal Central Compleja;
078113;Angioplastia Transluminal Periferica Simple;
078114;Angioplastia Transluminal Periferica Compleja;
078115;Cambio de generador de cardiodesfibrilador automático  A;
078116;Biopsia de endocardio -no relacionada con transplante;
078117;Cambio de generador de cardiodesfibrilador más resincronizador A;
078118;Cambio de generador de marcapasos definitivo A;
078119;Cambio de generador de resincronizador automático A;
078120;Cardioversión externa en área de alta complejidad/Shock Room;
078121;Cardioversión interna por Estudio Electrofisiológico;
078122;Colocación de Balón de Contrapulsación Aórtica ;
078123;Colocación de catéter de Swan Ganz ;
078124;Cateterismo cardíaco o cinecoronariografía, ;
078125;Colocacion de cateteres venosos centrales implantables o semiimplantables ;
078126;Colocación de Filtro en Vena Cava por Hemodinamia ;
078127;Colocación de Porta Cath ;
078128;Confección de Fístula de diálisis sin Goretex ;
078129;Extracción de catéteres venosos centrales / intravasculares ;
078130;Estudio de Arritmias Supraventric. Modulo;
078131;Estudio de  Arritmias Ventriculares Modulo;
078132;Estudios por Cateterismos;
078133;Fibrinolisis arterial;
078134;Fibrinolisis venosa ;
078135;Fistula Arteriovenosa;
078136;Filtro de vena cava inferior y/o superior;
078137;Flebografía dinámica con manometría ;
078138;Flebografía más cavografía ;
078139;Implante de cardiodesfibrilador automático A;
078140;Implante de cardiodesfibrilador más resincronizador A;
078141;Implante de catéter transitorio o permanente de diálisis ;
078142;Implante de marcapasos de estimulación secuencial A;
078143;Implante de marcapasos de estimulación ventricular;
078144;Implante de resincronizador ventricular;
078145;Modulo Electrofisiologia CL. Simple;
078146;Modulo Estudio Electrof. Via Transesof..;
078147;Modulo Ext. Cateter MCP C\ TEC. COOK;
078148;Modulo por Cateter Adicional;
078149;Modulo de implante marcapaso definitivo;
078150;Testeo de Drogas Antiarritmicas - Modulo;
078151;Tratamiento endoluminal del aneurisma de aorta;
078152;Valvuloplastia transluminal aórtica;
078153;Valvuloplastia transluminal mitral;
078158;COLOCACION DE CATETER PARA MEDICACION (NO INCLUYE CATETER) (*);
;Angio intervencionismo;
078154;Angiografia y Embolizacion de arterias Uterinas;
078155;Quimioembolizacion de Tumores Perifericos con o sin Citostaticos;
078156;Biopsia Hepatica por Via Transyugular;
078157;Tips (Transyugular, intrahepatico y portosistemico SHUNT;
;;
;;
;Operaciones en el Aparato Digestivo y Abdómen;
088001;Modulo de Hernioplastia Laparoscopica;
088002;Modulo de Apendicectomia Laparoscopica;
088003;Modulo de Colecistectomia Laparoscopica;
;;
;;
 ;;
;;
;;
;;
;Aparato Urinario y Genital Masculino;
108001;Nefrostomia Percutanea con o sin Nefroscopia;
108002;Colocación de PIGTAIL o  Doble J Endoscópico;
108003;Retiro de PIGTAIL o  Doble J Endoscópico;
108004;Retroperitoneoscopica;
108005;Plastia Unión Ureteropielica LAPAROSCOPICA ;
108006;Nefrolitotomia Percutanea;
108007;Ureterolitotomia LAPAROSCOPICA con Pinza o DormiaORMIA ;
108008;Ureterrenoscopia con litotomia Litotricia y Ecotomia por cualquier método;
108009;Litotricia extracorpórea renal y/o ureteral, por sesión;
;;
;;
;Operaciones en el Aparato Genital Femenino y Obstétricas;
118002;Histerectomia Laparoscopica;
118003;Histerectomia Diagnóstica o Terapeutica;
118001;Modulo de Cirugia Ginecologica Laparoscopica;
118004;Modulo Parto  - Hab Individual;
118005;Modulo Parto  - Hab Compartida;
118006;Modulo Cesarea - Hab. Individual;
118007;Modulo Cesarea - Hab. Compartida;
118008;ELECTROFULGURACION DE LESIONES CERVICALES;
118009;IMPLANTE O RETIRO  ANTICONCEPTIVO SUBDERMICO, ANTICONCEPTIVO HORMONAL O MIRENA   ;
118010;CRIOCIRUGIA GINECOLOGICA;
118011;LEEP DIAGNOSTICO;
;;
;Módulos IVE/ILE;
118008;Módulo A;
118009;Módulo B;
118010;Módulo C;
118011;Módulo D;
118012;Módulo E;
;;
;;
;;
;Operaciones en el Sistema Músculo Esquelético;
120980;ESCISIÓN DE BOLSAS SEROSAS O DEPÓSITOS CALCAREOS DE CUALQUIER ARTICULACIÓN;
121850;Infiltraciones musculares + artrocentesis;
121851;Proloterapia;
121852;Neuroproloterapia;
;Cirugia Artroscópica;
128001;Cirugia Artroscopica Rodilla Simple;
128002;Cirugia Artroscopica de Ligamentos Cruzados;
;;
;Operaciones en la Piel y Tejido Celular Subcutáneo;
138001;Capilaroscopía;
138002;Dermatoscopía;
138003;Dermoabrasión por zona;
138004;Eliminación de lesiones de piel por electrofulguración-electrocoagulación, sustancias químicas, láser o criocirugía;
138005;Fototerapia, por sesión;
138006;Videodermatoscopía de lesión de piel- Mapeo corporal total;
138007;MODULO QUIRURGICO AMBULATORIO I-( lipoma, verruga, nevus, sutura en cara);
138008;MODULO QUIRURGICO AMBULATORIO II-(injerto, zetaplastia, preparación de colgajo);
138009;Topicaciones;
138010;Curetaje;
138011;Cirugía de Mosh ;
138012;Sutura Plástica de herida;
;;
145001;;
;;
;;
;Anatomia Patológica;
155001;CONSULTA DE PREPARADOS (AGREGAR LOS COD DE LOS ESTUDIOS QUE SE REALICE;
155002;Anatomia Patológica PAAF (Punción Aspirativa con Aguja Fina);
155003;Biopsia de vellosidades coriales;
155004;Estudio de Patología Conjuntival por Depósito de Inmunocomplejos Unilateral;
155005;Estudio de Patología Conjuntival por Depósito de Inmunocomplejos Bilateral;
155006;Estudio Seriado del Globo Ocular (Incluye Melanoma Uveal y Retinoblastoma);
155007;Determinación de Antigenos por Inmunohistoquimica (Cada determinación);
155008;BIOMARCADORES C-KIT;
155009;CITOHISTOLOGICO DE BRONCOFIBROSCOPIA (POR MUESTRA);
155010;EBERS;
155011;EML4-ALK INMUNO-HISTOQUIMICA;
155012;EML4-ALK POR FISH;
155013;ESTADO DE METILACION DE LAS REGIONES PROMOTORAS DE LOS GENES MMR (ML;
155014;ESTUDIO ANATOMOPATOLOGICO EN EL SITIO DE LA TOMA.- CONTROL CON PATOL;
155015;FACTORES PRONOSTICOS EN MAMA - INC RECEP HORMONALES ESTROGENOS Y PR;
155016;FISH GANGLIO;
155017;FISH GENERICO;
155018;HER2 NEU (C-ERV 2) INMUNO-HISTOQUIMICA;
155019;HER2 NEU POR FISH;
155020;HISTOPATOLOGICO CON DETERMINACION DE RECEPTORES HORMONALES;
155021;INESTABILIDAD MICROSATELITAL (MSH6/MSH2/MLH1/PMS2);
155022;INMUNOFLORESCENCIA;
155023;INMUNOHISTOQUIMICA CON EVALUACION MEDICA ENTRE 6 Y 10 MARCACIONES;
155024;INMUNOHISTOQUIMICA CON EVALUACION MEDICA HASTA 3 MARCACIONES;
155025;INMUNOHISTOQUIMICA CON EVALUACION MEDICA HASTA 5 MARCACIONES;
155026;INMUNOHISTOQUIMICA CON EVALUACION MEDICA MAS DE 10 MARCACIONES;
155027;INMUNOHISTOQUIMICA CON EVALUACION MEDICA MAS DE 3 MARCACIONES;
155028;INMUNOHISTOQUIMICA CON EVALUACION MEDICA POR MARCADOR;
155029;INMUNOHISTOQUIMICA INVESTIGACION SIN ANTICUERPOS (POR DETERMINACION;
155030;INMUNOHISTOQUIMICA TECNICA ENTRE 6 Y 10 MARCACIONES;
155031;INMUNOHISTOQUIMICA TECNICA HASTA 5 MARCACIONES;
155032;INMUNOHISTOQUIMICA TECNICA MAS DE 10 MARCACIONES;
155033;INMUNOHISTOQUIMICA TECNICA POR MARCADOR;
155034;KI 67 INMUNO-HISTOQUIMICA;
155035;MICROSCOPIA ELECTRONICA;
155036;NTRK POR FISH;
155037;NTRK POR IHQ;
155038;P16 INMUNO-HISTOQUIMICA;
155039;PDL1 ( CLON SP263) IMH;
155040;PDL1 ( SP142) IMH;
155041;ROS1 INMUNO-HISTOQUIMICA;
155042;ROS1 POR FISH;
155043;TECNICAS ESPECIALES (HISTOQUIMICA POR TECNICA);
155044;ESTUDIO ANATOMOPATOLOGICO EN EL SITIO DE LA TOMA.;
155045;Honorarios Anatomopatologo;
155046;ANATOMIA PATOLOGICA HISTOLOGICA PARA PUNCION BAJO ECO (AGUJA GRUESA);
155047;ANATOMIA PATOLOGICA CON PRESENCIA DE PATOLOGO PARA PUNCION BAJO TC;
155048;ANATOMIA PATOLOGICA SIN PRESENCIA DE PATOLOGO PARA PUNCION BAJO TC;
155049;ESTUDIO MACRO Y MICROSCOPICO DE PIEZA DE RESECCION ONCOLOGICA AMPLIADA. ORGANO Y SUS GANGLIOS REGIONALES. ( DE 6 Y HASTA 11 );
155050;ESTUDIO MACRO Y MICROSCOPICO DE PIEZA DE RESECCION ONCOLOGICA AMPLIADA. ORGANO Y SUS GANGLIOS REGIONALES. ( DE 12 O MAS );
155051;PUNCION BIOPSIA CON AGUJA FINA Y PRESENCIA;
155052;INVESTIGACION DE HELICOBACTER PYLORICA;
155053;AP-EBERS (FISH);
155054;AP. HEMATOXILINA Y EOSINA;
155055;PCR;
155056;BIOPSIA DE NERVIO;
155057;DETERMINACION DE PLOIDIA CELULAR TUMORAL;
155058;ANAT.PATOLOGICA BIOPSIA ESTEREOTAXICA;
155059;ESTUDIO ULTRAESTRUCTURAL;
155060;P53 INMUNO-HISTOQUIMICA;
155061;DET. ADN ( PLOIDEA NUCL) ANALIZADOR IMAG;
155062;Puncion Biopsia renal para microscopia optica e inmuno fluorescencia;
155063;Panel de factores pronostico oncologico;
155064;Aspiracion endometrial para citologia;
155065;Citometria de Flujo de Medula Osea;
;Anestesiología;
168001;Honorarios Anestesia;
168002;MODULO DE TRATAMIENTO DE DOLOR DE URGENCIA( EVENTO ESPONTANEO POR GUARDIA)          ;
;;
;Cardiología;
175001;Riesgo quirurgico (ECG + Consulta);
175002;Riesgo quirurgico cardiología pediatrico;
175003;Cardiografía por impedancia;
175004;Control marcapaso-cardiodesfibrilador;
175005;ECG C/Señales Promediadas;
175006;Ergometría con consumo de oxígeno;
175007;ERGOMETRIA DE 12 DERIVACIONES;
175008;ERGOMETRIA DE 12 DERIVACIONES PEDIATRICA;
175009;Estudio de ejercicio cardiopulmonar;
175010;Estudio de Variabilidad de la F.C;
175011;Evaluación no invasiva de la presión aórtica, velocidad de la onda del pulso;
175012;Holter de 24 horas ( tres canales);
175013;Presurometria (Holter de Presión);
175014;Reprogramación de marcapasos;
175015;Tilt test;
175016;CONTROL DE CARDIODESFIBRILADOR (CDI) MAS RESINCRONIZADOR;
175017;CONTROL DE MARCAPASOS;
175018;HOLTER CARDIOLOGICO 3 CANALES PEDIATRICO;
175019;MONITOR CARDIOLÓGICO 24 HS. A DOMICILIO CABA;
175020;MONITOR CARDIOLÓGICO 24 HS. A DOMICILIO PRIMER Y SEGUNDO CORDÓN GBA;
175021;MONITOR CARDIOLÓGICO 48 HS. A DOMICILIO CABA;
175022;MONITOR CARDIOLÓGICO 48 HS. A DOMICILIO PRIMER Y SEGUNDO CORDÓN GBA;
175023;MONITOR CARDIOLÓGICO 7 DIAS;
175024;MONITOR CARDIOLÓGICO ADICIONAL POR DÍA PASADAS LAS 48 HS.;
175025;HOLTER MARCAPASOS;
175026;REPROGRAMACION DE CARDIODISFIBRILADOR;
;Ecografía;
185001;ECOGRAFIA CEREBRAL DEL RECIEN NACIDO;
185002;ECOGRAFIA TRANSFONTANELAR;
185003;Ecografia transesofágico;
185004;Ecostress ( con ejercicio);
185005;Ecostress Farmacologico ( excluye medicacion);
185006;Ecostress en Reposo y Esfuerzo;
185007;Ecocardiografía con Strain;
185008;Ecografía endobronquial (EBUS);
185009;Ecografía Obstétrica;
185010;Ecografía Transvaginal o Intravaginal;
185011;Ecografía Intravaginal Obstétrica;
185012;ECOGRAFIA MONITOREO OVULATORIO VIA TRANSVAGINAL;
185013;ECOGRAFIA OBSTETRICA - PERFIL BIOFISICO - SCAN ANATOMICO;
185014;Ecografía Obstétrica de 2do Nivel;
185015;Ecografía de la translucencia nucal - con NT;
185016;ECOGRAFIA OBSTETRICA CON NT PLUS;
185017;ECOGRAFIA OBSTETRICA TRIDIMENSIONAL;
185018;ECOGRAFIA OBSTETRICA TRIDIMENSIONAL MELLIZOS;
185019;ECOGRAFIA GASTRICA DE NEONATO P/PESQUISA DE OBSTRUCCION PILORICA;
185020;MADURACION PULMONAR FETAL;
185021;Ecografía Prostática Transrectal;
185022;Ecografía de Cadera ( ambas caderas);
185023;ECOGRAFIA CADERA NEONATAL( Ambas caderas);
185024;Ecografía Muscular y/o de Partes Blandas - piel;
185025;ECOGRAFIA ARTICULACION - MUSCULAR - osteoarticular;
185026;ECOGRAFIA AXILAR;
185027;ECOGRAFIA DE GLANDULA PAROTIDA, SUBLINGUAL, SUBMAXILARES;
185028;ECOGRAFIA OSTEO MUSCULO ESQUELETICO;
185029;ELASTOGRAFIA HEPATICA;
185044;ECOCARDIOGRAMA BIDIMENSIONAL PEDIATRICO;
185045;MARCACION CON CARBÓN BAJO CONTROL ECOGRÁFICO UNILATERAL;
185046;CONTEO DE FOLICULOS;
185111;ECOGRAFIA PENEANA;
185112;ECOGRAFIA PLEURAL O TORACICA;
185113;ECOGRAFIA CUALQUIER  REGION NO NN;
185114;Ecostress Farmacologico (DIPIRIDAMOL );
185115;ECOGRAFIA CON DENTRA SCANS;
;Ecodoppler;
185050;Ecodoppler blanco y negro;
185051;Ecodoppler blanco y negro periférico;
185052;Ecodoppler color;
185053;Ecodoppler transcraneal;
185054;Ecodoppler color transcraneal;
185055;DOPPLER TRANSFONTANELAR;
185056;DOPPLER DE CEREBRO DEL NEONATO;
185057;Ecodoppler color Oftalmológico;
185058;Ecodoppler color Carotideo;
185059;Ecodoppler color venoso de vasos de cuello;
185060;Ecodoppler color arterial de vasos de cuello;
185061;Ecodoppler color de vasos de cuello c/TMI y Test de reacción endotelial;
185062;Ecodoppler color de Tiroides;
185063;Ecodoppler color Mamario uni o bilateral ;
185064;Ecodoppler color cardiaco;
185065;Ecodoppler color cardiaco pediatrico;
185066;Ecodoppler color cardiaco tridimensional;
185067;Ecodoppler color Transesofagico;
185068;Ecodoppler color Transtorácico con prueba de pasaje de burbujas;
185069;ECOCARDIOGRAMA DOPPLER TRANSESOFAGICO MULTIPLANAR;
185070;Ecodoppler color periferico;
185071;Ecodoppler color venoso de MMSS;
185072;Ecodoppler color arterial de MMSS;
185073;Ecodoppler color venoso de MMII;
185074;Ecodoppler color arterial de MMII;
185075;DOPPLER ARTERIAL Y VENOSO DE AMBOS MIEMBROS (INFERIORES O SUPERIORES);
185076;DOPPLER ARTERIAL Y VENOSO DE UNO DE LOS MIEMBROS (SUPERIOR O INFERIOR);
185077;DOPPLER MAMARIO;
185078;Ecodoppler color abdominal - Vasos Abdominales;
185079;Ecodoppler color de Aorta abdominal;
185080;Ecodoppler color Esplénico - Cava;
185081;Ecodoppler color Esplénico portal;
185082;DOPPLER CONTROL P-OPERAT.REVASCULARIZACION MESENTERICA;
185083;DOPPLER EST.TROMBOSIS PORTAL Y EJE ESPLENOPORTAL;
185084;DOPPLER HEPATICO;
185085;DOPPLER DE ANGOR MESENTERICO;
185086;Ecodoppler color de Retroperitoneal y arbol urinario;
185087;Ecodoppler color de Fistulas A-V en pacientes dialisados;
185088;Ecodoppler color Renal- Arterias renales;
185089;Ecodoppler color Vesico  - Prostático;
185090;Ecodoppler color Prostático - Transrectal;
185091;Ecodoppler color Testicular- Escrotal;
185092;Ecodoppler color Peneano;
185093;Ecodoppler color de Cordón Espermático;
185094;Ecodoppler color Ginecológico;
185095;Ecodoppler color Transvaginal;
185096;Ecodoppler color Obstétrico;
185097;Ecodoppler color neonatal;
185098;Ecodoppler Cardiaco neonatal;
185099;Doppler de vasos uteroplacentarios, fetal;
185100;Ecodoppler Arterias uterinas;
185101;Ecodoppler color Obstetrico y fetal;
185102;DOPPLER P/EVALUACION DE RETARDO DE CRECIMIENTO INTRAUTERINO;
185103;DOPPLER DEL CORDON UMBILICAL;
185104;Scan detallado fetal;
185105;Ecodoppler de partes blandas - piel;
185106;DOPPLER DE OTRAS REGIONES;
185107;ECOGRAFIA CON POWER DOPPLER;
185108;ECODOPPLER CARDIACO PROTOCOLO MARIPOSA;
185109;ECODOPPLER TISULAR;
;;
;Nutrición;
195001;Elaboración de Regimen individual- Antropometría;
;;
;;
;Gastroenterología;
205003;Estudio dinámico de Glándulas Salivales;
205004;Ablación de Tumores Esofágicos por metodos físicos o químicos;
205005;Phmetria esofágica para lactantes;
205006;Phmetría 24 horas;
205007;Phmetria esofágica y/o gástrica computarizada 24 hs;
205008;Manometría digital digestiva;
205009;Manometria esofagica computarizada;
205010;Busqueda de hemorragia digestiva con eritromarcadores;
205011;Test de aire espirado;
205012;Impedanciometría multicanal esofágica;
205054;Test de expulsión del balón;
205055;Colocación /Cambio de sonda nasogástrica (SNG);
;;
;Endoscopías;
038001;Cirugia Endoscopica Rinosinusal Unilateral- CERS Unilateral;
038002;Cirugia Endoscopica Rinosinusal Bilateral- CERS Bilateral;
205001;Colangiopancreatografía Retrógrada Endoscópica - CPRE;
205002;Colangiopancreatografía Retrógrada Endoscópica con extracción de calcúlo o papilotomía;
205013;Banding ligadura de varices esofágicas endoscópica;
205014;Dilatación esofágica con bujías de Savary o con balón;
205015;Disección submucosa para cáncer gástrico precoz;
205016;Ecoendoscopía con punción, drenaje y otros procedimientos terapéuticos;
205017;Ecoendoscopía diagnóstica;
205018;Extracción de cuerpo extraño;
205019;Hemostasia de lesión sangrante;
205020;Mucosectomía;
205021;Polipectomía colónica;
205022;Reparación de lesiones con Argón plasma;
205023;Videoendoscopía mediante endocápsula;
205024;Videoendoscopía Digestiva Alta Diagnóstica;
205025;Videoendoscopía Digestiva Alta Terapéutica ;
205026;Videoendoscopía Digestiva Baja Diagnóstica;
205027;Videoendoscopía Digestiva Baja Terapéutica;
205028;VEDA con electrocoagulación con Argón Plasma;
205029;VCC con electrocoagulación con Argón Plasma;
205030;Test de Hidrógeno sobrecrecimiento bacteriano de intestino delgado;
205031;Test de Hidrógeno para detección de Intolerancia a la Glucosa,Fructosa, Sorbitol o Sacarosa;
205032;Cápsula Patency;
205033;Ecoendoscopía  Bilio Pancreática Diagnóstica c/ o s/ elastografía;
205034;Estudio de Phmetría con cápsula Bravo por endoscopía;
205035;VEDA con esclerosis de várices esofágicas ( x sesión);
205036;VEDA con dilatación por patología de Acalasia o inyección de toxina botulínica ;
205037;Gastrostomía Endoscópica;
205038;Recambio de Gastrostomía Endoscópica;
205039;Colangiopancreatografía Retrógrada Endoscópica con colocación de stent;
205040;Colocación , extracción o recambio de stent metálico;
205041;Tumorectomía esofágica /gástrica /colonica;
205042;Enteroscopia endoscópica simple balón profunda;
205043;Enteroscopia endoscópica simple balón proximal;
205044;Ablación endoscópica por radiofrecuencia para tratamiento de esófago de Barret;
205045;Tratamientos especiales por presupuesto ;
205046;Gasto VEDA Diagnóstica;
205047;Gasto VCC Diagnóstica;
205048;Gasto VEDA o VCC Terapeutica;
205049;Gasto mucosectomía;
205050;Gasto ecoendoscopia gástrica/rectal diagnóstica;
205051;Gasto ecoendoscopia biliopancreática diagnóstica;
205052;Gasto endoscopía gástrica/rectal /biliar  TX;
205053;Gasto Uso de Equipamiento Argón Plasma (coagulación con Argón Plasma);
205056;DILATACION ESOFAGICA-PILORICA O COLONICA;
205057;VCC con hemostasia de lesiones sangrantes;
205058;COLOC.CLIPS HEMOSTATICOS;
205059;CPRE- (resto de las prácticas: c/extr.calculos y/o papilotomia con y/o sin honorarios);
205060;VEDA o VCC- Todas las endoscopias gastro  (Diagnóstica o terapeutica) -Sin honorarios;
;;
209900;Material descartable endoscopias;
285022;Endoscopia rigida Neumonología Infantil (Honorarios);
285023;Endoscopia flexible Neumonología Infantil  (Honorarios);
285024;Criobiopsia de pulmón;
285025;Resección endoscópica con electrobisturí;
285026;Resección endoscópica con láser;
285027;Retiro de stent;
 ;;
;;
;Genética Humana;
215001;PUNCION DE VELLOSIDADES CORIONICAS (INCLUY.A. CROMOSOMICO C/PATOLOGO;
;;
;;
;Ginecología y Obstetricia;
225001;Toma de PAP;
225002;Toma de Biopsia;
225003;Extracción de DIU;
225004;Cepillado de epitelio vaginal y cervical para detencion HPV ;
;Hematología;
235001;Punción Aspiración Médula Ósea (Honorarios y materiales descartables);
235002;Punción Biopsia Médula Ósea  y  subsig. c/u(Honorarios y materiales descartables);
235003;CORRECCION DE KPTT;
235004;CORRECCION T.TROMBINA;
235005;CURVA DILUCION F VIII;
235006;DIMERO-D;
235007;ESTERASA;
235008;FROTIS POR HEMATOLOGO;
235009;RIN;
235010;PDF EN PLASMA;
235011;INDICES HEMATIMETRICOS;
235012;SUDAN BLACK;
235013;TEST NEUTRALIZ.PLAQUETARIO;
235014;TIEMPO DE RUSSELL;
235015;TROMBINA REPTILASE;
235016;TIEMPO DE QUICK C/RIN;
235017;TIEMPO DE QUICK CORREGIDO;
235018;TEST TOLERANCIA HEPARINA;
235019;Estudios inmunohematologicos (Cada determinación);
;;
;Hemoterapia;
245001;Consulta médica o profesional;
245002;Autotransfusión - Autologas;
245003;Plasmaferesis con separador celular tipo Haemonetics o similar ;
245004;Aferesis de plaquetas ;
245005;Ultrafiltración;
245006;Ultrafiltración con filtros de  Prosorva o similares (Complementemia) ;
245007;Criopreservación;
245008;Agrupamiento pre transfusional  (sólo primera vez);
245009;Aplicación de plasma rico en plaquetas, por procedimiento;
245010;Aferesis de plaquetas por procedimiento;
245011;Aferesis  terapeutica (eritroaferesis y/o leucoaferesis);
245012;Aferesis (obtención de celulas mononucleares);
245013;Cuantificación de hemorragia feto materna Kleihauer-Betke;
245014;Eritroféresis terapéutica;
245015;Exsanguinotransfusión;
245016;Irradiación de sangre y/o derivados (cada uno);
245017;Leucoféresis terapéutica;
245018;Plasma convaleciente;
245019;Plasmaféresis terapéutica, por procedimiento;
245020;Procedimiento ambulatorio gel plaquetario;
245021;Procedimiento ambulatorio PRP (Plasma rico en plaquetas);
245022;Transfusión de crioprecipitados, por unidad;
245023;Transfusión de crioprecipitados, por unidad;
245024;Transfusión de concentrado plaquetario donante único (aféresis);
245025;Transfusión de concentrado plaquetario donante único (aféresis) irradiado;
245026;Transfusión de concentrado plaquetario filtrado, por unidad;
245027;Transfusión de concentrado plaquetario irradiado y filtrado, por unidad;
245028;Transfusión de concentrado plaquetario irradiado, por unidad;
245029;Transfusión de concentrado plaquetario, por unidad;
245030;Transfusión de glóbulos rojos desplasmatizados filtrados, por unidad;
245031;Transfusión de glóbulos rojos RH negativo (-) sedimentados o desplasmatizados x unidad;
245032;Transfusión de glóbulos rojos RH positivo (+) sedimentados o desplasmatizados x unidad;
245033;Transfusión de glóbulos rojos desplasmatizados irradiados y filtrados, por unidad;
245034;Transfusión de glóbulos rojos desplasmatizados irradiados, por unidad;
245035;Transfusión de glóbulos rojos desplasmatizados, por unidad;
245036;Transfusión de plasma fresco congelado, por unidad;
245037;Transfusión intrauterina;
245038;Transfusion de plasma;
245039;Transfusion de sangre total;
245040;Transfusion de sangre desleucotizada RH (+);
245041;Transfusion de sangre desleucotizada RH (-);
245042;Transfusion de plasma;
245043;Tromboelastometria estudio de agregación plaquetaria, por vía ADP;
245044;Tromboelastometria estudio de agregación plaquetaria, por vía ARA;
245045;Tromboelastometria estudio de agregación plaquetaria, por vía TRAP;
245046;Tromboelastometria rotacional Aptem (Fibrinolisis), por medición;
245047;Tromboelastometria rotacional Extem (vía extrinseca), por medición;
245048;Tromboelastometria rotacional Fibtem (fibrinógeno), por medición;
245049;Tromboelastometria rotacional Hepetem (Heparinasa), por medición;
245050;Trombolestometria rotacional Intem (vía intrínseca), por medición;
245051;Recuperación intraoperatoria de sangre, por procedimiento;
245052;Sangría terapéutica, por procedimiento;
245053;modulo de reserva compatibilidad c/bolsa;
249901;Filtros para Glóbulos Rojos;
249902;Filtros para Plaquetas;
249903;Modulo de transfusión;
;;
;Rehabilitación Médica;
255001;Rehabilitación kinesica vestibular;
255002;Rehabilitacion del Acufeno e Hiperacusia;
255003;Rehabilitacion s/trastorno Procesam Auditivo Central;
255004;Rehabilitacion Audio Fonetico Lingüistico de paciente Implantado (x sesion);
255005;Fisiokinesioterapia Compleja (laser, magneto, etc);
255006; Rehabilitación Postural Global -RPG;
255007;REHABILITACION CARDIOVASCULAR MENSUAL;
255008;REHABILITACION PULMONAR MENSUAL;
255009;REHABILITACION PULMONAR MENSUAL (CON OXIGENO);
;Medicina Nuclear;
265002;Centellograma óseo parcial;
265003;Centellograma óseo 3 tiempos;
265004;Centellograma óseo con colimador pinhole con MDP-Tc99m;
265005;Centellograma de Tiroides con I-131;
265006;Centellograma de Tiroides con Tc99m;
265007;Centellograma glándulas lagrimales o dacriocentellografía  isotópica;
265008;Centellograma pulmonar cuantificado;
265009;CENTELLOGRAFIA PULMONAR POR VENTILACION MAS PERFUSION;
265010;CENTELLOGRAMA C/INMUNOGLOBULINAS POLICLONALES (IGG-TC99M)(INCL.DIN.R;
265011;CENTELLOGRAMA C/INMUNOGLOBULINAS POLICLONALES (IGG-TC99M)(INCLUY.DI;
265012;Centellograma de mama;
265013;Detección de divertículo de Meckel ( con cimetidina);
265014;Marcación de paratiroides para cirugía radioguiada;
265015;Centellograma con ciprofloxacina;
265016;Centellograma de médula ósea con Indio 111;
265017;Marcación de ganglio centinela para cirugía radioguiada;
265018;Centellograma suprarrenal con MIGB-I131 SPECT;
265019;CENTELLOGRAMA GLANDULAS SUPRARRENALES C/MIBG I 131-INCLUYE CENTELLOG;
265020;CENTELLOGRAMA HEPATOBILIAR C/SEG.HASTA 24 HS;
265021;CENTELLOGRAMA MARCADO C/ANTIBIOTICO (INFECTON);
265022;CENTELLOGRAMA TESTICULAR;
265023;CISTOURETROGRAFIA RADIOSOTOPICA DIRECTA;
265024;COLANGIO RADIOISOTOPICA P/DETECC.HEMORRAG.DIGESTIVA. DIVERTICULO DE M;
265025;DETECCION DE HELICOBACTER PYLORI POR TEST DEL AIRE ESPIRADO.;
265026;LINFO CENTELLOGRAMA PARA MARCACION DE GANGLIO CENTINELA;
265027;Rastreo corporal total oncológico con Octeotride-In111;
265028;Rastreo corporal total oncológico con Octeotride-Tc99m;
265029;Rastreo corporal total oncológico con Somastostatina-Tc99m;
265030;Rastreo corporal total con Sestamibi-Tc99m;
265031;PERFUSION MIOCARDICA EN ESFUERZO Y REPERFUSION A LAS 24 HS.(INCLUYE ERG;
265032;Perfusión miocárdica con apremio farmacológico- Reposo SPECT;
265033;Perfusión miocárdica R/E SPECT gatillado;
265034;RADIOCARDIOGRAMA EN REPOSO Y TEST DEL FRIO;
265035;RADIOSINOVECTOMIA P32;
265036;SALIVOGRAMA /Test de microaspiracion;
265037;TRATAMIENTO PALIATIVO DEL DOLOR OSEO C/SAMARIO 153 DE IMP;
265038;Rastreo corporal total oncológico con Galio-67;
265039;SPECT CARDIACO EN REPOSO O ESFUERZO;
265040;Spect Cardíaco - Perfusión Miocárdica en Reposo y Esfuerzo ;
265041;Spect Gatillado Cardíaco - Perfusión Miocárdica en Reposo y Esfuezo;
265042;SPECT cardíaco con fosfonatos-Tc99m reposo;
265043;SPECT cardíaco con MIBG-1123 reposo;
265044;SPECT cardiaco con Sestamibi-Tc99m;
265045;Spect Cerebral - Centellograma Cerebral;
265046;Spect Óseo - Centellograma Óseo de un área con Spect;
265047;SPECT óseo 2 áreas (2 camillas);
265048;SPECT óseo 3 áreas (3 camillas-cuerpo entero);
265049;SPECT hepato-esplénico;
265050;SPECT CUALQUIER ORGANO;
265051;HIDA;
265052;SPECT AMILOIDOSIS;
265053;SPECT CARDIACO CON TEST DE HIPERVENTILACION Y FRIO;
265054;BARRIDO CORPORAL TOTAL CON MIBG- 131;
265055;GATED SPECT CON RECONTRUCCIÓN TRIDIMENSIONAL;
265056;ESTUDIO PRIMER PASAJE CARDÍACO C/ CÁLCULO DE SHUNT CARDIOP.;
269901;Material Radiactivo según valores CEDIM;
269902;Drogas de apremio farmacológico;
;;
;Nefrología;
275001;Colocación de catéter para diálisis peritoneal continua y entrenamiento del paciente o familiar;
275002;Derecho de Hemodiálisis (por sesión);
275003;Diálisis peritoneal continua, por sesión;
275004;Hemodiafiltración continua venovenosa, por sesión;
275005;Hemodiafiltración on line, por sesión;
275006;Hemodiálisis aguda, por sesión;
275007;Hemodiálisis crónica, por sesión;
275008;Hemodiálisis venovenosa continua, por sesión;
275009;Hemofiltración venovenosa continua, por sesión;
275010;Ultrafiltración contínua venovenosa, por sesión;
275011;Recolocación de catéter para diálisis peritoneal continua;
275012;Hemodiálisis x sesión ( Pte internado solo honorarios);
;Neumonología;
285001;Calibración de CPAP - Titulación con CPAP;
285002;Estudio funcional respiratorio, hasta tres mediciones con difusión de monóxido de carbono;
285003;Pemax/Pimax;
285004;Resistencia y conductancia de las vías aéreas;
285005;Test de difusión;
285006;Test de marcha de 6 minutos, con o sin titulación;
285007;Test de provocación bronquial con metacolina;
285008;Volúmenes pulmonares por pletismografía;
285009;CAPACIDAD PULMONAR TOTAL Y VOLUMEN RESIDUAL;
285010;MAXIMA VENTILACION VOLUNTARIA - MVV -;
285011;MONITOREO DE OXIMETRIA PROLONGADA (24 HS);
285012;OXIMETRIA DE PULSO - NEUMONOLOGIA - SATUROMETRIA;
285013;PRESIONES INSPIRATORIAS Y ESPIRATORIAS MAXIMAS;
285014;VOLUMEN Y CAPACIDAD DE CIERRE;
285015;VOLUMENES PULMONARES POR ESPIROMETRIA;
285016;VOLUMENES PULMONARES POR PLETISMOGRAFIA;
285029;EVALUACION OXIGENOTERAPIA CRONICA DOMICILIARIA;
285030;MONITOREO DE OXIMETRIA NOCTURNA (12 HS) (EVALUACION OXIGENOTERAPIA C;
285028;ESPIROMETRÍA COMPUTARIZADA;
285031;ERGOESPIROMETRIA 0 ESPIROMETRIA DE EJERCICIO;
289900;ADICIONAL FILTRO ESPIROMETRIA;
;Neumonología Infantil;
285017;cambio de canula de traqueotomia (Honorarios);
285018;traqueotomia  (Honorarios);
285019;traqueoplastia  (Honorarios) ;
285020;lavado bronco alveolar  (Honorarios);
285021;cierre de fistula traqueocutanea  (Honorarios);
285032;ESPIROMETRIA COMPUTARIZADA PEDIATRICA;
285033;TEST DE LOS 6 MINUTOS PEDIATRICO;
;Neurologia;
295001;Electroencefalograma de sueño, diurno, hasta 1 hora;
295002;Electroencefalograma prolongado de sueño, vespertino;
295003;Electromiografía con estimulación repetitiva;
295004;Electromiografía de fibra única;
295005;Electroneuronografia;
295006;Estimulación eléctrica funcional;
295007;Evaluación de funciones mentales superiores;
295008;Mapeo cerebral;
295009;Monitoreo de presión intracraneana;
295010;Potencial evocado auditivo;
295011;Potencial evocado auditivo con umbrales;
295012;Potencial evocado somatosensitivo de 4 miembros;
295013;Potencial evocado somatosensitivo de MMSS o MMII;
295014;Potencial evocado visual;
295015;Potenciales Miogenicos Vestibulares - CVEMPS;
295016;Potenciales Miogenícos Oculares - OVEMPS;
295017;Potenciales Miogenicos Vestibulares y Oculares MULTIFRECUENCIALES;
295018;Potencia?es Evocados Auditìvos Tronco Cerebral|BERA);
295019;Potenciales Evocados Auditivos con deteccion de umbrales por tonos Multifrecuenciales;
295020;Bera con Anestesia General-Potenciales Evocados Bera con anestesia general;
295021;"Potenciales  Evocados Auditivos con deteccion de umbrales por tonos multifrecuenciales
Multifrecuenciales";
295022;Videoelectroencefalograma;
295023;Polisomnografía diurna o nocturna (lactante, pediátrico o adulto);
295024;Polisomnografía diurna o nocturna con oximetría (lactante, pediátrico o adulto) o poligrafía (pediátrico o adulto) con/sin CPAP;
295025;PSG Pediatrica ( Honorarios) - Ambulatorio;
295026;PSG Pediatrica ( Honorarios) - Internado;
295027;PSG Adulto ( Honorarios) Ambulatorio;
295028;PSG Adulto ( Honorarios) - Internado;
295029;Poligrafía respiratoria nocturna domiciliaria;
295030;EEG CON ACTIVACIÓN COMPLEJA - DE 0 A 5 AÑOS;
295031;EEG CON ACTIVACIÓN COMPLEJA - DE 5 Y 12 AÑOS;
295032;EMG DE MMII O MMSS O FACIAL - PEDIÁTRICO;
295033;EMG DE MMII O MMSS O FACIAL CON VELOCIDAD DE CONDUCCIÓN MOTORA - PEDIATRICO;
295034;EMG DE MMII Y MMSS - PEDIÁTRICO;
295035;EMG DE MMII Y MMSS CON VELOCIDAD DE CONDUCCIÓN MOTORA - PEDIATRICO;
295036;EMG DE PERINE Y ESFINTER ANAL;
295037;EMG PISO DE BOCA - ADULTOS;
295038;EMG PISO PELVIANO;
295039;BLINK REFLEX;
295040;ESTIMULACIÓN REPETITIVA;
295041;MAPEO CEREBRAL O EEG COMPUTARIZADO;
295042;MAPEO CEREBRAL PEDIÁTRICO ( EEG CON COHERENCIA);
295043;POTENCIALES EVOCADOS AUDITIVOS O VISUALES - DE 0 A 6 AÑOS;
295044;POTENCIALES EVOCADOS AUDITIVOS O VISUALES - DE 6 A 13 AÑOS;
295045;POTENCIALES EVOCADOS DEL NERVIO TRIGEMINO;
295046;POTENCIALES EVOCADOS PUDENDOS;
295047;POTENCIALES EVOCADOS SOMATO SENSITIVOS DE MMSS O MMII - DE 0 A 6 AÑOS;
295048;POTENCIALES EVOCADOS SOMATO SENSITIVOS DE MMSS O MMII - DE 6 A 13 AÑOS;
295049;REFLEJO H O REFLEJO F;
295050;VELOCIDAD DE CONDUCCIÓN DE SENSITIVA;
295051;VIDEO IMPULSE TEST (VHIT);
295052;POLIGRAFIA A DOMICILIO CABA Y PRIMER CORDON GBA;
295053;POLIGRAFIA A DOMICILIO SEGUNDO CORDON GBA;
295054;POLISOMNOGRAFIA NOCTURNA + TITULACION DE C-PAP A DOMICILIO CABA Y PRIMER CORDON GBA;
295055;POLISOMNOGRAFIA NOCTURNA + TITULACION DE C-PAP A DOMICILIO SEGUNDO CORDON GBA;
295056;POLISOMNOGRAFIA NOCTURNA A DOMICILIO CABA Y PRIMER CORDON GBA;
295057;POLISOMNOGRAFIA NOCTURNA A DOMICILIO SEGUNDO CORDON GBA;
295058;TITULACION DE C-PAP A DOMICILIO CABA Y PRIMER CORDON GBA;
295059;TITULACION DE C-PAP A DOMICILIO SEGUNDO CORDON GBA;
295060;Potenciales evocados;
295061;ELECTROMIOGRAMA COMPUTADO;
295062;ESTUDIO ELECTROFISIOLOGICO DEL TEMBLOR;
295063;MONITOREO INTRAQUIRURGICO POR POT.EVOCADO;
295064;TOTAL EVALUAC.NEUROLOGICA;
295065;EVALUACION NEUROLOGICA - MOVIMIENTOS ANORMALES PREQUIRURGICA;
295066;COLOCACION BOMBA APOMORINA AMB.;
295067;1° EVALUACION: TEST DE CONTACTOS (CTROL AMB.X 4HS) POST QUIRURGICA;
295068;PROGRAMACIÓN POST QUIRURGICA AVANZADA - SEGUIMIENTO;
295069;EEG DE SUEÑO ESPONTANEO -  DE 0 A 12 AÑOS;
295070;EEG DE SUEÑO ESPONTANEO -  MAYOR DE 12 AÑOS;
295071;EEG PROLONGADO SUEÑO 1 HORA - PEDIATRICOS;
295072;EEG PROLONGADO SUEÑO 2 HORAS - PEDIATRICOS;
295073;EEG PROLONGADO VIGILIA 1 HORA - ADULTOS;
295074;EEG PROLONGADO VIGILIA 1 HORA - PEDIATRICOS;
295075;EEG PROLONGADO VIGILIA 2 HORAS - ADULTOS;
295076;EEG PROLONGADO VIGILIA 2 HORAS - PEDIATRICOS;
295077;APLICACION TOXINA BOTULINICA HONOR. NEURO (NO INCLUYE MEDIC);
;;
;;
;;
;;
;;
;;
;;
;Oftalmologia;
305001;Angiografia digital oftalmológica;
305002;Biometría ocular;
305003;Ultrabiomicroscopía unilateral del segmento anterior-UBM;
305004;Dacriocistografía;
305005;Ecometría;
305006;Electrooculograma;
305007;Electroretinograma;
305008;Estereofotografía de papila;
305009;Evaluaciones oftalmológicas generales (fondo de ojo, tonometría y prescripción de lentes);
305010;Examen sensorial del estrabismo;
305011;Prueba de ojo seco;
305012;Prueba de vías lagrimales;
305013;Recuento de células endoteliales corneales;
305014;Rehabilitación visión subnormal, por sesión;
305015;Test de colores;
305016;Test de Hess Lancaster;
305017;Test de Lotmar;
305018;Tomografía de coherencia óptica (OCT) - ;
305019;Tomografía retinal de Heidelberg (HRT);
305020;Retinofluoresceinografia- retinografia digital Unilateral/Bilateral;
305021;PAQUIMETRIA COMPUTARIZADA ;
305022;Campo Visual Computarizado;
305023;Topografía Corneal;
305024;Aladdin;
305025;HD Analyzer;
305026;Pentacam;
305027;Retinografía DRS;
305028;Aberrometría;
305029;IOL Master;
305030;Microscopía especular;
305031;Meibografía-unilateral;
305032;Test de sensibilidad de contraste;
305033;Autorrefractrometría;
305034;ESTUDIO RETINA PERIFERICA EN PREMATUROS;
305035;LASER POR OFTALMOSCOPIA BINOCULAR INDIRECTA (laser x OBI);
;;
;;
;ORL;
315001;Acufenometría;
315002;Audio Tonal Por Juego;
315003;Audiometria Tonal A Campo Libre;
315004;Logoaudiometria Por Via Osea;
315005;Audíometria de alta  frecuencia;
315006;Timpanometría;
315007;Simulacion Prueba del juicio;
315008;Olfatometría;
315009;CERA;
315010;Electrococleografía-Mic.cocleares;
315011;Potencial evocado aud. de TC infantil c/ busqueda de umbrales (hasta 5 años);
315012;Microfónicos Cocleares;
315013;Otoemisiones Acusticas;
315014;Estimulacion Elect. Prom.Coclear;
315015;Estimulacion del Procesamiento auditivo central;
315016;Evaluacion Objetiva Voz/ Laboratorio  de la Voz/ Analisis acustico de la voz;
315017;Videoestroboscopia;
315018;Videonystagmografia  VHIT 6 canales;
315019;Fibroscopía;
315020;Videofibroscopia diagnóstica;
315021;Rinodebitomanometria digital computarizada;
315022;Modulo Pre Implante Coclear;
315023;Modulo Post Implan?e Coclear Hasta 90 dias;
315024;Modulo de Control Calibracion de Implante Coclear Unilateral;
315025;Screening audiológico ;
;Pediatría;
325001;;
;;
;Psiquiatria - Psicologia;
335001;Psicodiagnóstico (psicológico, psicopedagógico, cognitivo). Valoración geriátrica integral. Orientación vocacional.;
335002;Atención domiciliaria de salud mental;
335003;Consulta o entrevista individual, grupal o familiar en salud mental o geriatría;
;Radiología;
346001;RADIOGRAFIA CON TECNICA O PLACA MAMOGRAFICA;
346002;Espinograma (placa de 30 x 70cm);
346003;Estudio de Videodeglución (sólidos y líquidos);
346004;VIDEO DE LA DEGLUCION EN 4 TIEMPOS O FRACCIONADA RADIOLOGIA;
346005;Defecatografia;
346006;Medición miembros Inferiores (placa de 30 x 70cm);
346007;Mamografía unilateral, con o sin prolongación axilar, y/o técnica de magnificación;
346008;Mamografía bilateral, con o sin prolongación axilar, y/o técnica de magnificación;
346009;MAMOGRAFIA DIGITAL + TECNICA DE ECKLUND BILATERAL;
346010;MAMOGRAFIA DIGITAL BILATERAL;
346011;MAMOGRAFIA DIGITAL BILATERAL CON TECNICA DE ECKLUND;
346012;MAMOGRAFIA DIGITAL CON TOMOSINTESIS BILATERAL;
346013;MAMOGRAFIA DIGITAL UNILATERAL;
346014;MAMOGRAFIA MAGNIFICADA  DIGITAL POR LADO;
346015;MAMOGRAFIA MAGNIFICADA DIGITAL BILATERAL;
346016;MAMOGRAFIA UNILATERAL CON TECNICA DE ECKLUND;
346017;MAMOGRAFIA UNILATERAL DE ALTA RESOLUCION;
346018;MAMOGRAFIA UNILATERAL MAGNIFICADA;
346019;MARCACION MAMARIA;
346020;MARCACION MAMARIA CON CARBONO VEGETAL;
346021;MARCACION MAMARIA CON CARB.VEG.Y ARPONAJ;
346031;COMPRESION FOCALIZADA BILATERAL;
346032;COMPRESION FOCALIZADA UNILATERAL;
346223;ESPINOGRAMA EXPOSICION SUBSIGUIENTE;
346323;MAMOGRAFIA PARA MARCACION RADIO - QUIRURGICA;
346324;MARCACION MAMARIA CON COLOCACION DE CLIP METALICO ( EXCLUYE EL CLIP) ;
346326;RADIOGRAFIA M.INFERIORES (EXPOSICION SUBSIGUIENTE);
346325;RADIOGRAFIA MIEMBROS INFERIORES (PRIMERA EXPOSICION);
346327;TRANSITO COLONICO CON MARCADORES RADIO OPACOS;
346328;TRANSITO DE INTESTINO DELGADO POR DOBLE CONTRASTE;
;;
;;
346021;Contraste rx;
;Densitometria Ósea;
346022;Densitometría ósea total o cuerpo entero;
346023;Densitometría ósea por región;
346026;DENSITOMETRIA DE ESQUELETO TOTAL CON COMPOSICION CORPORAL;
346027;DENSITOMETRIA OSEA COLUMNA LATERAL;
346028;DENSITOMETRIA OSEA COLUMNA LUMBAR PEDIATRICA;
346029;DENSITOMETRIA OSEA DE ESQUELETO TOTAL CON ROI;
346030;MORFOMETRÍA VERTEBRAL;
;Tomografía Computada;
346100;TAC Cráneo;
346101;TAC Macizo Facial;
346102;TAC Peñascos;
346103;TAC Fosa Posterior;
346104;TAC Oido;
346105;TAC Cavun;
346106;TAC Cuello;
346107;TOMOGRAFIA OFTALMOLOGICA. L;
346108;TOMOGRAFIA PARA BLOQUEO;
346109;ENTERO TOMOGRAFIA COMPUTADA;
346110;URO TOMOGRAFIA;
346111;SCORING DE CALCIO PREVENTIVA;
346112;TOMOGRAFIA CEREBRAL MULTISLICE;
346113;TOMOGRAFIA CEREBRAL MULTISLICE C/ CONTRASTE;
346114;TOMOGRAFIA MULTISLICE TIROIDES;
346115;TOMOGRAFIA MULTISLICE PARA MORFOMETRIA DE ENFISEMA;
346116;TOMOGRAFIA TORACICA MULTISLICE;
346117;TOMOGRAFIA MULTISLICE DE TORAX CON VOLUMETRIA DE NODULOS PULMONA;
346118;TOMOGRAFIA MULTISLICE ESPLENICA;
346119;TOMOGRAFIA DE ABDOMEN MULTISLICE;
346120;TOMOGRAFIA DE ABDOMEN Y PELVIS MULTISLICE;
346121;TOMOGRAFIA MULTISLICE HEPATICA CON VOLUMETRIA (VOLUMEN HEPATICO TO;
346122;TOMOGRAFIA MULTISLICE PANCREATICA;
346123;TOMOGRAFIA MULTISLICE RENAL;
346124;TOMOGRAFIA MULTISLICE VEJIGA;
346125;TOMOGRAFIA MULTISLICE PROSTATA;
346126;TOMOGRAFIA MULTISLICE GINECOLOGICA;
346127;TOMOGRAFIA MULTISLICE DE PELVIS OSEA;
346128;TOMOGRAFIA DE COLUMNA MULTISLICE;
346129;TOMOGRAFIA MULTISLICE DE CUERPO ENTERO;
346130;TOMOGRAFIA DE OTROS ORGANOS MULTISLICE -;
346131;TOMOGRAFIA MULTISLICE PARA EVALUACION VOLUMETRICA DE GRASA CORPOR;
346132;TOMOGRAFIA 3D DE CEREBRO;
346133;TOMOGRAFIA MULTISLICE 3D DE CEREBRO CON CONTRASTE;
346134;TOMOGRAFIA 3D MACIZO CRANEO FACIAL / SENOS PARANASALES;
346135;TOMOGRAFIA 3D CUELLO;
346136;TOMOGRAFIA 3D POR ZONA (OFTALMO, TIROIDES);
346137;TOMOGRAFIA 3D DE TORAX;
346138;TOMOGRAFIA 3D MAMA;
346139;TOMOGRAFIA 3D ABDOMINAL;
346140;TOMOGRAFIA 3D POR ZONA (HEPATO BILIAR, ESPLENICA);
346141;TOMOGRAFIA 3D POR ZONA ( PANCREATICA, SUPRARENAL, RENAL);
346142;TOMOGRAFIA 3D DE VEJIGA Y PROSTATA;
346143;TOMOGRAFIA 3D GINECOLOGICA;
346144;TOMOGRAFIA 3D DE PELVIS;
346145;TOMOGRAFIA 3D COLUMNA ;
346146;TOMOGRAFIA MULTISLICE 3D DE OTROS ORGANOS CON O SIN SUPRESION METAL;
346322;TOMOGRAFIA CON RECONSTRUCCION 3 D;
346147;ANGIO TAC;
346148;ANGIOTOMOGRAFIA CEREBRAL;
346149;ANGIOTOMOGRAFIA CEREBRAL,POL. DE WILLIS,CAROTIDAS DE CEREBRO CON CONTRASTE Y/O ANESTESIA;
346150;ANGIOTOMOGRAFIA DE VASOS DE CUELLO;
346151;ANGIOTOMOGRAFIA DE VASOS DE CUELLO CON CONTRASTE Y/O ANESTESIA;
346152;ANGIOTOMOGRAFIA ARTERIA PULMONAR, IDENTIFICACION DE TEP CON CONTRASTE Y/O ANESTESIA;
346153;ANGIOTOMOGRAFIA CORONARIA;
346154;ANGIOTOMOGRAFIA CORONARIA CON CONTRASTE Y/O ANESTESIA;
346155;ANGIOTOMOGRAFIA DE A.CORONARIA P/CONTROL STENT/BY PASS C/SCORE DE CALCIO CON CONTRASTE Y/O ANESTESIA;
346156;ANGIOTOMOGRAFIA CAVOGRAFIA O FLEBOGRAFIA DE MMII;
346157;ANGIOTOMOGRAFIA CAVOGRAFIA O FLEBOGRAFIA DE MMII CON CONTRASTE Y/O ANESTESIA;
346158;ANGIOTOMOGRAFIA MULTISCLICE TRIPLE RULE OUT (DOLOR DE PECHO) DESCARTA;
346159;ANGIOTOMOGRAFIA DE TORAX;
346160;ANGIOTOMOGRAFIA DE AORTA TORACICA, ABDOMINAL, RENAL ;
346161;ANGIOTOMOGRAFIA DE AORTA TORACICA CON CONTRASTE Y/O ANESTESIA;
346162;ANGIOTOMOGRAFIA DE AORTA ABDOMINAL Y VASOS PELVIANOS;
346163;ANGIOTOMOGRAFIA DE AORTA ABDOMINAL (VASOS ABDOMINALES) CON CONTRASTE Y/O ANESTESIA;
346164;ANGIOTOMOGRAFIA DE RIÑONES Y VIAS URINARIAS CON RECONSTRUCCION 3D;
346165;ANGIOTOMOGRAFIA DE RIÑONES Y VIAS URINARIAS CON RECONSTRUCCION 3D CON CONTRASTE Y/O ANESTESIA;
346166;ANGIOTOMOGRAFIA DE CUERPO ENTERO;
346167;ANGIOTOMOGRAFIA DE CUERPO ENTERO CON CONTRASTE Y/O ANESTESIA;
346168;ANGIOTOMOGRAFIA DE MIEMBROS INFERIORES;
346169;ANGIOTOMOGRAFIA DE MIEMBROS SUPERIORES;
346170;ANGIOTOMOGRAFIA DE MIEMBROS SUPERIORES CON CONTRASTE Y/O ANESTESIA;
346171;ANGIOTOMOGRAFIA DE MIEMBROS INFERIORES CON CONTRASTE Y/O ANESTESIA;
346172;ANGIOTOMOGRAFIA CON RECONSTRUCCION 3D;
346173;ANGIOTOMOGRAFIA SUBSIGUIENTE CON RECONSTRUCCION;
346174;ARTROTOMOGRAFIA;
346179;TAC Helicoidal -3D- Espiralada;
346180;BLOQUEO FACETARIO Y ART SACROILIACAS (2da VERTEBRA /3ra,vértebra);
346181;BLOQUEO RADICULAR;
346182;BLOQUEO RADICULAR SUBSIGUIENTE 2da VERTEBRA/3ra vértebra);
346183;DENTASCAN 1 MAXILAR;
346184;DENTASCAN 2 MAXILARES;
346185;MODULO DE ANESTESIA PARA TC;
346186;T.C. POR BARRIDO HELICOIDAL COMPLETA DE ABDOMEN;
346187;TOMOGRAFIA MULTISLICE ARTICULAR CON MEDICION DE ANGULOS;
;;
;;
;;
349902;Contraste para TAC;
;Resonancia Magnética;
346200;Resonancia Magnética Nuclear Cerebral;
346201;Resonancia Magnética Nuclear Tiroidea;
346202;Resonancia Magnética Nuclear Abdomen;
346203;Resonancia Magnética Nuclear Hepatobiliar Esplenica Pancreática;
346204;Resonancia Magnética Nuclear Tórax;
346205;Resonancia Magnética Nuclear Vejiga y Próstata;
346206;Resonancia Magnética Nuclear Otras Regiones;
346207;Resonancia Magnética Nuclear de Columna;
346208;Resonancia Magnética Nuclear de Articulaciones;
346209;RESONANCIA MAGNETICA NUCLEAR CEREBRAL CON PERFUSION;
346210;RESONANCIA MAGNETICA NUCLEAR CON DIFUSION;
346211;RESONANCIA MAGNETICA NUCLEAR CEREBRAL CON DIFUSION Y PERFUSION;
346212;RESONANCIA MAGNETICA NUCLEAR CEREBRAL CON PROTOCOLO DE EPILEPSIA;
346213;RESONANCIA MAGNETICA NUCLEAR DE CEREBRO CON CONTRASTE Y/O ANESTESIA;
346214;RESONANCIA DE CEREBRO + VOLUMETRIA;
346215;RESONANCIA DE CEREBRO CON TENSOR DE DIFUSION;
346216;RESONANCIA ENCEFALO FETAL;
346217;RESONANCIA MAGNETICA NUCLEAR DE REGION SELAR O HIPOFISIS;
346218;RESONANCIA MAGNETICA NUCLEAR DE ANGULO PONTOCEREBELOSO;
346219;RESONANCIA MAGNETICA NUCLEAR PARA ESTEREOTAXIA;
346220;RESONANCIA MAGNETICA NUCLEAR FUNCIONAL;
346221;RESONANCIA DE COCLEAS;
346222;RESONANCIA MAGNETICA NUCLEAR DE ARTICULACION TEMPORO MANDIBULAR;
346223;PROTOCOLO DESMIELINIZANTE;
346224;RESONANCIA MAGNETICA NUCLEAR DE TORAX CON CONTRASTE Y/O ANESTESIA;
346225;RESONANCIA MAGNETICA NUCLEAR MAMARIA;
346226;RESONANCIA MAGNETICA NUCLEAR MAMARIA CON CONTRASTE Y/O ANESTESIA;
346227;RESONANCIA MAGNETICA NUCLEAR CARDIACA;
346228;RESONANCIA MAGNETICA NUCLEAR CARDIACA CON CONTRASTE Y/O ANESTESIA;
346229;RESONANCIA MAGNETICA NUCLEAR DE ABDOMEN;
346230;RESONANCIA MAGNETICA NUCLEAR DE ABDOMEN CON CONTRASTE Y/O ANESTESIA;
346231;RESONANCIA DE PARED ABDOMINAL;
346232;RESONANCIA MAGNETICA NUCLEAR UROLOGICA;
346233;RESONANCIA MAGNETICA NUCLEAR UROLOGICA CON CONTRASTE Y/O ANESTESIA;
346234;RESONANCIA DE ABDOMEN Y PELVIS ;
346235;RESONANCIA MAGNETICA NUCLEAR DE PELVIS;
346236;RESONANCIA MAGNETICA NUCLEAR DE PELVIS CON CONTRASTE Y/O ANESTESIA;
346237;RESONANCIA MAGNETICA NUCLEAR HOMBRO/RODILLA/MANO/MUSLO/MUÑECA/PIE (POR REGION);
346238;RESONANCIA MAGNETICA NUCLEAR DE HOMBRO (UNILATERAL);
346239;RESONANCIA MAGNETICA NUCLEAR DE DE CADERA (UNI Y/O BILATERAL);
346240;RESONANCIA MAGNETICA NUCLEAR DE MMII (UNI Y/O BILATERAL);
346241;RESONANCIA MAGNETICA NUCLEAR DE MMSS (UNI Y/O BILATERAL);
346242;RESONANCIA MAGNETICA NUCLEAR DE RODILLA (UNILATERAL);
346243;RESONANCIA MAGNETICA NUCLEAR DE CODOS (UNI Y/O BILATERAL);
346244;RESONANCIA MAGNETICA NUCLEAR DE MUÑECAS (UNI Y/O BILATERAL);
346245;RESONANCIA MAGNETICA NUCLEAR DE MANOS (UNI Y/O BILATERAL);
346246;RESONANCIA MAGNETICA NUCLEAR DE TOBILLOS (UNI Y/O BILATERAL);
346247;RESONANCIA MAGNETICA NUCLEAR DE PIES (UNI Y/O BILATERAL);
346248;RESONANCIA MAGNETICA NUCLEAR DE COLUMNA CERVICAL/LUMBAR/CADERA(POR REGION);
346249;RESONANCIA MAGNETICA NUCLEAR DE COLUMNA CERVICAL/LUMBAR/DORSAL/CADERA(POR REGION) CON CONTRASTE Y/O ANESTESIA;
346250;RESONANCIA MAGNETICA NUCLEAR DE COLUMNA COMPLETA;
346251;RESONANCIA MAGNETICA NUCLEAR DE COLUMNA COMPLETA CON CONTRASTE Y/O ANESTESIA;
346252;RESONANCIA MAGNETICA NUCLEAR DE CUERPO ENTERO;
346253;RESONANCIA MAGNETICA NUCLEAR DE CUERPO ENTERO CON CONTRASTE Y/O ANESTESIA;
346254;RESONANCIA MAGNETICA NUCLEAR DE PARTES BLANDAS;
346255;RESONANCIA MAGNETICA NUCLEAR OTROS ORGANOS O REGIONES SIN CONTRASTE;
346256;RESONANCIA MAGNETICA NUCLEAR OTROS ORGANOS O REGIONES SUBSIGUIENTE;
346257;RESONANCIA MAGNETICA NUCLEAR OTROS ORGANOS O REGIONES CON CONTRASTE;
346258;RESONANCIA MAGNETICA NUCLEAR OTROS ORGANOS O REGIONES CON ANESTESIA;
346259;RESONANCIA MAGNETICA NUCLEAR OTROS ORGANOS O REGIONES CON CONTRASTE Y ANESTESIA;
346260;RESONANCIA MAGNETICA NUCLEAR REGION SUBSIGUIENTE CON CONTRASTE Y/O ANESTESIA;
346261;DIFUSION/ESPECTRO/TRACTO POR RESONANCIA OTROS ORGANOS (NO CEREBRO);
346262;RMN de Glándulas Submaxilares;
346263;RESONANCIA CON SONDA ENDORECTAL;
346264;NEUROGRAFIA POR RESONANCIA;
346265;URO RESONANCIA;
346266;RMN de cerebro de Alta Resolución;
346267;RMN de Macizo Cráneo Facial de Alta Resolución;
346268;RMN de Cabeza y Cuello de Alta Resolución;
346269;RMN de Angulo Pontocerebeloso de Alta Resolución;
346270;RMN de Cavun de Alta Resolución;
346271;RMN c/ protocolo de olfato (prof.surco olfativo) y visualizacion del bulbo de Alta Resolución;
346272;RMN de CAI de Alta Resolución;
346273;RMN de Oido de Alta Resolución;
346274;RMN de Glándulas Salivales de Alta Resolución;
346275;RMN de Parótidas de Alta Resolución;
346276;RMN de ATM boca abierta , boca cerrada c/cortes axiales, sagitales y coronales de Alta Resolución;
346277;RMN de Cuello de Alta Resolución;
346278;RMN  de Tiroides de Alta Resolución;
346279;RMN de tórax de Alta Resolución;
346280;ENTERORESONANCIA;
346281;Angioresonancia;
346282;Angioresonancia Cerebral o Carotídea;
346283;ANGIO RESONANCIA CARDIACA;
346284;Angioresonancia Abdominal o Torácica;
346285;ANGIO RESONANCIA AORTA ABDOMINAL;
346286;ANGIO RESONANCIA DE OTROS TERRITORIOS VASCULARES;
346287;ANGIO RESONANCIA DE COLUMNA CERVICAL/CUELLO;
346288;ANGIO RESONANCIA DE HOMBRO;
346289;ANGIO RESONANCIA DE PELVIS-CADERAS;
346290;ANGIO RESONANCIA DE MIEMBROS SUPERIORES;
346291;ANGIO RESONANCIA DE RODILLA;
346292;Angioresonancia de Miembros Inferiores;
346293;ANGIO RESONANCIA DE ARTICULACIONES;
346294;Angio RM de Cerebro de Alta Resolución;
346295;Angio RM de Cuello y Cerebro de Alta Resolución;
346296;Angio RM de Cuello de Alta Resolución;
346297;Angio RM arterial de cuello de Alta Resolución;
346298;Angio RM venosa de cuello de Alta Resolución;
346299;Angio RM arterial y venosa cervical e intracraneal de Alta Resolución;
346300;Angio RM de Tórax de Alta Resolución;
346301;SIALOGRAFIA POR RESONANCIA;
346302;TRACTOGRAFIA POR RESONANCIA;
346303;RESONANCIA TRIDIMENSIONAL DE CEREBRO;
346304;Multiparametricos de oído c/difusión Epi y no Epi de Alta Resolución;
346305;Estudio de espectroscopia monovoxel ( por región) de Alta resolución;
346306;RESONANCIA MULTIPARAMETRICA DE PROSTATA;
346307;Artroresonancia (punción);
346308;Colangioresonancia;
346309;Espectroscopía por RNM;
346310;CALCULO DE HIERRO HEPATICO POR RESONANCIA ;
346311;CURVA DE CAPTACION DINAMICA PARA RESONANCIA MAMARIA CON GADOLINIO;
346312;MODULO DE ANESTESIA PARA RM;
346313;RESONANCIA DE CEREBRO CON DINAMICA DE FLUJO LCR;
346314;RESONANCIA DE CEREBRO CON VELOCIDAD CON ESTUDIO DINAMICO DE CIRCULACION DE LCR;
346315;RESONANCIA DE NERVIO PERONEO;
346316;RESONANCIA DE PLACENTA;
346317;Resonancia Dinamica;
346318;RESONANCIA OBSTETRICA FETAL;
346319;RESONANCIA DE SUPRARENAL;
346320;SECUENCIA MIELOGRAFICA;
346321;RMN cualquier región;
346329;ElastoResonancia;
346330;RM Medula Osea;
346331;RNM  CON MICROBOBINA  ;
346332;FLEBORESONANCIA DE MMII;
349903;Contraste para RNM;
;PET;
346310;PET - CT - CON GA68 - PSMA;
346311;PET - CT CON  F18 - PSMA;
346312;PET - CT CON F18- COLINA;
346313;PET - CT CORPORAL TOTAL;
346314;PET - CT DE CEREBRO;
346315;PET DE CEREBRO CON RESONANCIA MAGNÉTICA;
346316;PET DE CORAZÓN SIN RESONANCIA MAGNÉTICA;
346317;PET-CT DE CEREBRO CON FUSIÓN CON RESONANCIA MAGNÉTICA;
346318;PET-CT DE CORAZÓN;
;;
;;
;;
349904;Dosis marcador radioactivo para  PET;
;Intervencionismo por Imágenes;
185030;Punción Biopsia profunda guiada por Ecografía (Honorarios, materiales descartables y gastos);
185031;Punción Biopsia superficial guiada por Ecografía (Honorarios, materiales descartables y gastos);
185032;PUNCION DE TIROIDES BAJO C/ECOGRAFICO (INCL. ANAT.PATOLOGICO, DESC, MED;
185033;PUNCION MAMARIA BAJO ECO O MAMO;
185034;PUNCION QUISTE MAMARIO. PUNCION BIOPSIA DE MAMA.;
185035;BIOPSIA BAJO GUIA ESTEREOTAXICA DIGITAL DE MAMA CON MAMMOTOME (POR;
185036;PUNCION HEPATICA BAJO C/ECOGRAFICO (INCLUYE ANATOMIA PATOLOGICA);
185037;PUNCION TRANSRECTAL DE PROSTATA BAJO C/ECOGRAFICO (INCL.ANAT.PATOL,DE;
185038;PUNCION TRANSRECTAL DE PROSTATA BAJO C/ECOGRAFICO (NO INCLUYE ANAT.PA;
185039;TRATAMIENTO DE CALCINOCIS DE TENDON GUIADO POR ECOGRAFIA;
185040;COLOCACION O INFILTRACION CON CORTICOIDE GUIADO BAJO ECOGRAFIA;
185041;Colocación de catéteres intracavitarios de drenaje;
185042;Infusión de medicaciones por cordocentesis;
185043;Terapia transfusional intrauterina;
185047;PUNCION BIOPSIA PARTES BLANDAS BAJO CONTROL ECOGRÁFICO;
185048;PUNCION BIOPSIA 2DO NODULO DE MAMA CITOLOGICO BAJO ECO;
185049;PUNCION BIOPSIA 2DO NODULO DE MAMA HISTOLOGICO BAJO ECO;
185050;PUNCION BIOPSIA 2DO NODULO DE PARTES BLANDAS BAJO ECO;
185051;PUNCION BIOPSIA 2DO NODULO DE TIROIDES BAJO ECO;
185052;PUNCION BIOPSIA 3ER NODULO DE MAMA CITOLOGICO BAJO ECO;
185053;PUNCION BIOPSIA 3ER NODULO DE MAMA HISTOLOGICO BAJO ECO;
185054;PUNCION BIOPSIA 3ER NODULO DE PARTES BLANDAS BAJO ECO;
185055;PUNCION BIOPSIA 3ER NODULO DE TIROIDES BAJO ECO;
185056;PUNCION BIOPSIA 4TO NODULO DE MAMA CITOLOGICO BAJO ECO;
185057;PUNCION BIOPSIA 4TO NODULO DE MAMA HISTOLOGICO BAJO ECO;
185058;PUNCION BIOPSIA 4TO NODULO DE PARTES BLANDAS BAJO ECO;
185059;PUNCION BIOPSIA 4TO NODULO DE TIROIDES BAJO ECO;
185110;BIOPSIA PROSTATICA TRANSRECTAL ECOGUIADA CON ANESTESIA MAS DE 12 TOMAS;
346175;Punción biopsia directa (hepática, esplénica, médula ósea, pleural, pulmonar, tiroides, ganglionar, mamaria, articular, prostática, renal) bajo TAC o RMN;
346176;Punción Biopsia guiada por Tomografía (Honorarios, materiales descartables y gastos);
346177;BRONCOSCOPIA VIRTUAL POR TAC MULTISLICE;
346178;COLONOSCOPIA POR TAC MULTISCLICE O ENDOSCOPIA O COLONOSCOPIA VIRTUAL;
348001;Colangiografía Transparietohepática (Honorarios, materiales descartables y gastos);
348002;Drenaje percutáneo de colección abdominal o torácica (Honorarios, gastos y material específico para el procedimiento);
348003;Drenaje percutáneo de la Vía Biliar con o sin colocación de stent (Honorarios, gastos y material específico para el procedimiento. Excluye stent);
348004;Gastrostomía, Yeyunostomía o Nefrostomía percutánea (Honorarios, gastos y material específico para el procedimiento);
;;
;;
;Radioterapia;
;;
;;
;;
;;
;Oncologia;
355001;Quimioterapia Endovenosa por sesion ( honorarios medicos y gastos, excluye pension y medicacion);
355002;Quimioterapia Intratecal  por sesion ( honorarios medicos y gastos, excluye pension y medicacion);
355003;MODULO TOXICIDAD O EFECTOS ADVERSOS DE QUIMIOTERAPIA( EVENTO ESPONTANEO POR GUARDIA);
355004;MODULO ADMINISTRACION DE MEDICACION ONCOLOGICA SUBCUTANEA O INTRAMUSCULAR + CONSULTA;
;;
;;
;Urologia;
365001;Uretrocistofibroscopia con videoscopia;
365002;Estudio  Urodinámico Completo;
365003;Penescopia;
365004;Flujometria;
365005;Cambio de sonda vesical;
365006;Penescopía con biop;
365007;TEST DE LA TUMESCENCIA PENEANA NNOVURNA.;
365008;Ureterofibroscopía Diagnóstica (Honorarios);
365009;Ureterofibroscopía Terapéutica (Honorarios);
;;
;Sindromes Clinicos;
375001;;
;;
;;
;Tratamientos especiales;
385001;;
;;
;;
;Curaciones en Quemados;
435001;Módulo curación quemado leve - Ambulatorio;
435002;Módulo curación quemado leve;
435003;Módulo Internación curación quemado moderado;
435004;Módulo Internación curación quemado grave - Crititco;
;;
;;
;Procedimientos terapéuticos;
;;
;;
;Trasplantes;
;Trasplante de Medula Osea;
800001;Obtencion y Crio Preservacion de Celulas Progenitoras;
800002;TMO Alogenico;
800003;TMO Autologo;
800004;TMO Haplo identico;
800005;Estudios evaluacion Pre TMO;
800006;Seguimiento Mensual Pos TMO;
800007;TBI ( Irradiación Corporal Total);
 ;Trasplante Renal;
800008;Pre Tx Renal Donante cadaverico ;
800009;Pre Tx Renal DV Receptor y Dador ;
800010;Tx Renal DV;
800011;Tx Renal DC;
800012;Actualizacion Pre Tx Renal DC;
800013;Pos Tx Renal 1er y 2do Semestre;
800014;Pos Tx Renal desp del año;
;Trasplante de Cornea;
800015;Modulo de Trasplante de Cornea;
;Medicamentos y Material Descartable;
990001;Medicamentos  ;
990002;Material Descartable;
990003;Oxigeno;
;Listado laboratorio No Nomenclado;
Código;Descripción;
680001;3-Metoxitiramina en orina de 24 hs;
680002;3-Metoxitiramina en plasma;
680003;54 ALIMENTOS PANEL AC. IGG;
680004;AB (1-40) - Peptido B-amiloide(1-40);
680005;AB(1-42) - Peptido B-amiloide(1-42);
680006;Abuelismo Paterno;
680007;AC ANTI 21 HIDROXILASA;
680008;AC ANTI ACTINA;
680009;AC ANTI BETA 2 GLICOPROTEINA 1 IgG;
680010;AC ANTI BETA 2 GLICOPROTEINA 1 IgM;
680011;AC ANTI CARDIOLIPINAS (IgG e IgM);
680012;AC ANTI CONTACTINA 1/ AC ANTI PROT ASOC A CONTAC;
680013;AC ANTI FACTOR INTRINSECO;
680014;AC ANTI GLUTAMICO DECARBOXILASA;
680015;AC ANTI HU;
680016;Ac anti NMDA receptor en LCR;
680017;Ac anti NMDA receptor en Suero;
680018;AC ANTI PROTROMBINA/ ANTI FOSFATIDILSERINA;
680019;AC ANTI TOXOPLASMOSIS GONDII IgG (PAREADAS) (suspe;
680020;Ac anti-Nucleocitoplasmaticos (FAN/AAN)-HEP2;
680021;Ac. Anti IgLON 5;
680022;AC. MOG - Glicoproteina del oligo. de mielina;
680023;Ac.ANTI MGLUR5 IGG LCR;
680024;AC.ANTI MGLUR5 IGG SUERO;
680025;AC-ANTI PEROXIDASA ULTRASENSIBLE- ATPO;
680026;ACIDO DELTA AMINO LEVULINICO;
680027;ACIDO FITANICO;
680028;ACIDO FOLICO;
680029;Acido Lactico Post Ejercicio;
680030;ACIDO MICOFENOLICO (MPA) SUERO;
680031;ACIDO MUCONICO ORINA;
680032;aCIDO PIRÚVICO;
680033;ACTIVIDAD DE LA RENINA (de pie);
680034;ACTIVIDAD DE RENINA (Acostado).;
680035;ACTIVIDAD DE RENINA (Acostado).;
680036;ADENOVIRUS CARGA VIRAL (suspendido);
680037;ADENOVIRUS PCR;
680038;ADN Fetal en sangre materna Panel Ampliado;
680039;ADN fetal en sangre Materna Panel Simple;
680040;ADN Mitocondrial  Linaje materno;
680041;ADRENALINA URINARIA;
680042;ADRENALINA.;
680043;ALDOSTERONA (acostado);
680044;ALFA TALASEMIA HBA1 y HBA2 ( MLPA );
680045;AMILASA EN LIQUIDO DE PUNCION;
680046;AMINOACIDOS - Sangre Seca en papel de Filtro;
680047;ANALISIS BACTERIOLOGICO DE AGUA;
680048;Analisis de agua para Natatorios;
680049;ANALISIS FISICO QUIMICO DE AGUAS;
680050;ANFETAMINAS EN O.;
680051;ANTI - GFAP IgG (PROTEINA ACIDA FIBRILAR GLIAL);
680052;ANTI C1Q;
680053;ANTI DPPX PROTEINA SIMIL DIPEPTIDIL-PEPTIDASA 6;
680054;ANTI PLA 2R;
680055;Anti Tripsina Genotipo;
680056;ANTIBIOGRAMA MICOBACTERIAS;
680057;ANTICOAGULANTE LUPICO.;
680058;ANTICUERPO ANTI-DFS70;
680059;Anticuerpos anti - Proteinasa 3 (PR3);
680060;ANTICUERPOS ANTI CONTACTINA 1;
680061;ANTICUERPOS ANTI ISLOTE PANCREATICO (ICA) (suspend;
680062;ANTICUERPOS ANTI NEUROFASCINA 155;
680063;ANTICUERPOS ANTI NEUROFASCINA 186;
680064;Anticuerpos anti-CENP-B;
680065;Anticuerpos anti-ENA (Ro, La, Sm, RNP, Scl70, Jo1);
680066;Anticuerpos anti-Nucleosoma;
680067;Anticuerpos anti-péptido ciclico citrulinado (CCP);
680068;Anticuerpos anti-Sm;
680069;Anticuerpos anti-Transglutaminasa IgA (h-tTG IgA);
680070;Anticuerpos anti-U1snRNP;
680071;Anticuerpos totales anti-CORE de HEPATITIS B;
680072;ANTIDEPRESIVOS TRICICLICOS (SCREENING);
680073;ANTIGENO VON WILLEBRAND;
680074;Anti-THSD7A;
680075;APIXABAN VALLE;
680076;APTT CORRECIÓN POR INCUBACIÓN;
680077;AQUAPORINA 4 - NMO ANTICUERPOS IGG;
680078;AQUAPORINA 4 - NMO ANTICUERPOS IGG LCR;
680079;ARABINITOL ORINA;
680080;ARRAY CROMOSOMICO CGH;
680081;ARSENICO EN AGUA;
680082;ARSENICO EN ORINA;
680083;ASPIRADO TRAQUEAL;
680084;ASTO CUANTITATIVO;
680085;B.U.N.;
680086;BACTERIAS - IDENTIFICACION POR PCR y SECUENCIACION;
680087;BARBITURICOS - CONFIRMATORIO;
680088;BARBITÚRICOS (SCREENING);
680089;BCR-ABL p190 PCR Cuantitativo;
680090;BD MAX  Clostridium Difficile;
680091;BD MAX Panel Bacterias entericas;
680092;BD MAX PANEL CPO;
680093;BD MAX Panel Multirresistencia Tuberculosis;
680094;BD MAX Panel STI CT/NG/TV;
680095;BD MAX Panel STI CT/NG/TV - HISOP;
680096;BD MAX Parasitos entericos;
680097;BD MAX Virus Respiratorios;
680098;BENZODIACEPINAS EN O.;
680099;BETA 2 MICROGLOBULINA EN ORINA.;
680100;BETA CAROTENO.;
680101;BETA TALASEMIA- MUT. EN EL GEN DE LA BETA GLOB;
680102;BICARBONATO EN ORINA;
680103;BIOTINA;
680104;Bordetella PCR;
680105;BRCA 1 Y BRCA 2 MPLA;
680106;BRCA1 y BRCA2 (SECUENCIACIÓN COMPLETA);
680107;BRCA1 Y BRCA2- MUT. GENES PANEL ASHKENAZI;
680108;BROMAZEPAN;
680109;BUFOTENINA;
680110;BUSQUEDA DE ISOSPORA (suspendido);
680111;BUSQUEDA DE PRODUCTORAS DE CARBAPENEMASA;
680112;BÚSQUEDA DE SARCOPTES SP.;
680113;BUSQUEDA DE STAPHYLOCOCCUS AUREUS (SAMR)en M1(plan;
680114;BUSQUEDA DE STAPHYLOCOCCUS AUREUS (SAMR)en M2.;
680115;BUSQUEDA DE STAPHYLOCOCCUS AUREUS (SAMR)en M3 (CDR;
680116;BUSQUEDA DE STREPTOCOCCUS AGALACTIAE en FV (planta;
680117;BUSQUEDA DE STREPTOCOCCUS PNEUMONIAE EN ORINA (sus;
680118;BUSQUEDA DE STRONGYLOIDES POR CULTIVO MUESTRA 1;
680119;BUSQUEDA DE STRONGYLOIDES POR CULTIVO MUESTRA 2;
680120;BUSQUEDA DE STRONGYLOIDES POR CULTIVO MUESTRA 3;
680121;BÚSQUEDA DEMODEX SP;
680122;Ca 19-9 EN LIQUIDO DE PUNCION;
680123;CADMIO EN ORINA;
680124;CADMIO en sangre;
680125;CAFEINA- HPLC;
680126;CAFEINA-Cromatografia en fase liquida;
680127;CALCIO/CREATININA en orina espontanea;
680128;Calcitonina  Punción tiroidea;
680129;CALPROTECTINA.;
680130;cANCA (Imagen Citoplasmatica);
680131;CANHERED - CANCER HEREDITARIO;
680132;CAPACIDAD TOTAL DE FIJACION DE HIERRO- TIBC;
680133;CARBAPENEMASA, CARACTERIZACION;
680134;CARGA VIRAL VIRUS BK ORINA;
680135;CARGA VIRAL VIRUS BK SANGRE;
680136;CARNITINA TOTAL;
680137;CATECOLAMINAS PLASMATICAS;
680138;CATECOLAMINAS URINARIAS;
680139;Cateterismo con estimulo de Gluconato de Calcio;
680140;CATETERISMO DE GLAND. S RENAL. CORTISOL ADRENALINA;
680141;CATETERISMO SENOS PET INFERIORES CON DESMOPRESINA;
680142;CD16.;
680143;CD19.;
680144;CD2.;
680145;CD20.;
680146;CD3.;
680147;CD34;
680148;CD38;
680149;CD5.;
680150;CD56 (NK).;
680151;CDG SiNDROMES;
680152;CEA EN LIQUIDO DE PUNCION;
680153;CHAGAS PARASITEMIA;
680154;CHAGAS PARASITEMIA - ADULTOS (suspendido);
680155;CHARCOT MARIE TOOTH 1A- GEN PMP22 - MLPA;
680156;CHIKUNGUNYA VIRUS- PCR;
680157;CHLAMYDIA PNEUMONIAE PCR;
680158;CIM A ANTIFUNGICOS;
680159;CISTINURIA;
680160;CISTINURIA EN MUESTRA AISLADA;
680161;CITODIAGNÓSTICO DE TZANCK;
680162;CITOGENÉTICO;
680163;CITOMEGALOVIRUS DNA PCR A TIEMPO REAL;
680164;CITRATO URINARIO EN MUESTRA AISLADA;
680165;CITRATO URINARIO.;
680166;CLEARENCE DE CALCIO;
680167;CLONALIDAD T ( Rearreglo de genes de receptor T);
680168;CLORO EN LIQUIDO DE PUNCION;
680169;CMV TEST DE AVIDEZ;
680170;COMPLEJOS INMUNES CIRCULANTES;
680171;COMPLEMENTO C1 Q.;
680172;COMPLEMENTO FRACCION C4;
680173;CONTROL DE ESTERILIDAD (suspendido);
680174;COPROCULTIVO BUSQUEDA DE ESCHERICHIA COLI O157:H7;
680175;COVID 19 CORONAVIRUS POR PCR;
680176;COVID Antígeno Test Rápido;
680177;COXSACKIE B1 al B6 Ac IgG;
680178;Cromosoma X para paternidad;
680179;Cromosoma Y para Paternidad;
680180;CROSSMATCH CONTRA PANEL POR FASE SOLIDA LUMINEX;
680181;CUANTIFICACIÓN ADN;
680182;CULTIVO DE GLaNDULA DE BARTHOLINO (suspendido);
680183;CULTIVO DE HUESO (suspendido);
680184;CULTIVO DE LAVADO BRONCOALVEOLAR (BAL) (suspendido;
680185;CULTIVO DE MEDULA OSEA (suspendido);
680186;CULTIVO DE MINI - BAL (suspendido);
680187;CULTIVO DE MOCO CERVICAL (Endocervix);
680188;CULTIVO DE PUNTA DE CATETER (suspendido);
680189;CULTIVO DE VALVULA CARDIACA (suspendido);
680190;CULTIVO EN LIQUIDO CEFALORRAQUIDEO (LCR) (suspendi;
680191;CULTIVO HEMODERIVADOS;
680192;CULTIVO PARA ACTINOMYCES SPP (suspendido);
680193;CURVA DE GH (STH)CON TOLERANCIA A LA GLUCOSA;
680194;CURVA DE PEPTIDO C DE INSULINA;
680195;DEFICIT DE DAO (GEN AOC1-POLIMORFISMOS);
680196;DELTA AMINOLEVULINICO DEHIDRATASA (DELTALA);
680197;Dengue test rápido;
680198;DENGUE VIRUS SEROTIPIFICACION;
680199;DETECC. DE MUT V600E/K EN EL GEN BRAF;
680200;DETECC. DE MUT. EN EL GEN EGFR ( Cobas);
680201;DETECC. DE MUT. EN EL GEN KRAS -Cobas;
680202;DETECC. MUTACION GEN ASXL1;
680203;"DETECC. TRANS CROMOSOMA t(1;19) - TCF3-PBX1";
680204;DETECCION DE AC. ANTI-HLA CLASE I Y II;
680205;DETECCION DE GENOMA BACTERIANO EN MUESTRA CLINICA;
680206;Detección de las Mutaciones del Gen NPM1;
680207;DETECCION DE METAPNEUMOVIRUS POR PCR (suspendido);
680208;Detección de Mutaciones en CEPBA;
680209;DETECCION DE MUTACIONES EN EL GEN FLT3;
680210;DETECCION DE MUTACIONES EN EL GEN NRAS;
680211;DETECCION DE MUTACIONES EN TP53 (EXONES 4 AL 10);
680212;DETECCION DE NEISSERIA GONORRHEAE PCR (suspendido);
680213;DETECCION DE RHINOVIRUS POR PCR (suspendido);
680214;DETECCION DE VARIANTES EN LOS GENES IDH1 E IDH 2;
680215;DETECCION DEL AG DE HISTOCOMPATIBLIDAD HLA B5701;
680216;DETECCIÓN DEL REARREGLO BCR-ABL (p210);
680217;DETECCIÓN DEL REARREGLO MYH11/CBFb;
680218;DETECCION DEL VIRUS BK POR PCR (suspendido);
680219;Deteccion del Virus Papiloma Humano (HPV) por PCR;
680220;DETECCION N. GONORRHEAE PCR HISOPADO URETRAL;
680221;DIAMINO OXIDASA (DAO) EN SUERO;
680222;DIGOXINA;
680223;DOSAJE DE APIXABAN;
680224;DPYD-IVS14;
680225;EC - CISTATINA C;
680226;ELASTASA PANCREATICA;
680227;ELECTROFORESIS DE HEMOGLOBINA.;
680228;ENOLASA NEURONAL ESPECIFICA;
680229;ENZIMA CONVERTIDORA DE ANGIOTENSINA (ECA);
680230;EPSTEIN BARR PCR;
680231;ERITROPOYETINA (EPO).;
680232;Esclerosis Sistemica Panel Ac.IgG;
680233;ESPECIFICIDAD DE AC. ANTI HLA POR LUMINEX;
680234;ESPERMATOZOIDES en orina;
680235;ESPERMOGRAMA COMPLETO COMPUTARIZADO;
680236;EST. GENETICO MOLEC. ATROFIA MEDULAR ESPINAL (AME);
680237;EST. GENETICO MOLEC. DISTROFIA MIOTONICA STEINERT;
680238;ESTIMULO (Curva de glucosa);
680239;Estudio de paternidad URGENTE;
680240;Estudio Genético Molecular;
680241;ESTUDIO GENETICO NUTRICION Y DEPORTE;
680242;EXCRECION FRACCIONADA DE MAGNESIO;
680243;FACTOR DE COAGULACION IX.;
680244;FACTOR DE COAGULACION V.;
680245;FACTOR DE COAGULACION XII;
680246;FACTOR DE COAGULACION XIII;
680247;FACTOR DE CRECIMIENTO PLACENTARIO;
680248;FACTOR V LEYDEN;
680249;FEA - FENIL ETIL AMINA;
680250;FENILALANINA;
680251;FENTANILO EN ORINA (SCREENING);
680252;FIBROSIS QUISTICA SECUCENCIACION GEN CFTR;
680253;FILMARRAY PANEL DE NEUMONIA;
680254;FISH;
680255;FISH EN ESPERMATOZOIDES;
680256;FISH MICRODELECIONES;
680257;FISH ONCOHEMATOLOGiA;
680258;FISICO-QUIMICO DE AGUA;
680259;FOSFORO EN ORINA ESPONTANEA;
680260;GALACTOMANANO - ASPERGILLUS AG - SUERO;
680261;GALACTOMANANO - ASPERGILLUS AG EN bal;
680262;GANGLIOSIDOS POR LIA;
680263;GASES EN SANGRE VENOSO;
680264;GEN KIT- MUTACION D816V;
680265;GEN MYD88 - Mutacion L265P;
680266;GEN SMN1 -PCR- RFLP - ATROFIA MUSCULAR ESPINAL;
680267;GENOTIPO CYP2D6 (RESPUESTA AL TAMOXIFENO) (suspend;
680268;GENOTIPO DE 5HTT;
680269;GENOTIPO DEL VIRUS PAPILOMA HUMANO (HPV)--;
680270;GLICOSAMINOGLICANOS CUANTITATIVOS;
680271;GLOBULINAS TOTALES;
680272;HAPTOGLOBINA;
680273;HE4 - PROTEINA EPIDIDIMAL HUMANA (OVARIO);
680274;HELICOBACTER PILORI Ac IgA;
680275;HELICOBACTER PYLORI ANTIGENO;
680276;HEMOCROMATOSIS HEREDITARIA 3 MUTACIONES;
680277;HEMOCULTIVO POR LISIS - CENTRIFUGACION PARA HONGOS;
680278;HEMOCULTIVO POR LISIS-CENTRIFUGACION MICOBACTERIAS;
680279;HEMOSIDERINA EN ORINA;
680280;HEPATITIS C (INMUNOBLOTTING);
680281;HEPATITIS E IGG;
680282;HEPATITIS E IGM;
680283;HERPES 6 PCR;
680284;HERPES SIMPLEX I - II DNA;
680285;HERPES VI Ac IgG;
680286;HERPES VI Ac IgM;
680287;Hiperplasia Suprarrenal Congénita- CYP21A2;
680288;Hiperplasia suprarrenal congénita- CYP21A2 MLPA;
680289;HISOPADO DE FAUCES BUSQUEDA NEISSERIA GONORRHOEAE;
680290;HISOPADO RECTAL BUSQUEDA DE NEISSERIA GONORRHOEAE;
680291;HISTOPLASMOSIS Ac;
680292;HIV CARGA VIRAL (CONFIRMATORIO);
680293;HIV I GENOTIPIFICACION-RESISTENCIA.;
680294;HIV-1 RESISTENCIA A INHIBIDORES DE INTEGRASA;
680295;HLA DP;
680296;HLA DQ (DQ2/DQ8);
680297;HTLV I-II PCR;
680298;HYGRINA - CUSCOHYGRINA;
680299;ID. SEROLOGICA DEL GERMEN-SOLO P/FACTURAR;
680300;IDENTIFICACION DE MICOBACTERIAS;
680301;IDENTIFICACION FUNGICA POR PCR Y SECUENCIACION (su;
680302;IDENTIFICACION MICROBIANA (suspendido);
680303;IgE ESPECIFICA ASPERGILLUS NIGER;
680304;Ige especifica Chenopodium Album;
680305;IgE especifica Cynodon dactylon (césped bermuda);
680306;IgE especifica Dactylis glomerata (césped  huerta);
680307;IgE especifica Fresno;
680308;IgE especifica lactoalbúmina  (alfa lactoglob.);
680309;IgE especifica Lolium perenne (césped perenne);
680310;IgE ESPECIFICA MAIZ;
680311;IgE especifica para Abedul;
680312;IgE especifica para almendra;
680313;IgE especifica para alternaria tenuis;
680314;IgE especifica para Ambrosia común;
680315;IgE especifica para Arce;
680316;IgE especifica para aspergillus fumigatus;
680317;IgE especifica para atún;
680318;IgE especifica para avispas amarillas;
680319;IgE especifica para bacalao;
680320;IgE especifica para banana;
680321;IgE especifica para Blomia tropicalis;
680322;IgE especifica para brócoli;
680323;IgE especifica para cacao;
680324;IgE especifica para camarón;
680325;IgE especifica para candida albicans;
680326;IgE ESPECIFICA PARA CARNE DE CERDO;
680327;IgE ESPECIFICA PARA CARNE DE POLLO;
680328;IgE ESPECIFICA PARA CARNE VACUNA;
680329;IgE especifica para caseina;
680330;IgE ESPECIFICA PARA CEFALOSPORINA (suspendido);
680331;IgE especifica para cladosporium herbarum;
680332;IgE especifica para clara de huevo;
680333;IgE especifica para cucaracha;
680334;IgE especifica para Dermatofagoides pteronyss;
680335;IgE especifica para Diente de león;
680336;IgE especifica para epitelio de gato;
680337;IgE especifica para epitelio de perro;
680338;IgE ESPECIFICA PARA FRUTILLA (suspendido);
680339;IgE especifica para gluten;
680340;IgE especifica para hormiga roja;
680341;IgE especifica para huevo;
680342;IgE especifica para lactoglobulina beta;
680343;IgE especifica para latex;
680344;IgE especifica para leche de vaca;
680345;IgE especifica para mani;
680346;IgE especifica para mosquito;
680347;IgE especifica para naranja;
680348;IgE especifica para nuez;
680349;IgE especifica para Olivo;
680350;IgE especifica para ovoalbúmina;
680351;IgE especifica para ovomucoide;
680352;IgE especifica para panel de arboles;
680353;IgE especifica para panel de cereales;
680354;IgE especifica para panel de gramineas;
680355;IgE especifica para Panel de hierbas;
680356;IgE especifica para panel de hongos y mohos;
680357;IgE especifica para panel de inhalantes;
680358;IgE especifica para panel de pescados;
680359;IgE especifica para panel de plumas;
680360;IgE especifica para panel de polvo;
680361;IgE especifica para penicillium notatum;
680362;IgE especifica para Platano;
680363;IgE especifica para polvo doméstico;
680364;IgE especifica para salmón;
680365;IgE especifica para soja;
680366;IgE especifica para tomate;
680367;IgE especifica para trigo;
680368;IgE especifica para veneno de abeja;
680369;IgE especifica para yema de huevo;
680370;IgE especifica Poa pratensis (césped de junio);
680371;IgE ESPECIFICO PARA CITRICOS (suspendido);
680372;IMIPRAMINA;
680373;IMNUNOGLOBULINA G4;
680374;INDICE DE FILTRADO GLOMERULAR ESTIMADO;
680375;INDICE DE REMODELAMIENTO ÓSEO;
680376;INDICE HOMA;
680377;INDICE PROTEINAS/CREATININA EN ORINA ESPONTANEA;
680378;INESTABILIDAD MICROSATELITAL;
680379;INFLUENZA A H1N1 GENOMA VIRAL (RNA);
680380;Influenza A PCR;
680381;Influenza B PCR;
680382;INMUNOELECTROFORESIS en orina;
680383;INMUNOFENOTIPO POR CITOMETRiA DE FLUJO;
680384;Interleuquina 1 Beta;
680385;Interleuquina 6;
680386;INTERLEUQUINA 8;
680387;INVESTIGACION CROMOSOMICA DE RESTO OVULAR;
680388;INVESTIGACION DE ANAEROBIOS;
680389;INVESTIGACION DE LEISHMANIA (suspendido);
680390;INVESTIGACION DE PARASITOS;
680391;ITRACONAZOL PICO;
680392;ITRACONAZOL VALLE;
680393;JAK 2 MUTACIONES DEL EXON 12;
680394;KETAMINA EN ORINA (SCREENING);
680395;LACOSAMIDA;
680396;LEPTOSPIROSIS  Ac IgG;
680397;LEPTOSPIROSIS  Ac IgM;
680398;LEUCOCITOS en materia fecal.;
680399;Linfocitos B Memoria  ( IDCV );
680400;Linfocitos B Transicionales;
680401;Linfocitos T dobles negativos;
680402;Linfocitos T memoria;
680403;Linfocitos T TCR alfa-beta;
680405;LINFOCITOS T TCR GAMMA DELTA;
680406;LISTERIOSIS Ac IgG;
680407;MAGNESIO en orina al azar;
680408;METANEFRINAS FRACCIONADAS;
680409;METANFETAMINAS EN O.;
680410;MICROALBUMINURIA en orina  ;
680411;MICROBIOMA INTESTINAL;
680412;MINERALOGRAMA EN ORINA;
680413;MORFINA EN ORINA;
680414;MPL;
680415;MUCOPOLISACARIDOS CUALITATIVO;
680416;Muestra alternativa estudio paternidad;
680417;MUSK ANTICUERPOS;
680418;MUT. EN EL GEN DE FUSION BCR-ABL DOMINIO TK;
680419;MUT. GENETICA VARIANTE;
680420;MUTACION DE SF3B1;
680421;MUTACIÓN V617F JAK 2 (Exon 14);
680422;MUTACIONES EN CALRETICULINA;
680423;MUTACIONES EN IgVH;
680424;MYCOBACTERIAS ATIPICAS POR PCR;
680425;MYCOPLASMA PNEUMONIAE Ac IgG.;
680426;MYCOPLASMA PNEUMONIAE PCR;
680427;NEISSERIA GONORRHEAE DNA POR PCR;
680428;NEUROPATIA OPTICA DE LEBER;
680429;NGS- EXOMA COMPLETO POR SEC. DE NUEVA GENERACION;
680430;NIQUEL EN PLASMA;
680431;NORADRENALINA.;
680432;OLANZAPINA EN PLASMA;
680433;OLIGOSACARIDOS EN ORINA;
680434;OXALATO URINARIO;
680435;OXALATO URINARIO EN MUESTRA AISLADA;
680436;OXICODONA SCREENING EN ORINA;
680437;P1NP Propeptido Aminot. Procolageno del tipo 1;
680438;pANCA (Imagen Perinuclear);
680439;PANEL AC IGG ANTI AG ONCONEURONALES;
680440;PANEL AC IGG ANTI AG ONCONEURONALES LCR;
680441;PANEL AC. ANTI AG. NEURONALES ASOC. A ENCEFALITIS;
680442;PANEL AC.ANTI AG. NEURONALES ASOC. ENCEFALITIS LCR;
680443;PANEL ANA EXTENDIDO;
680444;PANEL DE ANTICUERPOS PARA HEPATITIS AUTOINMUNE;
680445;PANEL DE ANTICUERPOS PARA MIOSITIS;
680446;PANEL DE DROGAS (SCREENING);
680447;PANEL DE FARMACOGENETICA;
680448;PANEL ENFERMEDADES METABOLICAS RECESIVAS;
680449;Panel Estudios Preconcepcionales;
680450;PANEL MIELOIDE;
680451;PANEL VIRUS RESP PCR (SARS-CoV-2, FluA, FluB, RSV);
680452;PANEL VIRUS RESPIRATORIOS 2 - ADV MPV PARAINF 1234;
680453;PAPILOMA VIRUS POR PCR.DNA;
680454;PARAINFLUENZA 1 - 4 VIRUS;
680455;PARASITOLÓGICO PARA BÚSQUEDA DE COCCIDIOS;
680456;PARASITOS;
680457;Parentezco Incompleto Autosomicos (hasta 4 part);
680458;PARVOVIRUS HUMANO B19 (DNA por PCR);
680459;Paternidad;
680460;PCR CUANTITATIVA DE BCR-ABL p210 (EMR);
680461;PCR CUANTITATIVA-ULTRASENSIBLE (PCR US);
680462;PEPTIDO C URINARIO.;
680463;PEPTIDO INTESTINAL VASOACTIVO;
680464;PEPTIDOS INMUNOGENICOS DEL GLUTEN (GIPS);
680465;PEPTIDOS INMUNOGENICOS DEL GLUTEN (GIPS) ORINA;
680466;PERFIL DE ACIDOS GRASOS OMEGA 3,6 y 9 EN SUERO;
680467;PERFIL DE ENFERMEDADES AMPOLLARES;
680468;PERFIL ENFERMEDADES LISOSOMALES;
680469;PH EN LIQUIDOS BIOLOGICOS;
680470;PLOMO en orina;
680471;PNEUMOCYSTIS JIROVECI PCR;
680472;POLIMORFISMO DEL PAI (Mutación -675);
680473;POLIMORFISMO GEN UGT1A1;
680474;POLIOMAVIRUS JC DNA LCR;
680475;PROLACTINA/PEG;
680476;PROPOXIFENO SCREENING EN ORINA;
680477;PROTEINA ASOCIADA A EMBARAZO.;
680478;PROTEINA TRANSPORTADORA DE SOMATOMEDINA;
680479;PROTEINOGRAMA EN ORINA.;
680480;PRUEBA DE ACTH - CORTISOL.;
680481;PRUEBA DE ARGININA CLONIDINA PARA GH C EXTR;
680482;PRUEBA DE ARGININA PARA GH C EXTR;
680483;PRUEBA DE CLONIDINA PARA GH C EXTR;
680484;PRUEBA DE TRH/PROLACTINA;
680485;PRUEBA DE TRH/TSH (incluye basal +estimulo );
680486;PRUEBA GnRH / LH- FSH;
680487;PSA LIBRE - ANTIGENO PROSTATICO LIBRE.;
680488;PSA-LIBRE .;
680489;p-TAU(181-P) - Proteina TAU fosforilada;
680490;PTH EN PUNCION TIROIDEA;
680491;QUIMERISMO EN POBLACIONES LEUCOCITARIAS - SUBSIG;
680492;QUIMERISMO POSTRASPLANTE DE MÉDULA ÓSEA;
680493;REABSORCION TUBULAR DE CALCIO;
680494;RECUENTO DE COLONIAS URO 1ª PORCION (facturacion);
680495;RECUENTO DE COLONIAS UROCULTIVO (solo facturacion);
680496;RELACION ALBUMINURIA/CREATININURIA 24 HS;
680497;Relación Aldosterona/Renina;
680498;RELACION PSA LIBRE/PSA TOTAL.;
680499;RELACION SFLT-1 / PIGF (suspendido);
680500;REORDENAMIENTO BCL1-JH;
680501;REORDENAMIENTO BCR-ABL p210-p190 Cuali;
680502;REORDENAMIENTO FIP1L1 -PDGFRA;
680503;RETROCULTIVO AUTOMATIZADO (suspendido);
680504;RIVAROXABAN;
680505;SCREENING Detección de Ac. Anti HLA clase I y II;
680506;Secuenciación genética;
680507;SELENIO EN ORINA (suspendido);
680508;SENSIBILIDAD AUTOMATIZADA;
680509;SENSIBILIDAD DE HONGOS MICELIALES POR MET REF;
680510;SHBG-GLOBULINA FIJADORA DE HNAS SEXUALES.;
680511;SINDROME DE ANGELMAN (15q11 -q13 MS-MLPA);
680512;SINDROME DE DI GEORGE - MICRODELECION 22q11.2 MLPA;
680513;SOMF CUANTITATIVO;
680514;SOMF INMUNOLOGICO;
680515;STREPTOCOCCUS AGALACTIAE- Hisopado Anal (PLANTA);
680516;SUBCLASES DE INMUNOGLOBULINA G;
680517;SUBPOBLACIONES DE NK (NK DIM Y NK BRIGHT);
680518;SUBUNIDAD BETA LIBRE.;
680519;TBG- TRANSPORTADORA DE HNAS. TIROIDEAS;
680520;TEST DE DEB (DIEPOXIBUTANO) PARA ANEMIA DE FANCONI;
680521;TEST DE SICKLING;
680522;TEST DE TUNEL;
680523;TEST RAP. IDENT. C. MYCOBACTERIUM TUBERCULOSIS;
680524;TEST RAPIDO DE MALARIA (PLASMODIUM SP);
680525;TIEMPO DE SANGRIA  DUKE;
680526;TIROGLOBULINA  PUNCION  TIROIDEA;
680527;TORCH IgG;
680528;Toxicidad a las Tiopurinas -- Gen TPMT;
680529;TOXOPLASMA GONDII DNA;
680530;TOXOPLASMOSIS Ac IgG - IFI;
680531;TRICHOMONAS VAGINALIS PCR;
680532;TRIPTOFANO URINARIO;
680533;TROPONINA T ULTRASENSIBLE;
680534;TRYPANOSOMA CRUZI PCR CUANTITATIVO;
680535;t-TAU - Proteína TAU total;
680536;UROCULTIVO;
680537;VIRUELA SIMICA PCR;
680538;VIRUS ZIKA- PCR;
680539;VITAMINA A - RETINOL Y ESTERES;
680540;VITAMINA B 12 - CIANOCOBALAMINA;
680541;VITAMINA B 12 - CIANOCOBALAMINA POST PEG;
680542;VITAMINA B2 - RIBOFLAVINA;
680543;VITAMINA E - TOCOFEROL.;
680544;ZIKA EN ORINA;
680545;ZNT8- ANTICUERPOS ANTI TRANSPORTADOR DE ZN;
680546;ZONULINA EN HECES;
680547;ANTICUERPO ANTI LC-1-;
680548;ANTICUERPO ANTI SUSTANCIA INTERCELULAR (ICS)-;
680549;ANTICUERPOS ANTI BRUCELLA ABORTUS  (IGG) ;
680550;ANTICUERPOS ANTI BRUCELLA ABORTUS (IGM) ;
680551;ANTICUERPOS ANTI PENFIGOIDES (MEMBRANA BASAL EN PIEL);
680552;BORDETELLA PARAPERTUSSIS (GENOMA)-;
680553;CADENAS PESADAS EN ORINA ;
680554;CADENAS PESADAS EN SUERO ;
680555;CISTICERCOSIS;
680556;ENFERMEDAD DE JARABE DE ARCE.SCREENING;
680557;METABOLISMO SURFACTANTE;
680558;SIND. DE LYNCH (MLH1,MSH2,MSH6,PMS2,EPCAM);
680559;SIND. DE LYNCH GEN MSH2 SECUENCIACION COMPLETA;
680560;SINDROME DE LYNCH GEN MLH1;
680561;SINDROME DE LYNCH GEN PMS2;
680562;SINDROME DE LYNCH. GEN MSH6;
680563;SORDERA HERED.(MUT 35DEL6 EN GEN DE CONEXINA 26);
680564;SORDERA HEREDITARIA. SECUENCIA GEN CONEXINA 26;
680565;"T(4;14). IGH/FGFR3";
680566;TIOCIANATOS EN ORINA;
680567;TIOSULFATO;
680568;Test HPV captura hibrida ;
680569;PROTEINA 14.3.3;
680570;Dosaje de  Paracetamol;
680571;VIRUS DEL NILO LCR X PCR;
680572;FUROSEMIDA;
680573;Voriconazol;
680574;ADAMTS13;
684201;INFORME DEL HEMATOLOGO;
684272;EC - EXTRACCIONES DOMICILIARIAS CABA;
684273;Toma Muestra Domicilio;
684274;Toma Muestra Sede;
689900;FRASCO A;
689901;MAT DESCARTABLE MF;
689902;MAT DESCARTABLE UROC;
