Practica Centro;Valor;COD NBU;Descripcion NBU;Similitud;Estado
Hormona antimulleriana;100181,93;662790;ANTIMULLERIANA, HORMONA (HAM);0.8053;Encontrado
3 alfa diol glucurónido;55761,94;662666;ANDROSTENEDIOL GLUCURÓNIDO (ALFA DIOL GLUCURONIDO);0.7297;Encontrado
A.C.E;51784,21;;;;No Encontrado
A.C.R.E.;146039,97;;;;No Encontrado
A.T.P.;38607,73;;;;No Encontrado
Ac. Anti - jo - 1;21642,19;666912;JO-1, Ac. Anti-;1.0;Encontrado
Ac. Anti - s.s.b. (la);19872,94;666930;LA, Ac. Anti- (LA/SSB);0.8346;Encontrado
Ac. Anti - scl 70;19862,62;668999;SCLERODERMIA - SCL 70, Ac. Anti-;0.8162;Encontrado
Ac. Anti - sm;20091,11;669110;SM, Ac. Anti-;1.0;Encontrado
Ac. Anti gliadina iga;30223,88;669561;TOXOPLASMOSIS, Ac. IgA Anti-;0.5208;Encontrado
Ac. Anti gliadina igg;30319,07;665583;GLIADINA, Ac. IgG Anti- PÉPTIDO DEAMIDADO de (DGP-IgG Anti-);0.6254;Encontrado
Ac. Anti- r.n.p.;19917,52;666862;INSULINA, Ac. Anti- (Ac. Anti- IAA);0.6021;Encontrado
Ac. Anti- r.n.p.;19917,52;666560;IA 2, Ac. Anti- (Ac. Anti- TIROSINFOSFATASA 2);0.5854;Encontrado
Ac. Anti- r.n.p.;19917,52;665896;"HEPATITIS B, Ac. Anti- ""e"" (HBe Ac)";0.5667;Encontrado
Ac. Anti- r.n.p.;19917,52;666008;HEPATITIS E, Ac. IgG Anti-;0.541;Encontrado
Ac. Anti- r.n.p.;19917,52;668135;PARAINFLUENZA I, Ac. Anti-;0.5386;Encontrado
Ac. Anti- r.n.p.;19917,52;665939;HEPATITIS C, Ac. Anti- IgM;0.5381;Encontrado
Ac. Anti- r.n.p.;19917,52;668375;PLAQUETAS, Ac. Anti-;0.5179;Encontrado
Ac. Anti -s.s.a. (ro).;19901,60;668905;Ro, Ac. Anti- (Ro/SSA);0.8767;Encontrado
Acetona en sangre;25283,34;662051;ACETONA CUANTITATIVA - sérica;0.8106;Encontrado
Acetona en sangre;25283,34;662059;ACETONA CUANTITATIVA - urinaria;0.5309;Encontrado
ACIDO FORMICO;13380,32;;;;No Encontrado
ACIDO TRICLOROACETICO;13345,27;;;;No Encontrado
ACROSINA;66775,48;;;;No Encontrado
Adenovirus Ac. Anti (igg);28187,13;662427;ADENOVIRUS, Ac. IgG o Totales, Anti-;0.8422;Encontrado
Adenovirus Ac. Anti (igg);28187,13;662435;ADENOVIRUS, Ac. IgM, Anti-;0.7952;Encontrado
Adenovirus Ac. Anti (igg);28187,13;662446;ADENOVIRUS - PCR;0.6334;Encontrado
Adenovirus Ac. Anti (igg);28187,13;662444;ADENOVIRUS, Ag.;0.6001;Encontrado
Adenovirus Ac. Anti (igm);28187,13;662435;ADENOVIRUS, Ac. IgM, Anti-;1.0;Encontrado
Adenovirus Ac. Anti (igm);28187,13;662427;ADENOVIRUS, Ac. IgG o Totales, Anti-;0.6697;Encontrado
Adenovirus Ac. Anti (igm);28187,13;662446;ADENOVIRUS - PCR;0.6307;Encontrado
Adenovirus Ac. Anti (igm);28187,13;662444;ADENOVIRUS, Ag.;0.5976;Encontrado
Adenovirus antigeno;32057,94;662446;ADENOVIRUS - PCR;0.5845;Encontrado
Adenovirus antigeno;32057,94;662444;ADENOVIRUS, Ag.;0.5538;Encontrado
Adenovirus antigeno;32057,94;662435;ADENOVIRUS, Ac. IgM, Anti-;0.521;Encontrado
ADHESIVIDAD PLAQUET;29028,80;668358;PLAQUETARIA ADHESIVIDAD;0.5095;Encontrado
Agregación plaquetaria;21258,50;669898;VITAMINA C (plaquetaria);0.5037;Encontrado
Aldosterona orina (rie);20817,48;660019;ALDOSTERONA.;0.646;Encontrado
Aldosterona orina (rie);20817,48;662461;ALDOSTERONA - urinaria;0.5275;Encontrado
Alfa 17 hidroxiprogesterona;16100,66;667751;"NEONATAL, 17-HIDROXIPROGESTERONA (17-HO-Pg-
Neo)";0.6078;Encontrado
ALFA 2 ANTIPLASMINA;73479,09;662521;Alfa 2 ANTIPLASMINA;1.0;Encontrado
ALFA-2-MACROGLOBULINA;3666,79;;;;No Encontrado
ALPRAZOLAM;26799,85;662572;ALPRAZOLAM;1.0;Encontrado
Amikacina (f.p.i.a.);22498,25;662606;AMIKACINA;1.0;Encontrado
Amonemia;15609,60;660031;AMONEMIA.;1.0;Encontrado
ANCA Ac.anti;31926,96;663734;"CITOPLASMA DE NEUTROFILO, Ac. Anti- c/u (ANCA C, P
- c/u)";0.5927;Encontrado
Androstenodiona 4 delta;15960,69;664350;"Delta-BHC (?-HCH) - delta-HEXACLORURO de BENCENO
- delta-HEXACLORAN - delta-LINDANO - delta- 1,2,3,4,5,6-HEXACLOROCICLOHEXANO.";0.5235;Encontrado
Antic. Anti fracción mitocondrial m2;55048,64;667571;MITOCONDRIAL M2, Ac. Anti- (AMA M2);0.6524;Encontrado
Antic. Anti islotes pancreáticos;83826,79;;;;No Encontrado
Antic. Anti-actina;40545,53;;;;No Encontrado
Antic. Anti-neumococo;87903,55;667794;NEUMOCOCO, Ac. Anti-;0.7576;Encontrado
ANTIC. ANTI-TOXOIDE TETANICO;61267,98;;;;No Encontrado
Anticuerpos anti b2 gp1;129880,87;;;;No Encontrado
Anticuerpos antifosfolípidos;45581,27;;;;No Encontrado
Anticuerpos antigangliósidos gm-1;214709,26;;;;No Encontrado
Antígeno Von Willebrand;95876,54;665116;FACTOR VON WILLEBRAND, Funcional;0.6831;Encontrado
Antígeno Von Willebrand;95876,54;665119;FACTOR VON WILLEBRAND (Inmunológico);0.6791;Encontrado
ANTIMONIO  (orina);26649,39;662782;ANTIMONIO - urinario;1.0;Encontrado
ANTIMONIO  (orina);26649,39;662780;ANTIMONIO - sérico;0.709;Encontrado
Antitrombina III;41461,96;662803;ANTITROMBINA III FUNCIONAL;0.8194;Encontrado
Antitrombina III;41461,96;660058;ANTITROMBINA III - con calibración de tres (3) puntos.;0.5277;Encontrado
"Apolipoproteina ""a""";12241,27;662810;APOLIPOPROTEINA A (ApoA);0.6532;Encontrado
"Apolipoproteina ""a""";12241,27;662811;APOLIPOPROTEINA B (ApoB);0.6532;Encontrado
"Apolipoproteina ""a""";12241,27;662815;APOLIPOPROTEINA E, GENOTIPO (Apo E);0.5372;Encontrado
"Apolipoproteina ""b""";12223,63;662810;APOLIPOPROTEINA A (ApoA);0.6532;Encontrado
"Apolipoproteina ""b""";12223,63;662811;APOLIPOPROTEINA B (ApoB);0.6532;Encontrado
"Apolipoproteina ""b""";12223,63;662815;APOLIPOPROTEINA E, GENOTIPO (Apo E);0.5372;Encontrado
Arsénico en orina;20519,71;662834;ARSÉNICO - pelo;0.6045;Encontrado
Arsénico en orina;20519,71;662837;ARSÉNICO - uña;0.5321;Encontrado
Aspergillus investig.de anticuerpos;19762,64;;;;No Encontrado
Bartonella Henselae  Antic.igg;111793,32;662912;BARTONELLA HENSELAE, Ac. IgG Anti-;0.8159;Encontrado
Bartonella Henselae  Antic.igg;111793,32;662914;BARTONELLA HENSELAE, Ac. IgM Anti-;0.7112;Encontrado
Bartonella Henselae Antic. Igm;111861,88;662914;BARTONELLA HENSELAE, Ac. IgM Anti-;0.8166;Encontrado
Bartonella Henselae Antic. Igm;111861,88;662912;BARTONELLA HENSELAE, Ac. IgG Anti-;0.7114;Encontrado
BEDSON REACCION DE;13591,58;;;;No Encontrado
Beta - H.C.G.;12500,39;663016;Beta-BHC (?-HCH) - beta-HEXACLORURO de BENCENO - beta-HEXACLORAN - beta-LINDANO - beta-1,2,3,4,5,6- HEXACLOROCICLOHEXANO.;0.8245;Encontrado
Beta - H.C.G.;12500,39;663034;Beta GALACTOSIDASA;0.5876;Encontrado
Beta - H.C.G.;12500,39;663042;Beta GLUCOCEREBROSIDASA;0.5876;Encontrado
Beta - H.C.G.;12500,39;663062;Beta MANOSIDASA;0.5876;Encontrado
Beta - H.C.G.;12500,39;667503;MICROGLOBULINA BETA 2;0.5876;Encontrado
Beta - H.C.G.;12500,39;663051;Beta LACTAMASA;0.5675;Encontrado
Beta - H.C.G.;12500,39;662982;Beta 2 GLICOPROTEÍNA, Ac. IgG Anti-;0.5142;Encontrado
Beta - H.C.G.;12500,39;662111;ÁCIDO BETA HIDROXIBUTÍRICO;0.514;Encontrado
Beta - H.C.G.;12500,39;662984;Beta 2 GLICOPROTEÍNA, Ac. IgM Anti-;0.5129;Encontrado
Beta - H.C.G.;12500,39;663056;Beta Libre hCG;0.5127;Encontrado
Beta 2 microglob - suero -;29015,42;;;;No Encontrado
Beta 2 microglobulina -orina-;29348,33;667503;MICROGLOBULINA BETA 2;0.9161;Encontrado
Bordetella Pertusis (I.F.I.)(igg);103657,25;663102;BORDETELLA PERTUSIS, Ac. IgG Anti-;0.9282;Encontrado
Bordetella Pertusis (I.F.I.)(igg);103657,25;663120;BORDETELLA PERTUSIS -  PCR;0.8506;Encontrado
Bordetella Pertusis (I.F.I.)(igg);103657,25;663119;BORDETELLA PERTUSIS, Ag.;0.8254;Encontrado
Bordetella Pertusis (I.F.I.)(igg);103657,25;663110;BORDETELLA PERTUSIS, Ac. IgM Anti-;0.7964;Encontrado
Bordetella Pertusis (I.F.I.)(igm);103707,36;663110;BORDETELLA PERTUSIS, Ac. IgM Anti-;0.9285;Encontrado
Bordetella Pertusis (I.F.I.)(igm);103707,36;663120;BORDETELLA PERTUSIS -  PCR;0.8481;Encontrado
Bordetella Pertusis (I.F.I.)(igm);103707,36;663119;BORDETELLA PERTUSIS, Ag.;0.823;Encontrado
Bordetella Pertusis (I.F.I.)(igm);103707,36;663102;BORDETELLA PERTUSIS, Ac. IgG Anti-;0.7961;Encontrado
Borrellia burgdorferi anti.ac.;93953,33;663128;BORRELLIA BUGDORFERI, Ac. IgG Anti-;0.5198;Encontrado
Borrellia burgdorferi anti.ac.;93953,33;663136;BORRELLIA BUGDORFERI, Ac. IgM Anti-;0.5187;Encontrado
Bromazepam;22562,16;;;;No Encontrado
BROMURO (orina);26399,70;663153;BROMURO - sérico;0.709;Encontrado
Brucella ab. Ac. Anti (ifi - igm);13832,94;;;;No Encontrado
Brucella AB.Ac. Anti (IFI);13830,91;;;;No Encontrado
BUFOTENINA 24 HS;28550,91;662299;ÁCIDO OXALICO - urinario (2/ 12 / 24 hs. - c/u);0.5157;Encontrado
C 1 inhibidor;23951,08;;;;No Encontrado
C p k  - mb;16097,88;;;;No Encontrado
C1-q;41527,46;;;;No Encontrado
Ca 125 (o);46855,29;661115;MARCADOR TUMORAL de OVARIO (CA 125);0.6106;Encontrado
Ca 15/3 (m);45280,30;661120;MARCADOR TUMORAL de MAMA (CA 15. 3);0.5944;Encontrado
Ca 19/9 (d);44980,13;661125;MARCADOR TUMORAL de COLON (CA 19. 9);0.5601;Encontrado
Ca 72/4;97534,19;663247;CA 72-4 (MARCADOR TUMORAL GÁSTRICO);0.6143;Encontrado
Cadenas kappa en orina;9041,26;;;;No Encontrado
Cadenas kappa en suero;15906,56;;;;No Encontrado
Cadenas lambda en orina;8626,40;;;;No Encontrado
Cadenas lambda en suero;16476,71;;;;No Encontrado
Cadmio en orina;24488,45;660132;CADMIO (Cd) - urinario.;0.7587;Encontrado
Cadmio en orina;24488,45;663262;CADMIO (Cd) - pelo;0.5054;Encontrado
Cafeína;49010,24;;;;No Encontrado
Cándida Albicans Ac. Anti;68565,80;;;;No Encontrado
Carbamazepina hplc;17180,15;;;;No Encontrado
Carboxihemoglobina;19193,96;663375;CARBOXIHEMOGLOBINA;1.0;Encontrado
Cardiolipina Ac. Anti (iga);56852,64;669561;TOXOPLASMOSIS, Ac. IgA Anti-;0.5053;Encontrado
Cardiolipina Ac. Anti (igm);29274,55;;;;No Encontrado
Cardiolipina Ac.anti (igg);29264,28;;;;No Encontrado
Carga viral h.i.v. (p.c.r.);415770,87;665914;HEPATITIS B, Carga viral;0.8574;Encontrado
Carga viral h.i.v. (p.c.r.);415770,87;661105;HIV, CARGA VIRAL.;0.8166;Encontrado
Carga viral h.i.v. (p.c.r.);415770,87;662448;ADENOVIRUS - Carga viral;0.7982;Encontrado
Carga viral h.i.v. (p.c.r.);415770,87;665956;HEPATITIS C, Carga viral (PCR);0.7917;Encontrado
Carga viral h.i.v. (p.c.r.);415770,87;666100;HERPES VIRUS 6 HUMAN - Carga Viral;0.6329;Encontrado
Carga viral h.i.v. (p.c.r.);415770,87;668466;POLIOMAVIRUS JC, Carga viral - sangre u orina;0.5474;Encontrado
Carga viral h.i.v. (p.c.r.);415770,87;668463;POLIOMAVIRUS BK, Carga viral - sangre u orina;0.539;Encontrado
Carga viral h.i.v. (p.c.r.);415770,87;668009;PAPILOMA VIRUS HUMANO - HPV (Carga viral);0.5296;Encontrado
Carga viral h.i.v. (branched);422479,73;665914;HEPATITIS B, Carga viral;0.6232;Encontrado
Carga viral h.i.v. (branched);422479,73;661105;HIV, CARGA VIRAL.;0.5936;Encontrado
Carga viral h.i.v. (branched);422479,73;662448;ADENOVIRUS - Carga viral;0.5802;Encontrado
Carga viral h.i.v. (branched);422479,73;665956;HEPATITIS C, Carga viral (PCR);0.5755;Encontrado
Carga viral hepatitis b;261612,27;665914;HEPATITIS B, Carga viral;1.0;Encontrado
Carga viral hepatitis b;261612,27;665956;HEPATITIS C, Carga viral (PCR);0.9233;Encontrado
Carga viral hepatitis b;261612,27;661105;HIV, CARGA VIRAL.;0.7002;Encontrado
Carga viral hepatitis b;261612,27;662448;ADENOVIRUS - Carga viral;0.6844;Encontrado
Carga viral hepatitis b;261612,27;666100;HERPES VIRUS 6 HUMAN - Carga Viral;0.5427;Encontrado
Carga viral hepatitis c;401689,87;665914;HEPATITIS B, Carga viral;1.0;Encontrado
Carga viral hepatitis c;401689,87;665956;HEPATITIS C, Carga viral (PCR);0.9233;Encontrado
Carga viral hepatitis c;401689,87;661105;HIV, CARGA VIRAL.;0.7002;Encontrado
Carga viral hepatitis c;401689,87;662448;ADENOVIRUS - Carga viral;0.6844;Encontrado
Carga viral hepatitis c;401689,87;666100;HERPES VIRUS 6 HUMAN - Carga Viral;0.5427;Encontrado
Catecolaminas Libres (ne) - orina -;7839,42;;;;No Encontrado
Catecolaminas Libres (da) - orina -;8059,89;;;;No Encontrado
Catecolaminas libres (e) - orina -;8204,07;;;;No Encontrado
Catecolaminas (da) plasma;49485,47;;;;No Encontrado
Catecolaminas (e) plasma;49552,99;663478;CATECOLAMINAS - LCR;0.5702;Encontrado
Catecolaminas (ne) plasma;49553,31;;;;No Encontrado
CD 3 CITOPLASMATICO;33097,90;;;;No Encontrado
CD-1;33039,82;660132;CADMIO (Cd) - urinario.;0.5347;Encontrado
CD-10 = J5 = CALLA;33040,56;;;;No Encontrado
CD-11 = MO-1;33040,07;;;;No Encontrado
CD-13 = MY-7;33039,71;;;;No Encontrado
CD-14 = MY-4;33039,95;;;;No Encontrado
CD-15;33039,92;;;;No Encontrado
Cd-16 = nkh-1;54595,54;;;;No Encontrado
Cd-19 = b4;53265,47;;;;No Encontrado
CD-2 = OKT 11;33082,48;;;;No Encontrado
Cd-20;53586,76;;;;No Encontrado
CD-22;33083,97;;;;No Encontrado
CD-22 CITOPLASMATICO;33055,82;;;;No Encontrado
CD-23;33040,26;;;;No Encontrado
CD-25;33040,26;669905;"VITAMINA D  (1,25-DIHIDROXICOLECALCIFEROL O
CALCITRIOL - 1,25-VITAMINA D";0.5249;Encontrado
Cd-3 = t3 = okt-3;51022,59;;;;No Encontrado
"CD-30 (Ag. de Activacion ""B"" )";33098,35;;;;No Encontrado
CD-33;33040,26;;;;No Encontrado
CD-34 (STEM-CELL);33040,26;;;;No Encontrado
CD-38;33040,26;;;;No Encontrado
Cd-4 = t4 = okt-4;49615,65;;;;No Encontrado
CD-41 (PLT);33098,75;;;;No Encontrado
CD-45 (PANLEUCOCITARIO);33040,26;;;;No Encontrado
Cd-5 = t1;53446,51;;;;No Encontrado
CD-61 (Ag. Plaqueterio );33099,47;;;;No Encontrado
CD-7 = OKT-16 = LEU 9;33040,26;;;;No Encontrado
Cd-8 = t8 = okt-8;51096,86;;;;No Encontrado
Célula parietal gástrica Ac. Anti;11569,65;;;;No Encontrado
CELULAS REDONDAS;12451,66;;;;No Encontrado
Centrómero Ac. Anti;24158,27;;;;No Encontrado
Chagas ( elisa );6885,45;663571;CHAGAS, Ac. IgM Anti- (ELISA);0.8254;Encontrado
Chagas ( elisa );6885,45;663576;CHAGAS, (PCR);0.6175;Encontrado
Chagas ( elisa );6885,45;660243;CHAGAS, Ac. Totales / IgG (IFI / ELISA / QL);0.563;Encontrado
Chagas (invest.de Tripomastigotes);6762,24;;;;No Encontrado
Chagas igm (ifi);6448,31;663572;CHAGAS, Ac. IgM Anti- (IFI);0.9121;Encontrado
Chagas igm (ifi);6448,31;663571;CHAGAS, Ac. IgM Anti- (ELISA);0.5801;Encontrado
Chagas igm (ifi);6448,31;663576;CHAGAS, (PCR);0.56;Encontrado
Chagas igm (ifi);6448,31;660243;CHAGAS, Ac. Totales / IgG (IFI / ELISA / QL);0.5072;Encontrado
Chagas igm (ifi);6448,31;669588;TOXOPLASMOSIS, Ac. IgM Anti- (IFI);0.504;Encontrado
Chlamydias resp.Ac. Anti(igm);20074,49;;;;No Encontrado
Chlamydias resp.Ac.anti(igg);19313,44;661020;CHLAMYDIAS PNEUMONIAE, Ac. Anti- IgG;0.6176;Encontrado
Chlamydias respiratorias antígeno;49413,47;;;;No Encontrado
Chlamydias trachomatis;57521,37;;;;No Encontrado
Chlamydias trachomatis (if directa);41255,57;;;;No Encontrado
Chlamydias trachomatis (serología);0,00;;;;No Encontrado
Ciclosporina monoclonal (se);35579,40;;;;No Encontrado
Citomegalovirus  (pp65);88166,84;;;;No Encontrado
Citomegalovirus (cultivo liq.biol.);173891,17;;;;No Encontrado
Citomegalovirus Ac. Anti (igg);19281,93;661025;CITOMEGALOVIRUS, Ac. IgG Anti- (CMV-IgG);0.7778;Encontrado
Citomegalovirus Ac. Anti (igg);19281,93;666008;HEPATITIS E, Ac. IgG Anti-;0.5047;Encontrado
Citomegalovirus Ac. Anti (igm);19500,05;661030;CITOMEGALOVIRUS, Ac. IgM Anti- (CMV-IgM);0.7801;Encontrado
Citomegalovirus Ac. Anti (igm);19500,05;665939;HEPATITIS C, Ac. Anti- IgM;0.5095;Encontrado
Citomegalovirus antig. (liq.biolog);183627,75;;;;No Encontrado
CITOMEGALOVIRUS POR PCR EN LCR;180045,77;;;;No Encontrado
Clearence de alfa 1 antitripsina;56833,49;662495;"Alfa 1 ANTITRIPSINA, CLEARENCE de (?1 AT - Clearence)
- M.F. / sérica.";0.8264;Encontrado
Clobazam;33623,38;;;;No Encontrado
Clonazepan h.p.l.c.;33465,81;;;;No Encontrado
Clostridium difficile toxina;86771,99;663760;CLOSTRIDIUM DIFFICILE, Toxina A - materia fecal.;0.8442;Encontrado
Cobre en orina;14666,15;663820;COBRE - urinario;0.9012;Encontrado
Cobre en orina;14666,15;663814;COBRE - eritrocitario;0.5584;Encontrado
Cofactor de ristocetina;70690,96;663905;COFACTOR DE RISTOCETINA;1.0;Encontrado
Colesterol HDL;5078,55;661035;COLESTEROL HDL (HDL-C);0.9528;Encontrado
Colesterol HDL;5078,55;663910;COLESTEROL NO HDL;0.817;Encontrado
Colesterol LDL;5192,38;661040;COLESTEROL LDL (LDL-C);0.9543;Encontrado
Colesterol VLDL;4260,69;669930;"VLDL-COLESTEROL, LIPOPROTEINA DE MUY BAJA
DENSIDAD.";0.5495;Encontrado
Colinesterasa eritrocitaria;13008,03;;;;No Encontrado
Complem. Inmunocirculantes (CIC;46051,67;;;;No Encontrado
Complemento C 3;6525,64;660120;C3 - COMPLEMENTO;0.6303;Encontrado
Complemento C 3;6525,64;660121;C4 - COMPLEMENTO;0.6303;Encontrado
Complemento C 3;6525,64;663926;COMPLEMENTO C2;0.6303;Encontrado
Complemento C 3;6525,64;660179;COMPLEMENTO, ACTIVIDAD TOTAL.- COMPLEMENTO 50% LISIS (CH-50);0.5207;Encontrado
Complemento C 3;6525,64;663170;BRUCELOSIS (Fijación de Complemento);0.5119;Encontrado
Complemento C 4;6553,09;660120;C3 - COMPLEMENTO;0.6303;Encontrado
Complemento C 4;6553,09;660121;C4 - COMPLEMENTO;0.6303;Encontrado
Complemento C 4;6553,09;663926;COMPLEMENTO C2;0.6303;Encontrado
Complemento C 4;6553,09;660179;COMPLEMENTO, ACTIVIDAD TOTAL.- COMPLEMENTO 50% LISIS (CH-50);0.5207;Encontrado
Complemento C 4;6553,09;663170;BRUCELOSIS (Fijación de Complemento);0.5119;Encontrado
Concentración Inhibitoria mín.(CIM);48631,30;;;;No Encontrado
CONSUMO DE PROTROMBINA;3449,17;660769;PROTROMBINA, CONSUMO DE;1.0;Encontrado
CONVERSION DE PROT.A TROMBINA;6925,61;;;;No Encontrado
Coprocultivo;8506,21;660187;COPROCULTIVO.;1.0;Encontrado
CORIOMENINGITIDIS ANTIC;78829,79;;;;No Encontrado
Cortisol (post - acth);16436,75;660189;CORTISOL.;0.5705;Encontrado
CORTISOL (POST - DMT );10180,73;660189;CORTISOL.;0.5581;Encontrado
Cortisol libre (orina);16123,79;664008;CORTISOL LIBRE - urinario (CLU);0.7718;Encontrado
Cortisol libre (orina);16123,79;660189;CORTISOL.;0.6948;Encontrado
COXIELLA BURNETTI ANTIC.IgG;76066,81;664059;COXIELLA BURNETTI, Ac. IgM Anti-;0.7237;Encontrado
COXIELLA BURNETTI Antic.IgM;76281,45;664059;COXIELLA BURNETTI, Ac. IgM Anti-;0.8245;Encontrado
Coximetria;10405,69;;;;No Encontrado
COXSACKIE B1 Ac. anti;19812,73;664068;COXSACKIE VIRUS A, 2-7-9, Ac. Anti- (c/u);0.5706;Encontrado
COXSACKIE B1 Ac. anti;19812,73;664093;COXSACKIE VIRUS B, 1-2-3-4-5-6, Ac. Anti- (c/u);0.5706;Encontrado
COXSACKIE B1 Ac. anti;19812,73;664102;COXSACKIE VIRUS B, 1-2-3-4-5-6, Ac. IgM Anti- (c/u);0.523;Encontrado
Coxsackie B2 Ac. Anti;23397,95;664068;COXSACKIE VIRUS A, 2-7-9, Ac. Anti- (c/u);0.5545;Encontrado
Coxsackie B2 Ac. Anti;23397,95;664093;COXSACKIE VIRUS B, 1-2-3-4-5-6, Ac. Anti- (c/u);0.5545;Encontrado
Coxsackie B2 Ac. Anti;23397,95;664102;COXSACKIE VIRUS B, 1-2-3-4-5-6, Ac. IgM Anti- (c/u);0.5083;Encontrado
COXSACKIE B3 Ac. anti;20059,58;664068;COXSACKIE VIRUS A, 2-7-9, Ac. Anti- (c/u);0.5282;Encontrado
COXSACKIE B3 Ac. anti;20059,58;664093;COXSACKIE VIRUS B, 1-2-3-4-5-6, Ac. Anti- (c/u);0.5282;Encontrado
COXSACKIE B4 Ac. anti;20070,02;664068;COXSACKIE VIRUS A, 2-7-9, Ac. Anti- (c/u);0.5434;Encontrado
COXSACKIE B4 Ac. anti;20070,02;664093;COXSACKIE VIRUS B, 1-2-3-4-5-6, Ac. Anti- (c/u);0.5434;Encontrado
COXSACKIE B5 Ac. anti;19805,47;664068;COXSACKIE VIRUS A, 2-7-9, Ac. Anti- (c/u);0.5282;Encontrado
COXSACKIE B5 Ac. anti;19805,47;664093;COXSACKIE VIRUS B, 1-2-3-4-5-6, Ac. Anti- (c/u);0.5282;Encontrado
COXSACKIE B6 Ac. anti;19805,44;664068;COXSACKIE VIRUS A, 2-7-9, Ac. Anti- (c/u);0.5706;Encontrado
COXSACKIE B6 Ac. anti;19805,44;664093;COXSACKIE VIRUS B, 1-2-3-4-5-6, Ac. Anti- (c/u);0.5706;Encontrado
COXSACKIE B6 Ac. anti;19805,44;664102;COXSACKIE VIRUS B, 1-2-3-4-5-6, Ac. IgM Anti- (c/u);0.523;Encontrado
Creatina en orina;0,00;664105;CREATINA - sérica;0.654;Encontrado
Creatina en orina;0,00;664106;CREATINA - urinaria;0.6442;Encontrado
Creatinina en orina;2025,34;660192;CREATININA - en sangre;0.7193;Encontrado
Creatinina en orina;2025,34;660191;CREATININA - en orina;0.7027;Encontrado
Cromo orina - absorción atómica;24420,63;;;;No Encontrado
Cromo suero - absorción atómica;25739,68;;;;No Encontrado
Cryptococcus neoformans (antig);54644,49;;;;No Encontrado
Cryptosporidium sp;17945,74;664256;CRYPTOSPORIDIUM Sp,;1.0;Encontrado
CUERPOS DE HEINZ;4023,55;660464;HEINZ, CUERPOS DE (tinción);0.8368;Encontrado
Cupremia (absorción atómica);19198,22;;;;No Encontrado
CYFRA 21-1;109238,15;663239;CA 21-1 (MARCADOR TUMORAL de PULMÓN) - CYFRA 21-1;0.7076;Encontrado
D R = I 2;33002,02;;;;No Encontrado
D.a.o. anfetaminas;23507,14;662688;ANFETAMINAS / METANFETAMINAS, confirmatorio;0.6019;Encontrado
D.a.o. barbituratos;26483,09;662888;BARBITURATOS, Confirmatorio.;0.7783;Encontrado
D.a.o. benzodiazepinas;26485,10;662945;BENZODIAZEPINAS, Confirmatorio.;0.7783;Encontrado
D.a.o. cannabinoides (met);22949,36;;;;No Encontrado
D.a.o. cocaína (metab.);26876,73;;;;No Encontrado
D.A.O. FENCICLIDINA;13734,35;;;;No Encontrado
D.a.o. metadona;23483,05;667401;METADONA (FPIA);0.7071;Encontrado
D.a.o. opiáceos;26925,16;;;;No Encontrado
D.A.O. PROPOXIFENO;13763,31;668597;PROPOXIFENO - NORPROPOXIFENO;0.6885;Encontrado
D.h.e.a. sulfato- suero -(rie);14941,88;;;;No Encontrado
D.N.A. Ac. Anti (IFI);14089,10;669588;TOXOPLASMOSIS, Ac. IgM Anti- (IFI);0.6941;Encontrado
D.N.A. Ac. Anti (IFI);14089,10;663572;CHAGAS, Ac. IgM Anti- (IFI);0.6853;Encontrado
D.N.A. Ac. Anti (IFI);14089,10;666173;HIDATIDOSIS, Ac. IgM Anti- (IFI);0.6649;Encontrado
D.N.A. Ac. Anti (IFI);14089,10;666990;LEPTOSPIRA, Ac. Anti- (ELISA / IFI);0.6117;Encontrado
D.N.A. Ac. Anti (IFI);14089,10;660484;HIDATIDOSIS, Ac. IgG ó Totales Anti- (IFI);0.5891;Encontrado
D.N.A. Ac. Anti (IFI);14089,10;661100;HIDATIDOSIS, Ac. IgG ó Totales Anti- (IFI);0.5891;Encontrado
D.N.A. Ac. Anti (IFI);14089,10;660622;LISTERIAS, Ac. Anti - (IFI - ELISA);0.5751;Encontrado
D.N.A. Ac. Anti (IFI);14089,10;660871;TOXOPLASMOSIS (IFI);0.5441;Encontrado
D.N.A. Ac. Anti (IFI);14089,10;667614;MUCOSA GÁSTRICA, Ac. Anti- (CELULAS PARIETALES Ac. Anti- (IFI);0.5104;Encontrado
D.N.A. Ac. Anti (IFI);14089,10;663162;BRUCELOSIS (IFI);0.5049;Encontrado
D-dímero;50807,27;;;;No Encontrado
Deoxipiridinolina;44415,31;;;;No Encontrado
DETECCION DE IgG ASOCIADA A PLAQUETAS;104210,13;666634;IgG - INMUNOGLOBULINA G, ASOCIADA A PLAQUETAS.;0.6871;Encontrado
DETECCION DE IgG ASOCIADA A PLAQUETAS;104210,13;666666;IgM - INMUNOGLOBULINA M, ASOCIADA A PLAQUETAS.;0.5954;Encontrado
Diazepam;27163,80;;;;No Encontrado
Difenilhidantoina hplc;17307,68;;;;No Encontrado
ANTICUERPOS ANTI-GANGLIOSIDOS,PANEL(AGM1-GM2-GD1A-GD1B-GQ1B)SUERO;185801,85;665546;GANGLIOSIDOS PANEL, Ac. (IgG + IgM) GM1 Asialo, GM2, GD1A, GD1b, GQ1b;0.689;Encontrado
DREPANOCITOS;11530,51;;;;No Encontrado
Echo - coxsackie anticuerpos;69180,98;664566;ECHO COXSACKIE, 1-6 IgM;0.7782;Encontrado
Echo - coxsackie anticuerpos;69180,98;664563;ECHO COXSACKIE, 1-6 Ac. IgG Anti-;0.7204;Encontrado
ECHO-COXSACKIE ANTIGENO;52876,03;664566;ECHO COXSACKIE, 1-6 IgM;0.7404;Encontrado
ECHO-COXSACKIE ANTIGENO;52876,03;664563;ECHO COXSACKIE, 1-6 Ac. IgG Anti-;0.6855;Encontrado
ELASTASA;52949,47;664600;ELASTASA PANCREÁTICA;0.6744;Encontrado
ENDOMISIO Ac. Anti (iga);25815,97;664632;ENDOMISIO, Ac. IgA Anti- (EMA IgA);0.8202;Encontrado
ENDOMISIO Ac. Anti (iga);25815,97;669561;TOXOPLASMOSIS, Ac. IgA Anti-;0.5138;Encontrado
ENDOMISIO Ac. Anti (iga);25815,97;664640;ENDOMISIO, Ac. IgG Anti- (EMA IgG);0.5081;Encontrado
Eosinófilos moco nasal;2492,54;660295;EOSINÓFILOS, RECUENTO de (en moco nasal);0.8352;Encontrado
Eosinófilos moco nasal;2492,54;660668;MOCO NASAL, PH - CITOLOGICO.;0.5308;Encontrado
Epstein barr - e.a.;34302,01;664709;EPSTEIN BARR, Anti- EBNA (Epstein Barr Nuclear Associated Antigen);0.7431;Encontrado
Epstein barr - e.a.;34302,01;664717;EPSTEIN BARR, detección cuantitativa - PCR;0.6586;Encontrado
Epstein barr - e.a.;34302,01;664728;EPSTEIN BARR, detección cualitativa - PCR;0.6409;Encontrado
Epstein barr - e.a.;34302,01;664726;EPSTEIN BARR, Early Antig. Ac.;0.6189;Encontrado
Epstein barr - e.a.;34302,01;661060;EPSTEIN BARR, Ac. IgM Anti- (VEB / VCA IgM);0.545;Encontrado
Epstein barr - e.a.;34302,01;661055;EPSTEIN BARR, Ac. IgG/Totales Anti- (VEB / VCA IgG);0.5189;Encontrado
Epstein barr - e.b.n.a.;34919,83;664709;EPSTEIN BARR, Anti- EBNA (Epstein Barr Nuclear Associated Antigen);0.7431;Encontrado
Epstein barr - e.b.n.a.;34919,83;664717;EPSTEIN BARR, detección cuantitativa - PCR;0.6586;Encontrado
Epstein barr - e.b.n.a.;34919,83;664728;EPSTEIN BARR, detección cualitativa - PCR;0.6409;Encontrado
Epstein barr - e.b.n.a.;34919,83;664726;EPSTEIN BARR, Early Antig. Ac.;0.6189;Encontrado
Epstein barr - e.b.n.a.;34919,83;661060;EPSTEIN BARR, Ac. IgM Anti- (VEB / VCA IgM);0.545;Encontrado
Epstein barr - e.b.n.a.;34919,83;661055;EPSTEIN BARR, Ac. IgG/Totales Anti- (VEB / VCA IgG);0.5189;Encontrado
Epstein barr - vca igg;33878,68;661055;EPSTEIN BARR, Ac. IgG/Totales Anti- (VEB / VCA IgG);0.7728;Encontrado
Epstein barr - vca igg;33878,68;661060;EPSTEIN BARR, Ac. IgM Anti- (VEB / VCA IgM);0.6619;Encontrado
Epstein barr - vca igg;33878,68;664709;EPSTEIN BARR, Anti- EBNA (Epstein Barr Nuclear Associated Antigen);0.5496;Encontrado
Epstein barr - vca igm;33950,75;661060;EPSTEIN BARR, Ac. IgM Anti- (VEB / VCA IgM);0.8161;Encontrado
Epstein barr - vca igm;33950,75;661055;EPSTEIN BARR, Ac. IgG/Totales Anti- (VEB / VCA IgG);0.6289;Encontrado
Epstein barr - vca igm;33950,75;664709;EPSTEIN BARR, Anti- EBNA (Epstein Barr Nuclear Associated Antigen);0.5485;Encontrado
Eritropoyetina;156749,80;664734;ERITROPOYETINA (EPO);0.6885;Encontrado
Espermocultivo;6957,93;;;;No Encontrado
Esputo (citológico);3397,70;;;;No Encontrado
Esputo bacteriológico;7796,68;;;;No Encontrado
ESTRIOL URINARIO;10183,66;660301;ESTRIOL - urinario.;1.0;Encontrado
ESTRIOL URINARIO;10183,66;660302;ESTRIOL - sérico.;0.6961;Encontrado
ESTRIOL URINARIO;10183,66;665033;ESTRIOL LIBRE - sérico.;0.5859;Encontrado
Estrona;42669,52;660305;ESTRONA - sérica.;0.8387;Encontrado
Etanol (inmunoensayo - rea);32729,76;;;;No Encontrado
ETOSUXIMIDA HPLC;14939,74;;;;No Encontrado
Exudado de fauces;8037,02;;;;No Encontrado
Exudado uretral;7390,38;660903;URETRAL, EXUDADO (Directo y Cultivo).;0.776;Encontrado
F.a.n. : titulo e imagen;9364,83;;;;No Encontrado
F.s.h. (post - l.h.r.h.);16715,15;;;;No Encontrado
Factor II;9519,12;665059;FACTOR de COAGULACIÓN II;0.7107;Encontrado
Factor IX;13964,33;660334;FACTOR DE COAGULACION IX.;0.7698;Encontrado
Factor V;9550,19;660331;FACTOR DE COAGULACION V.;0.57;Encontrado
Factor V;9550,19;660335;FACTOR DE COAGULACION X.;0.57;Encontrado
Factor VII;10976,02;660332;FACTOR DE COAGULACION VII.;0.7779;Encontrado
Factor VIII c;22940,24;660333;FACTOR DE COAGULACION VIII.;0.7698;Encontrado
Factor X;9646,34;660331;FACTOR DE COAGULACION V.;0.57;Encontrado
Factor X;9646,34;660335;FACTOR DE COAGULACION X.;0.57;Encontrado
Factor XI;11073,98;665067;FACTOR de COAGULACIÓN XI;0.7652;Encontrado
Factor XIIi;9533,72;665077;FACTOR de COAGULACIÓN XIII;0.7652;Encontrado
FASCIOLA HEPATICA ANTICUERPOS;77051,59;;;;No Encontrado
Fauces látex rápido;19520,82;;;;No Encontrado
Fenilacético ácido;27667,54;;;;No Encontrado
Fenilalanina  - suero -;44071,85;660337;FENILALANINA CONFIRMATORIO (HPLC);0.5253;Encontrado
FENILETILAMINA;23555,62;;;;No Encontrado
FENILGLIOXILICO ACIDO;13407,00;;;;No Encontrado
Fenobarbital hplc;17492,29;;;;No Encontrado
FENOLES TOTALES;13406,67;665213;FENOLES - urinarios;0.6179;Encontrado
FENOLES URINARIOS;39724,89;665213;FENOLES - urinarios;1.0;Encontrado
Ferremia post-sobrecarga;2814,90;;;;No Encontrado
Ferritina;16439,71;665230;FERRITINA;1.0;Encontrado
Fk 506;156945,75;665298;FK - 506 - Tacrolimus;0.8058;Encontrado
Fk 506;156945,75;666529;TACROLIMUS (FK 506);0.8058;Encontrado
Flujo vaginal;7903,68;660931;VAGINAL, EXUDADO o FLUJO (Directo y Cultivo).;0.6358;Encontrado
FLUNITRAZEPAN;13569,63;;;;No Encontrado
Fluor en orina;24932,93;;;;No Encontrado
FLUOR EN SANGRE;13350,86;;;;No Encontrado
Fólico ácido;28536,83;;;;No Encontrado
FOSFATASA ALCALINA LEUCOCITARIA;14043,10;665319;FOSFATASA ÁCIDA LEUCOCITARIA;0.6597;Encontrado
FOSFATASA ALCALINA LEUCOCITARIA;14043,10;660361;FOSFATASA ALCALINA - ISOENZIMAS.;0.5942;Encontrado
FOSFATASA ALCALINA LEUCOCITARIA;14043,10;660357;FOSFATASA ALCALINA (FAL);0.5811;Encontrado
FOSFATASA ALCALINA LEUCOCITARIA;14043,10;660360;FOSFATASA ALCALINA TERMOESTABLE.;0.5811;Encontrado
FOSFATASA ALCALINA LEUCOCITARIA;14043,10;665349;FOSFATASA ALCALINA OSEA (RIA);0.5265;Encontrado
Fosfatasa alcalina ósea;48662,11;660361;FOSFATASA ALCALINA - ISOENZIMAS.;0.6014;Encontrado
Fosfatasa alcalina ósea;48662,11;660357;FOSFATASA ALCALINA (FAL);0.5882;Encontrado
Fosfatasa alcalina ósea;48662,11;660360;FOSFATASA ALCALINA TERMOESTABLE.;0.5882;Encontrado
Fosfatasa alcalina ósea;48662,11;665349;FOSFATASA ALCALINA OSEA (RIA);0.5329;Encontrado
Fructosamina;10606,42;661065;FRUCTOSAMINA.;1.0;Encontrado
G.l.a.e.;29977,41;;;;No Encontrado
Gentamicina;28511,94;665563;GENTAMICINA;1.0;Encontrado
Glucosuria;2944,51;;;;No Encontrado
GRADIENTE DE PERCOLL;8265,62;;;;No Encontrado
H.i.v. (western blot);128978,68;661110;HIV, WESTERN- BLOT;0.8585;Encontrado
H.i.v. (western blot);128978,68;666540;HTLV, Confirmatorio (Western Blot);0.7305;Encontrado
H.i.v. (western blot);128978,68;663880;COCLEARES, Ac. Anti- (Anti- P68 KDA) (Western Blot);0.5537;Encontrado
H.I.V. 1 - Antígeno p24 (ELISA);103544,83;;;;No Encontrado
"Haemophylus infl ""b""";40664,80;;;;No Encontrado
HALOPERIDOL;26812,46;665708;HALOPERIDOL;1.0;Encontrado
Helicobacter pylori iga;28319,95;665743;HELICOBACTER PYLORI, Ac. IgA Anti-;0.9324;Encontrado
Helicobacter pylori iga;28319,95;665751;HELICOBACTER PYLORI, Ac. IgG Anti-;0.7373;Encontrado
Helicobacter pylori iga;28319,95;665760;HELICOBACTER PYLORI, Ac. IgM Anti-;0.7353;Encontrado
Helicobacter pylori iga;28319,95;665777;HELICOBACTER PYLORI (Cultivo - Tipificación).;0.6404;Encontrado
Helicobacter pylori iga;28319,95;665768;HELICOBACTER PYLORI, Aire espirado;0.5424;Encontrado
Helicobacter pylori igg;27090,58;665751;HELICOBACTER PYLORI, Ac. IgG Anti-;0.9241;Encontrado
Helicobacter pylori igg;27090,58;665760;HELICOBACTER PYLORI, Ac. IgM Anti-;0.7845;Encontrado
Helicobacter pylori igg;27090,58;665743;HELICOBACTER PYLORI, Ac. IgA Anti-;0.7439;Encontrado
Helicobacter pylori igg;27090,58;665777;HELICOBACTER PYLORI (Cultivo - Tipificación).;0.6833;Encontrado
Helicobacter pylori igg;27090,58;665768;HELICOBACTER PYLORI, Aire espirado;0.5787;Encontrado
Helicobacter pylori igm;26787,02;665760;HELICOBACTER PYLORI, Ac. IgM Anti-;0.9245;Encontrado
Helicobacter pylori igm;26787,02;665751;HELICOBACTER PYLORI, Ac. IgG Anti-;0.7842;Encontrado
Helicobacter pylori igm;26787,02;665743;HELICOBACTER PYLORI, Ac. IgA Anti-;0.7416;Encontrado
Helicobacter pylori igm;26787,02;665777;HELICOBACTER PYLORI (Cultivo - Tipificación).;0.6812;Encontrado
Helicobacter pylori igm;26787,02;665768;HELICOBACTER PYLORI, Aire espirado;0.5769;Encontrado
Hemocult.por lisis y centrifugación;42770,50;;;;No Encontrado
"HEMOGLOBINA "" S """;1998,64;665828;HEMOGLOBINA S;1.0;Encontrado
"HEMOGLOBINA "" S """;1998,64;660472;HEMOGLOBINA - plasmática;0.6698;Encontrado
"HEMOGLOBINA "" S """;1998,64;660471;HEMOGLOBINA, ELECTROFORESIS.;0.6472;Encontrado
"HEMOGLOBINA "" S """;1998,64;665820;HEMOGLOBINA FETAL;0.6256;Encontrado
Hemoglobina a2 cuantitativo;39361,98;665828;HEMOGLOBINA S;0.511;Encontrado
Hemoglobina fetal cuant.(inmunol.);37542,79;665820;HEMOGLOBINA FETAL;0.6472;Encontrado
Hemoglobina glicosilada;13004,31;661070;HEMOGLOBINA GLICOSILADA (Hb A1C);0.668;Encontrado
Hemoglobina glicosilada;13004,31;665828;HEMOGLOBINA S;0.6109;Encontrado
Hemosiderina;11532,22;660479;HEMOSIDERINA - urinaria;0.8268;Encontrado
"Hepatitis ""A"" Ac. Anti HAV-igg";21054,50;661075;HEPATITIS A, Ac. IgM Anti- (HAV IgM);0.7299;Encontrado
"Hepatitis ""A"" Ac. Anti HAV-igg";21054,50;666008;HEPATITIS E, Ac. IgG Anti-;0.7186;Encontrado
"Hepatitis ""A"" Ac. Anti HAV-igg";21054,50;661095;HEPATITIS C, Ac. IgG Anti- (HCV Ac IgG);0.5618;Encontrado
"Hepatitis ""A"" Ac. Anti HAV-igg";21054,50;665939;HEPATITIS C, Ac. Anti- IgM;0.5329;Encontrado
"Hepatitis ""A"" Ac. Anti HAV-igm.";28306,67;661075;HEPATITIS A, Ac. IgM Anti- (HAV IgM);0.9573;Encontrado
"Hepatitis ""A"" Ac. Anti HAV-igm.";28306,67;665939;HEPATITIS C, Ac. Anti- IgM;0.7205;Encontrado
"Hepatitis ""A"" Ac. Anti HAV-igm.";28306,67;665993;HEPATITIS DELTA, Ac. IgM Anti-;0.5577;Encontrado
"Hepatitis ""A"" Ac. Anti HAV-igm.";28306,67;666008;HEPATITIS E, Ac. IgG Anti-;0.5343;Encontrado
"Hep.""B"" Ac. Anti CORE-HB (hbc)";20181,36;;;;No Encontrado
"Hepatitis ""B"" Ac. Anti CORE-IGM";32069,56;665939;HEPATITIS C, Ac. Anti- IgM;0.7311;Encontrado
"Hepatitis ""B"" Ac. Anti CORE-IGM";32069,56;665905;"HEPATITIS B, Ac. Anti- ""Core"" IgM (HBcM) - (RIA o ELISA)";0.6535;Encontrado
"Hepatitis ""B"" Ac. Anti CORE-IGM";32069,56;665993;HEPATITIS DELTA, Ac. IgM Anti-;0.566;Encontrado
"Hepatitis ""B"" Ac. Anti CORE-IGM";32069,56;661075;HEPATITIS A, Ac. IgM Anti- (HAV IgM);0.5603;Encontrado
"Hepatitis ""B"" Ac. Anti CORE-IGM";32069,56;666008;HEPATITIS E, Ac. IgG Anti-;0.5422;Encontrado
"Hepatitis ""B"" Ac. Anti HBS";22342,69;661086;HEPATITIS B, Antígeno de Superficie (Ag.HBs );0.5953;Encontrado
"Hepatitis ""B"" Ac. Anti HBS";22342,69;666008;HEPATITIS E, Ac. IgG Anti-;0.5624;Encontrado
"Hepatitis ""B"" Ac. Anti HBS";22342,69;665939;HEPATITIS C, Ac. Anti- IgM;0.5594;Encontrado
"Hepatitis ""B"" Ac. Anti""E""(Anti HBE)";21733,94;665896;"HEPATITIS B, Ac. Anti- ""e"" (HBe Ac)";0.9291;Encontrado
"Hepatitis ""B"" Ac. Anti""E""(Anti HBE)";21733,94;666008;HEPATITIS E, Ac. IgG Anti-;0.6201;Encontrado
"Hepatitis ""B"" Ac. Anti""E""(Anti HBE)";21733,94;665939;HEPATITIS C, Ac. Anti- IgM;0.6169;Encontrado
"Hepatitis ""B"" Ac. Anti""E""(Anti HBE)";21733,94;661085;HEPATITIS B, Antígeno e (Ag.HBe);0.6168;Encontrado
"Hepat. ""B"" ag. De superficie (hbsag)";14735,10;;;;No Encontrado
"Hepatitis ""B"" antígeno ""E"" (hbe ag)";21450,61;661085;HEPATITIS B, Antígeno e (Ag.HBe);1.0;Encontrado
"Hepatitis ""B"" antígeno ""E"" (hbe ag)";21450,61;665945;HEPATITIS C, Antígeno;0.6566;Encontrado
"Hepatitis ""B"" antígeno ""E"" (hbe ag)";21450,61;665896;"HEPATITIS B, Ac. Anti- ""e"" (HBe Ac)";0.6147;Encontrado
"Hepatitis ""C"" 3ra. generación";27342,15;;;;No Encontrado
"Hepatitis ""B""  dna por hibridación";311181,11;;;;No Encontrado
"Hepatitis ""C""  (genotipificación)";278890,15;665965;HEPATITIS C, Genotipificación (PCR);0.908;Encontrado
Hepatitis delta;74942,48;665993;HEPATITIS DELTA, Ac. IgM Anti-;0.8181;Encontrado
Hepatitis delta;74942,48;665990;HEPATITIS DELTA, Ac. IgG ó Totales Anti-;0.7173;Encontrado
Hepatitis delta;74942,48;664350;"Delta-BHC (?-HCH) - delta-HEXACLORURO de BENCENO
- delta-HEXACLORAN - delta-LINDANO - delta- 1,2,3,4,5,6-HEXACLOROCICLOHEXANO.";0.6607;Encontrado
"Hepatitis ""E""";103910,71;666011;HEPATITIS E - PCR;0.7777;Encontrado
"Hepatitis ""E""";103910,71;665945;HEPATITIS C, Antígeno;0.6804;Encontrado
"Hepatitis ""E""";103910,71;666008;HEPATITIS E, Ac. IgG Anti-;0.673;Encontrado
"Hepatitis ""E""";103910,71;665939;HEPATITIS C, Ac. Anti- IgM;0.6694;Encontrado
"Hepatitis ""E""";103910,71;665973;HEPATITIS C, LIA;0.5362;Encontrado
"Hepatitis ""E""";103910,71;665965;HEPATITIS C, Genotipificación (PCR);0.5184;Encontrado
"Hepatitis ""E""";103910,71;665993;HEPATITIS DELTA, Ac. IgM Anti-;0.5182;Encontrado
"Hepatitis ""E""";103910,71;665914;HEPATITIS B, Carga viral;0.5146;Encontrado
Herpes tipo I Ac. Anti (igm);34215,30;666050;HERPES SIMPLEX 1, Ac. IgM Anti-;0.6015;Encontrado
Herpes tipo I Ac. Anti (igm);34215,30;666076;HERPES SIMPLEX 2, Ac. IgM Anti-;0.6015;Encontrado
Herpes tipo I Ac. Anti (igm);34215,30;666113;HERPES VIRUS 7, Ac. IgM Anti- HHV;0.5085;Encontrado
Herpes tipo I Ac. Anti (igm);34215,30;666118;HERPES VIRUS 8 - Ac. IgM Anti- HHV;0.5085;Encontrado
Herpes tipo I Ac.anti (igg);32510,57;666042;HERPES SIMPLEX 1, Ac. IgG ó Totales Anti-;0.5256;Encontrado
Herpes tipo I Ac.anti (igg);32510,57;666067;HERPES SIMPLEX 2, Ac. IgG ó Totales Anti-;0.5256;Encontrado
Herpes tipo I Ac.anti (igg);32510,57;666110;HERPES VIRUS 7, Ac. IgG Anti- HHV;0.506;Encontrado
Herpes tipo I Ac.anti (igg);32510,57;666117;HERPES VIRUS 8 - Ac. IgG Anti- HHV;0.506;Encontrado
Herpes tipo I antígeno;35029,17;;;;No Encontrado
Herpes tipo II Ac. Anti (igg);32698,30;;;;No Encontrado
Herpes tipo II Ac. Anti (igm);34185,75;668144;PARAINFLUENZA II, Ac. IgM Anti-;0.5529;Encontrado
Herpes tipo II Ac. Anti (igm);34185,75;666050;HERPES SIMPLEX 1, Ac. IgM Anti-;0.5185;Encontrado
Herpes tipo II Ac. Anti (igm);34185,75;666076;HERPES SIMPLEX 2, Ac. IgM Anti-;0.5185;Encontrado
Herpes tipo II antígeno;41563,33;;;;No Encontrado
Herpes VI igg;102016,64;;;;No Encontrado
Herpes VI igm;102179,88;;;;No Encontrado
Herpes virus (lcr) - pcr;308489,84;666120;HERPES VIRUS 8 - PCR;0.861;Encontrado
Herpes virus (lcr) - pcr;308489,84;666098;HERPES VIRUS 6 HUMAN - PCR;0.6646;Encontrado
Hexanodiona 2.5;43962,39;666144;HEXANODIONA, (2,5-);1.0;Encontrado
Hidatidosis (elisa);53711,54;666170;HIDATIDOSIS, Ac. IgM Anti- (ELISA);0.8366;Encontrado
Hidatidosis (elisa);53711,54;660483;HIDATIDOSIS (HAI);0.5154;Encontrado
Hidatidosis (i.f.i);21752,74;660483;HIDATIDOSIS (HAI);0.6711;Encontrado
Hidatidosis (i.f.i);21752,74;666173;HIDATIDOSIS, Ac. IgM Anti- (IFI);0.6439;Encontrado
Hidatidosis (i.f.i);21752,74;666170;HIDATIDOSIS, Ac. IgM Anti- (ELISA);0.6425;Encontrado
Hidatidosis (i.f.i);21752,74;660484;HIDATIDOSIS, Ac. IgG ó Totales Anti- (IFI);0.5704;Encontrado
Hidatidosis (i.f.i);21752,74;661100;HIDATIDOSIS, Ac. IgG ó Totales Anti- (IFI);0.5704;Encontrado
ACIDO BETA - HIDROXIBUTIRICO, SUERO;20448,34;;;;No Encontrado
Hidroxiprolinuria;16724,56;;;;No Encontrado
HIPURICO ACIDO;13328,78;;;;No Encontrado
Histoplasmosis;68503,42;;;;No Encontrado
HLA-ABC;390626,12;;;;No Encontrado
Hla-b27;171638,17;;;;No Encontrado
HLA-DR;236513,65;666426;HLA DR Molecular;0.8262;Encontrado
HLA-DR;236513,65;666409;HLA DR Citometría Flujo;0.7314;Encontrado
Homovanílico ácido;32633,62;662205;ÁCIDO HOMOVANÍLICO - HVA;0.759;Encontrado
Hongos tipificación y CIM;165822,48;;;;No Encontrado
HOWELL - TIEMPO DE;2677,55;666486;HOWELL, TEST (Plasma recalcificado, tiempo de-);0.6813;Encontrado
Hpv-hibridación;319519,71;;;;No Encontrado
HTLV I- II Anticuerpo anti;86459,11;666537;HTLV-I/II (Partículas o ELISA);0.5467;Encontrado
HTLV I- II Anticuerpo anti;86459,11;666533;HTLV-1 PCR;0.5303;Encontrado
IDENTIF.SEROLOG.GERMEN;5400,87;;;;No Encontrado
Iga secretoria;15800,58;;;;No Encontrado
Ige especif. penicilina - inyectab;45271,88;;;;No Encontrado
Ige especifica - medicamentos;31651,49;;;;No Encontrado
Ige especifica (r. I. E.);15021,45;;;;No Encontrado
Ige especifica penicilina - oral -;45477,36;;;;No Encontrado
Igg Sub clases;198251,14;;;;No Encontrado
IGS DE SUP MONOESPECIFICA IGA.;47832,46;;;;No Encontrado
IGS DE SUP MONOESPECIFICA IGG.;43980,55;;;;No Encontrado
IGS DE SUP MONOESPECIFICA IGM;47869,53;;;;No Encontrado
Igs tot de superficie;0,00;;;;No Encontrado
"Influenzae ""A"" Ac. Anti (igm)";27972,85;;;;No Encontrado
"Influenzae ""A""  Ac.anti (igg)";28056,89;;;;No Encontrado
"Influenzae ""A"" antígeno";32816,91;;;;No Encontrado
"I Influenzae ""B"" Ac. Anti (igg)";27901,20;;;;No Encontrado
"INFLUENZAE ""B"" Ac. anti (IgM)";25396,54;;;;No Encontrado
"Influenzae ""b"" antígeno";33045,85;;;;No Encontrado
Inhibidor tipo lúpico;78116,10;;;;No Encontrado
INMUNOBEADS DIRECTO;14877,26;;;;No Encontrado
INMUNOBEADS INDIRECTO;21557,77;;;;No Encontrado
Inmunoblot hcv;300773,69;;;;No Encontrado
INMUNOLOGIA MOCO-SUERO;27024,77;;;;No Encontrado
INMUNOLOGIA SEMEN SUERO;26994,74;;;;No Encontrado
Insulina Ac. Anti;54859,58;660543;INSULINA.;0.8729;Encontrado
Insulina Ac. Anti;54859,58;666862;INSULINA, Ac. Anti- (Ac. Anti- IAA);0.7638;Encontrado
INVESTIGACION DE PARASITOS;3945,93;;;;No Encontrado
Iodo azida prueba de;25131,40;666888;IODO-AZIDA Prueba de;1.0;Encontrado
Kptt con corrección de plasma;23281,69;;;;No Encontrado
L.c.r.: bacteriológico;7811,63;;;;No Encontrado
L.H. (POST L.H.R.H.);15599,71;;;;No Encontrado
Láctico ácido (plasmático);18145,14;662239;ÁCIDO LÁCTICO - urinario;0.6871;Encontrado
Láctico ácido (plasmático);18145,14;662236;ÁCIDO LÁCTICO - LCR;0.6521;Encontrado
Láctico ácido (plasmático);18145,14;660592;LÁCTICO, ÁCIDO ENZIMATICO.;0.5606;Encontrado
Láctico ácido (plasmático);18145,14;662119;ÁCIDO CÍTRICO - plasmático;0.5606;Encontrado
Láctico ácido (plasmático);18145,14;660593;LÁCTICO, ÁCIDO - materia fecal.;0.5482;Encontrado
Lamotrigina;60394,49;;;;No Encontrado
Legionella pneumophila;86481,13;666970;LEGIONELLA PNEUMOPHILA, Ag.;0.8981;Encontrado
Legionella pneumophila;86481,13;666956;LEGIONELLA PNEUMOPHILA, Ac. IgG Anti-;0.8707;Encontrado
Legionella pneumophila;86481,13;666958;LEGIONELLA PNEUMOPHILA, Ac. IgM Anti-;0.8687;Encontrado
Leptospiras anticuerpos;80209,23;;;;No Encontrado
Leucemia aguda tipificación;768276,42;;;;No Encontrado
LEUCEMIAS TIP.CITOQUIMICA y CITOGENETICA;265706,70;;;;No Encontrado
Leucocitos materia fecal;3035,58;666896;IONOGRAMA - materia fecal;0.5402;Encontrado
Leucocitos materia fecal;3035,58;669768;UROPORFIRINAS - materia fecal;0.5231;Encontrado
Leucocitos materia fecal;3035,58;660593;LÁCTICO, ÁCIDO - materia fecal.;0.5091;Encontrado
"Lipoproteína ""a""";44826,60;;;;No Encontrado
Listeria;5886,42;667242;LISTERIA - PCR;0.8651;Encontrado
Listeria;5886,42;667230;LISTERIA, CULTIVO;0.7974;Encontrado
Listeria;5886,42;667240;LISTERIA, Ac. IgM Anti-;0.7824;Encontrado
LKM Anticuerpo anti;29693,43;667262;LKM, Ac. Anti-;0.7396;Encontrado
Lorazepam;40566,12;;;;No Encontrado
M.H.T.P. - igm;51730,53;661075;HEPATITIS A, Ac. IgM Anti- (HAV IgM);0.6219;Encontrado
M.H.T.P. - igm;51730,53;661030;CITOMEGALOVIRUS, Ac. IgM Anti- (CMV-IgM);0.6029;Encontrado
M.H.T.P. - igm;51730,53;660541;INMUNOGLOBULINA M (IgM);0.5791;Encontrado
M.H.T.P. - igm;51730,53;665939;HEPATITIS C, Ac. Anti- IgM;0.5122;Encontrado
M.o.p.e.g.;28869,30;;;;No Encontrado
MANDELICO ACIDO;12714,99;;;;No Encontrado
Mar test;20111,25;;;;No Encontrado
Meta hemoglobina;15089,98;665828;HEMOGLOBINA S;0.5909;Encontrado
Metanefrinas;55365,17;667426;METANEFRINAS LIBRES - plasmáticas;0.5754;Encontrado
Metanefrinas;55365,17;660662;METANEFRINAS FRACCIONADAS URINARIAS;0.5522;Encontrado
Methotrexate;68189,14;;;;No Encontrado
METIL-BUTILCETONA;26488,58;;;;No Encontrado
Metilhipúrico ácido;25141,03;;;;No Encontrado
Micop.pneumoniae Ac. Anti (igg);22455,07;661140;MYCOPLASMA PNEUMONIAE Ac Anti-IgG;0.5787;Encontrado
Micop.pneumoniae Ac. Anti (igg);22455,07;661020;CHLAMYDIAS PNEUMONIAE, Ac. Anti- IgG;0.5688;Encontrado
Micop.pneumoniae Ac. Anti (igm);23456,31;663589;CHLAMYDIA PNEUMONIAE, Ac. IgM Anti-;0.593;Encontrado
Micop.pneumoniae Ac. Anti (igm);23456,31;667717;MYCOPLASMA PNEUMONIAE, Ac. IgM Anti-;0.5809;Encontrado
Microalbuminuria;26042,62;661130;MICROALBUMINURIA / ALBUMINA URINARIA;0.6471;Encontrado
MIDAZOLAM;13717,04;;;;No Encontrado
Mpo;63636,96;;;;No Encontrado
Músculo estriado Ac. Anti;23601,11;667631;MUSCULO ESTRIADO, Ac. Anti-;0.5374;Encontrado
Myc. Urogenital (cultivo);50710,35;;;;No Encontrado
"N.MENING.""B""/E.COLI";27315,62;;;;No Encontrado
N.n. dimetil triptamina;81824,66;;;;No Encontrado
"NEISSERIA MENING ""C""";27128,78;;;;No Encontrado
"Neisseria mening. ""a"".""c""";40570,75;;;;No Encontrado
NICOTINA (COTININA);13867,87;664033;COTININA - sérica;0.559;Encontrado
NICOTINA (COTININA);13867,87;664035;COTININA - urinaria;0.5507;Encontrado
NIQUEL EN ORINA;13627,14;667828;NIQUEL URINARIO (Ni urinario);0.6919;Encontrado
NITRAZEPAM;13650,45;;;;No Encontrado
NORMETANEFRINAS;66213,01;;;;No Encontrado
Osmolaridad urinaria;21156,09;660715;OSMOLARIDAD - suero.;0.6515;Encontrado
Osteocalcina;56628,39;667939;OSTEOCALCINA;1.0;Encontrado
Oxalaturia;21908,82;;;;No Encontrado
Oxcarbacepina  hplc;18377,88;;;;No Encontrado
Pap en orina;2702,39;;;;No Encontrado
Pap secreción pezón;2631,37;;;;No Encontrado
PARA-AMINOFENOL;26388,54;668024;PARA AMINOFENOL;1.0;Encontrado
"Parainfluenzae ""I"" Ac. Anti (igg)";27767,97;;;;No Encontrado
"Parainfluenzae ""I"" Ac. Anti (igm)";41534,63;;;;No Encontrado
"Parainfluenzae ""I"" antígeno";34061,12;;;;No Encontrado
"Parainfluenzae ""II""  Ac. Anti (igm)";41522,59;668144;PARAINFLUENZA II, Ac. IgM Anti-;0.6183;Encontrado
"Parainfluenzae ""II""  Ac. Anti (igm)";41522,59;668142;PARAINFLUENZA II, Ac. Anti-;0.5147;Encontrado
"Parainfluenzae ""II"" Ac. Anti (igg)";27673,05;668142;PARAINFLUENZA II, Ac. Anti-;0.5162;Encontrado
"Parainfluenzae ""II"" antígeno";33890,08;;;;No Encontrado
"Parainfluenzae ""III"" Ac. Anti (igg)";27901,04;668149;PARAINFLUENZA III, Ac. Anti-;0.5407;Encontrado
"Parainfluenzae ""III"" Ac. Anti (igg)";27901,04;668151;PARAINFLUENZA III, Ac. IgM Anti-;0.503;Encontrado
"Parainfluenzae ""III"" Ac. Anti (igm)";41540,59;668151;PARAINFLUENZA III, Ac. IgM Anti-;0.6363;Encontrado
"Parainfluenzae ""III"" Ac. Anti (igm)";41540,59;668149;PARAINFLUENZA III, Ac. Anti-;0.5392;Encontrado
"Parainfluenzae ""III"" antígeno";34058,73;;;;No Encontrado
Paraproteinas - identificación;63137,48;;;;No Encontrado
Parathormona (molécula media);28959,65;668161;PARATHORMONA (PTH) (MOLECULA MEDIA);0.543;Encontrado
Parotiditis Ac. Anti (igg);27438,05;668178;PAROTIDITIS, Ac. IgG Anti-;1.0;Encontrado
Parotiditis Ac. Anti (igg);27438,05;668187;PAROTIDITIS, Ac. IgM Anti-;0.799;Encontrado
Parotiditis Ac. Anti (igg);27438,05;668212;PAROTIDITIS, Ag.;0.6079;Encontrado
Parotiditis Ac. Anti (igg);27438,05;668204;PAROTIDITIS, Ac. solubles;0.5523;Encontrado
Parotiditis Ac. Anti (igm);30493,79;668187;PAROTIDITIS, Ac. IgM Anti-;1.0;Encontrado
Parotiditis Ac. Anti (igm);30493,79;668178;PAROTIDITIS, Ac. IgG Anti-;0.799;Encontrado
Parotiditis Ac. Anti (igm);30493,79;668212;PAROTIDITIS, Ag.;0.6054;Encontrado
Parotiditis Ac. Anti (igm);30493,79;668204;PAROTIDITIS, Ac. solubles;0.55;Encontrado
Parvovirus humano B19 igg;61825,39;668241;PARVOVIRUS B19 - PCR;0.7333;Encontrado
Parvovirus humano B19 igg;61825,39;668229;PARVOVIRUS, Ac. IgG Anti-;0.5467;Encontrado
Parvovirus humano B19 igm;61841,50;668241;PARVOVIRUS B19 - PCR;0.7319;Encontrado
Parvovirus humano B19 igm;61841,50;668238;PARVOVIRUS, Ac. IgM Anti-;0.549;Encontrado
PEPTIDO C - ORINA -;21028,93;668281;PEPTIDO C;0.8593;Encontrado
Péptido c - suero;24592,35;668289;PÉPTIDO PROCOLÁGENO;0.5345;Encontrado
Peroxidasa Ac. Anti (TPO-Ac);25617,58;668315;PEROXIDASA TIROIDEO, Ac. Anti- (ATPO / TPO);0.6835;Encontrado
PIRIDINOLINA;31757,48;668348;PIRIDINOLINA;1.0;Encontrado
Plombemia;14183,80;;;;No Encontrado
Pneumocystis Carinii AG;42497,67;668426;PNEUMOCYSTIS CARINII, IFD;0.7238;Encontrado
PODER BACTERICIDA DEL SUERO;34567,06;668435;PODER BACTERICIDA DEL SUERO (PBS);0.8446;Encontrado
PODER BACTERICIDA DEL SUERO;34567,06;668440;PODER INHIBITORIO DEL SUERO (P.I.S.);0.6561;Encontrado
Poder inhibitorio del suero;57348,45;668440;PODER INHIBITORIO DEL SUERO (P.I.S.);1.0;Encontrado
Poder inhibitorio del suero;57348,45;668435;PODER BACTERICIDA DEL SUERO (PBS);0.5541;Encontrado
Polimerasa - cmv;257496,04;;;;No Encontrado
Polimerasa - enterovirus;283203,78;664691;ENTEROVIRUS - PCR;0.6679;Encontrado
Polimerasa - hepatitis b;248469,11;;;;No Encontrado
Polimerasa - hepatitis c pcr;222154,27;666011;HEPATITIS E - PCR;0.7294;Encontrado
Polimerasa - hiv - 1;273601,69;666278;HIV - P-24 - HIV 1 y 2 (Combo);0.5238;Encontrado
Polimerasa - mycob.tuberculosis;165651,19;;;;No Encontrado
Polimerasa adenovirus;236335,11;662446;ADENOVIRUS - PCR;0.6072;Encontrado
Polimerasa adenovirus;236335,11;662444;ADENOVIRUS, Ag.;0.5753;Encontrado
Polimerasa adenovirus;236335,11;662435;ADENOVIRUS, Ac. IgM, Anti-;0.5412;Encontrado
Polimerasa clhamydia trachomatis;248110,99;;;;No Encontrado
Polimerasa h.p.v.;281725,25;;;;No Encontrado
Polimerasa-toxoplasma gondii;196069,79;663756;Toxoplasma gondii - PCR en LCR;0.7081;Encontrado
Polimerasa-trypanos. cruzi (chagas);222921,26;;;;No Encontrado
Polimerasa-varicella zoster;266614,23;;;;No Encontrado
PRIMIDONA HPLC;12281,35;;;;No Encontrado
Prod.degradacion fibrinógeno;32602,41;;;;No Encontrado
Prolactina (post-trh);17129,58;;;;No Encontrado
Próstata específico ag. (psa);29125,99;;;;No Encontrado
Proteína C;73793,16;668640;PROTEÍNA S Total;0.7111;Encontrado
Proteína C;73793,16;668631;PROTEÍNA S Libre = Inmunoturbidimétrio;0.5258;Encontrado
Proteína C;73793,16;668614;PROTEÍNA C FUNCIONAL - Cromogénico;0.5007;Encontrado
Proteína C;73793,16;668648;PROTEÍNA S Funcional = coagulométrico;0.5007;Encontrado
Proteína s;71677,96;668640;PROTEÍNA S Total;0.7111;Encontrado
Proteína s;71677,96;668631;PROTEÍNA S Libre = Inmunoturbidimétrio;0.5258;Encontrado
Proteína s;71677,96;668614;PROTEÍNA C FUNCIONAL - Cromogénico;0.5007;Encontrado
Proteína s;71677,96;668648;PROTEÍNA S Funcional = coagulométrico;0.5007;Encontrado
PROTOPORFIRINA IX;13740,70;;;;No Encontrado
Prueba de auto hemólisis;40754,82;;;;No Encontrado
Prueba de Ham;23505,21;665715;HAM, PRUEBA DE;1.0;Encontrado
Prueba inestabilidad al isopropanol;38317,37;;;;No Encontrado
PRUEBA DE RESIST.GLOBUL. POST INCUBACION;26354,17;;;;No Encontrado
Prueba de sucrosa;41116,32;669212;SUCROSA, TEST DE;0.7142;Encontrado
PRUEBA DE TERMOLABILIDAD;26754,40;;;;No Encontrado
Psa libre;54904,50;662734;ANTÍGENO PROSTÁTICO ESPECÍFICO, Libre+Total (PSA- L+T);0.5605;Encontrado
Receptor de TSH Ac. Anti;53778,96;668802;RECEPTOR de TSH, Ac. Anti- (TRAB's o TRAB o TBII);0.5133;Encontrado
Recuento de colonias;3199,37;660176;COLONIAS, RECUENTO DE.;1.0;Encontrado
Resistencia a la proteína c activada;113409,71;668828;RESISTENCIA a la PROTEÍNA C ACTIVADA;1.0;Encontrado
Reticulina Anticuerpo anti;23696,37;668836;RETICULINA, Ac. Anti- (ARA);0.5422;Encontrado
Rotavirus materia fecal (antígeno);52341,30;;;;No Encontrado
Rubeola Ac. Anti (IGG) - MEIA;13456,10;661145;RUBEOLA, Ac. IgG Anti-;0.7817;Encontrado
Rubeola Ac. Anti (IGG) - MEIA;13456,10;661150;RUBEOLA, Ac. IgM Anti-;0.6353;Encontrado
Rubeola Ac. Anti (IGM) - MEIA;14219,98;661150;RUBEOLA, Ac. IgM Anti-;0.7828;Encontrado
Rubeola Ac. Anti (IGM) - MEIA;14219,98;661145;RUBEOLA, Ac. IgG Anti-;0.6363;Encontrado
S.T.H.(POST - ESTIM/INHIB);11428,97;;;;No Encontrado
SALICILEMIA (F.P.I.A.);13798,02;;;;No Encontrado
Sarampión Ac. Anti (igg);28123,24;;;;No Encontrado
Sarampión Ac. Anti (igm);28418,35;;;;No Encontrado
Screening (Galact.Biotin.17Hidroxiprog.);80514,72;;;;No Encontrado
Screening neonatal tsh/pku;31520,77;660338;FENILALANINA, NEONATAL (PKU);0.5763;Encontrado
Serotonina orina h.p.l.c.;30134,39;660835;SEROTONINA - sérica.;0.6896;Encontrado
Serotonina orina h.p.l.c.;30134,39;669045;SEROTONINA - urinaria;0.6782;Encontrado
Serotonina orina h.p.l.c.;30134,39;669041;SEROTONINA - plaquetaria;0.5971;Encontrado
Somatomedina c;96297,61;669118;SOMATOMEDINA C- IGFB1;0.6744;Encontrado
"Streptococcus grupo ""b""";24890,43;669135;STREPTOCOCCUS GRUPO B, Ag. - urinario;0.8229;Encontrado
"Streptococcus grupo ""b""";24890,43;669132;STREPTOCOCCUS GRUPO B, Ag. - sérico;0.7905;Encontrado
"Streptococcus grupo ""b""";24890,43;661180;"TEST RAPIDO en FAUCES para STREPTOCOCCUS ?- HEMOLÍTICO Grupo ""A""";0.5079;Encontrado
Streptococcus pneumoniae.;37607,51;669170;STREPTOCOCCUS PNEUMONIAE - PCR;0.9037;Encontrado
Streptococcus pneumoniae.;37607,51;669164;STREPTOCOCCUS PNEUMONIAE, Ag. - urinario;0.8068;Encontrado
Streptococcus pneumoniae.;37607,51;669161;STREPTOCOCCUS PNEUMONIAE, Ag. - sérico;0.7726;Encontrado
Streptococcus pneumoniae.;37607,51;669157;STREPTOCOCCUS PNEUMONIAE, Ag. - esputo;0.7108;Encontrado
Streptozyme;9978,26;669180;STREPTOZYME, TEST (ESTREPTOZIMA);0.628;Encontrado
SUPEROXIDO DISMUTASA - SUPIDI;103611,21;661080;SUPEROXIDO DISMUTASA;0.7965;Encontrado
SUPRARENALES CORT. AC.ANTI;57412,96;;;;No Encontrado
Swim-up;73473,52;664949;ESPERMA, SWIM UP (INSEMINACIÓN);0.7494;Encontrado
Swim-up;73473,52;664941;ESPERMA, SWIM UP (DIAGNÓSTICO);0.7411;Encontrado
T.KREMER CRUZADO;43613,73;666925;KREMER, TEST DE;0.5423;Encontrado
T.KREMER DIRECTO;43296,11;666925;KREMER, TEST DE;0.5888;Encontrado
T.s.h. (post - trh);16830,49;;;;No Encontrado
T.s.h. ultrasensible;17632,17;;;;No Encontrado
T4 libre;11497,78;;;;No Encontrado
Taenia solium igg (Cysticercus);175378,95;669270;TAENIA SOLIUM - Ac. Anti- IgG;0.7705;Encontrado
Talio en orina;40723,01;660862;TALIO (Tl) - urinario.;0.6361;Encontrado
Talio en orina;40723,01;669293;TALIO - pelo;0.5769;Encontrado
Teofilina hplc;18346,44;;;;No Encontrado
TEST DE BREWER;28738,86;;;;No Encontrado
Test de resistencia globular;38865,87;;;;No Encontrado
TEST DE WEIL FELIX;65980,53;;;;No Encontrado
TEST DE WRIGHT;11251,63;663158;BRUCELLAS, TEST DE WRIGHT;0.7759;Encontrado
TEST DE WRIGHT;11251,63;663159;BRUCELLAS, TEST DE WRIGHT, con 2-Mercaptoetanol (W-2ME);0.5284;Encontrado
TEST HAMSTER;93873,04;;;;No Encontrado
TEST HIPO-OSMOTICO;60333,48;;;;No Encontrado
TEST SOBREVIDA;25268,52;;;;No Encontrado
Testosterona biodisponible;28621,11;661185;TESTOSTERONA BIODISPONIBLE;1.0;Encontrado
Testosterona biodisponible;28621,11;665016;ESTRADIOL BIODISPONIBLE (E2 Biodisponible);0.5974;Encontrado
Testosterona biodisponible;28621,11;669383;TESTOSTERONA - urinaria;0.5288;Encontrado
Testosterona libre;25942,12;669375;TESTOSTERONA LIBRE (To-L);0.7532;Encontrado
Testosterona libre;25942,12;669383;TESTOSTERONA - urinaria;0.5993;Encontrado
Testosterona libre;25942,12;661185;TESTOSTERONA BIODISPONIBLE;0.5103;Encontrado
TIEMPO DE SANGRIA (IVY);1944,67;668977;SANGRIA, TIEMPO DE - Método de Ivy;0.8568;Encontrado
Tiempo de trombina;5454,99;660880;TROMBINA, TIEMPO DE;1.0;Encontrado
Tiempo de trombina;5454,99;660169;COAGULACION, TIEMPO DE;0.5058;Encontrado
Tiocianatos en orina;43957,42;669409;TIOCIANATOS - urinarios;0.6076;Encontrado
Tiocianatos en orina;43957,42;669417;TIOCIANATOS - séricos;0.547;Encontrado
Tipificación bacteriológica;61058,53;;;;No Encontrado
Tipificación de micobacterias;221392,75;;;;No Encontrado
Tiroglobulina;44996,13;669443;TIROGLOBULINA (TGs);0.6629;Encontrado
Tiroglobulina ultra sensible Ac.anti;25674,51;;;;No Encontrado
Tonometría;10988,75;;;;No Encontrado
Toxocara canis;99827,05;669511;TOXOCARA CANIS, Ac. IgG Anti-;0.8766;Encontrado
Toxocara canis;99827,05;669514;TOXOCARA CANIS, Ac. IgM Anti-;0.8747;Encontrado
Toxoplasmosis igg (ELISA);7306,81;669571;TOXOPLASMOSIS, Ac. IgG Anti- (ELISA);0.9096;Encontrado
Toxoplasmosis igg (ELISA);7306,81;669580;TOXOPLASMOSIS, Ac. IgM Anti- (ELISA);0.7422;Encontrado
Toxoplasmosis igg (ELISA);7306,81;669591;TOXOPLASMOSIS - PCR;0.5439;Encontrado
Toxoplasmosis igm (ELISA);8909,08;669580;TOXOPLASMOSIS, Ac. IgM Anti- (ELISA);0.9102;Encontrado
Toxoplasmosis igm (ELISA);8909,08;669571;TOXOPLASMOSIS, Ac. IgG Anti- (ELISA);0.7417;Encontrado
Toxoplasmosis igm (ELISA);8909,08;669588;TOXOPLASMOSIS, Ac. IgM Anti- (IFI);0.568;Encontrado
Toxoplasmosis igm (ELISA);8909,08;669591;TOXOPLASMOSIS - PCR;0.5419;Encontrado
Toxoplasmosis igm (ELISA);8909,08;663571;CHAGAS, Ac. IgM Anti- (ELISA);0.5078;Encontrado
Toxoplasmosis igm (ifi);7358,76;669588;TOXOPLASMOSIS, Ac. IgM Anti- (IFI);0.9098;Encontrado
Toxoplasmosis igm (ifi);7358,76;660871;TOXOPLASMOSIS (IFI);0.9007;Encontrado
Toxoplasmosis igm (ifi);7358,76;669580;TOXOPLASMOSIS, Ac. IgM Anti- (ELISA);0.5683;Encontrado
Toxoplasmosis igm (ifi);7358,76;669591;TOXOPLASMOSIS - PCR;0.5434;Encontrado
Toxoplasmosis igm (ifi);7358,76;663572;CHAGAS, Ac. IgM Anti- (IFI);0.5053;Encontrado
Transferrina saturación de;0,00;660875;TRANSFERRINA;0.6544;Encontrado
triiodotironina libre (T3 libre);22482,81;669661;TRIIODOTIRONINA Libre (T3L);0.6265;Encontrado
triiodotironina libre (T3 libre);22482,81;660878;TRIIODOTIRONINA TOTAL - T3;0.5841;Encontrado
TRIPLE COLORACION;50408,85;669672;TRIPLE TEST;0.6035;Encontrado
Tripsina neonatal;45914,45;667777;NEONATAL, T.I.R. (TRIPSINA INMUNOREATIVA);0.7661;Encontrado
Tripsina neonatal;45914,45;669682;TRIPSINA, Ac. Anti-;0.6688;Encontrado
Tripsina neonatal;45914,45;667785;NEONATAL, T.S.H.;0.6426;Encontrado
Urea en orina;3348,71;660902;UREA, sérica.;0.654;Encontrado
Urea en orina;3348,71;660901;UREA, CLEARENCE DE;0.5541;Encontrado
Urocultivo-sed en fresco;5522,12;;;;No Encontrado
Valproato (fpia);19431,83;;;;No Encontrado
Vancomicina;25435,50;669793;VANCOMICINA;1.0;Encontrado
Vancomicina;25435,50;664682;ENTEROCOCOS VANCOMICINA RESISTENTE - PCR;0.5358;Encontrado
Varicela zoster.Ac.anti (igg);28012,58;669819;VARICELA ZOSTER, Ac. IgG Anti-;1.0;Encontrado
Varicela zoster.Ac.anti (igg);28012,58;669810;VARICELA ZOSTER, Ac. IgM Anti-;0.8707;Encontrado
Varicela zoster.Ac.anti (igg);28012,58;669828;VARICELA ZOSTER, Ag.;0.7529;Encontrado
Varicela zoster.Ac.anti (igg);28012,58;669834;VARICELA ZOSTER - DNA (PCR);0.6626;Encontrado
Varicela zoster Ac. Anti (igm);28231,25;669810;VARICELA ZOSTER, Ac. IgM Anti-;1.0;Encontrado
Varicela zoster Ac. Anti (igm);28231,25;669819;VARICELA ZOSTER, Ac. IgG Anti-;0.8707;Encontrado
Varicela zoster Ac. Anti (igm);28231,25;669828;VARICELA ZOSTER, Ag.;0.7509;Encontrado
Varicela zoster Ac. Anti (igm);28231,25;669834;VARICELA ZOSTER - DNA (PCR);0.6609;Encontrado
VARICELA ZOZTER ANTIGENO;29939,57;;;;No Encontrado
Virus respiratorio sincicial Ac.(igg);30804,99;669076;SINCICIAL RESPIRATORIO, Ac. IgG Anti-;0.862;Encontrado
Virus respiratorio sincicial Ac.(igg);30804,99;669084;SINCICIAL RESPIRATORIO, Ac. IgM Anti-;0.7505;Encontrado
Virus respiratorio sincicial Ac.(igg);30804,99;669093;SINCICIAL RESPIRATORIO, ANTIGENO (Ag.);0.6049;Encontrado
VIRUS RESPIRATORIO SINCICIAL Ac.(IgM);28412,17;669084;SINCICIAL RESPIRATORIO, Ac. IgM Anti-;0.8626;Encontrado
VIRUS RESPIRATORIO SINCICIAL Ac.(IgM);28412,17;669076;SINCICIAL RESPIRATORIO, Ac. IgG Anti-;0.7507;Encontrado
VIRUS RESPIRATORIO SINCICIAL Ac.(IgM);28412,17;669093;SINCICIAL RESPIRATORIO, ANTIGENO (Ag.);0.6037;Encontrado
Virus respiratorio sincicial antígeno;33620,97;669076;SINCICIAL RESPIRATORIO, Ac. IgG Anti-;0.6721;Encontrado
Virus respiratorio sincicial antígeno;33620,97;669084;SINCICIAL RESPIRATORIO, Ac. IgM Anti-;0.6704;Encontrado
Virus respiratorio sincicial antígeno;33620,97;669093;SINCICIAL RESPIRATORIO, ANTIGENO (Ag.);0.5907;Encontrado
Vitamina b 12;27653,42;660937;VITAMINA A.;0.6451;Encontrado
Vitamina b 12;27653,42;660939;VITAMINA E.;0.6451;Encontrado
VITAMINA D - 1.25 DIHO;33768,92;669905;"VITAMINA D  (1,25-DIHIDROXICOLECALCIFEROL O
CALCITRIOL - 1,25-VITAMINA D";0.6302;Encontrado
Vitamina d - 25ho;82725,56;660937;VITAMINA A.;0.5801;Encontrado
Vitamina d - 25ho;82725,56;660939;VITAMINA E.;0.5801;Encontrado
Zinc suero;25292,42;;;;No Encontrado
Adenosin de aminasas;47121,63;;;;No Encontrado
Ac anti-mag;194240,54;667315;MAG-SGPG, Ac. IgM;0.6365;Encontrado
CADENAS PESADAS MONOESPECIFICAS IEF ALFA IGA;26367,22;;;;No Encontrado
CADENAS PESADAS MONOESPECIFICAS IEF GAMMA IGG;26403,34;;;;No Encontrado
Cadenas pesadas monoesp. ief mu igm;43566,57;;;;No Encontrado
CD-18;33169,48;;;;No Encontrado
Cd-56;72501,76;;;;No Encontrado
Cd-79a;54913,25;;;;No Encontrado
Coccidioides inmitis;64650,07;663862;COCCIDIOIDES INMITIS, Ac. IgG Anti-;0.8586;Encontrado
Coccidioides inmitis;64650,07;663871;COCCIDIOIDES INMITIS, Ac. IgM Anti-;0.8564;Encontrado
Coccidioides inmitis;64650,07;663837;COCCIDIOIDES INMITIS, Ac. Anti- BANDA F;0.7352;Encontrado
Coccidioides inmitis;64650,07;663854;COCCIDIOIDES INMITIS, Ac. Anti- CIE;0.7212;Encontrado
Coccidioides inmitis;64650,07;663860;COCCIDIOIDES INMITIS, Ac. Ig Totales Anti-;0.6652;Encontrado
Coccidioides inmitis;64650,07;663845;COCCIDIOIDES INMITIS, Ac. Anti- BANDA TP;0.6375;Encontrado
Electroforesis hemoglob. medio ácido;16778,54;;;;No Encontrado
Factor V Leyden;84132,33;;;;No Encontrado
Homocisteína;70473,33;;;;No Encontrado
Igf-ibp3;165809,49;;;;No Encontrado
Inmunof.cadena pesada alfa iga;43055,44;;;;No Encontrado
INMUNOFIJACION CADENA PESADA GAMMA IGG;26524,95;;;;No Encontrado
Inmunof.cadena pesada alfa iga;0,00;;;;No Encontrado
Inmunof.cadena kappa en suero;42901,67;;;;No Encontrado
Inmunof.cadena kappa en orina;43573,54;;;;No Encontrado
Inmunof.cadena lambda en suero;43003,79;;;;No Encontrado
Inmunof.cadena lambda en orina;43492,79;;;;No Encontrado
Manganeso en orina;20978,00;667343;MANGANESO - urinario;0.9012;Encontrado
Manganeso en orina;20978,00;667341;MANGANESO - sérico;0.6273;Encontrado
Manganeso en orina;20978,00;667338;MANGANESO - pelo;0.5896;Encontrado
PLASMINOGENO;62495,69;660748;PLASMINOGENO (IDR);0.6744;Encontrado
Talio en sangre;48922,31;669293;TALIO - pelo;0.6084;Encontrado
Trichinella spiralis igg;136378,33;669649;TRICHINELLA SPIRALIS, Ac. IgM Anti-;0.8236;Encontrado
Trichinella spiralis igg;136378,33;669647;TRICHINELLA SPIRALIS, Ac. IgG Anti-/Ac. Totales;0.7929;Encontrado
VITAMINA C;42258,66;660937;VITAMINA A.;1.0;Encontrado
VITAMINA C;42258,66;660939;VITAMINA E.;1.0;Encontrado
VITAMINA C;42258,66;669898;VITAMINA C (plaquetaria);0.6366;Encontrado
VITAMINA C;42258,66;660938;VITAMINA B12.;0.5801;Encontrado
VITAMINA C;42258,66;669905;"VITAMINA D  (1,25-DIHIDROXICOLECALCIFEROL O
CALCITRIOL - 1,25-VITAMINA D";0.5381;Encontrado
VITAMINA C;42258,66;669896;VITAMINA C (líquido seminal);0.5147;Encontrado
Lc.r. inmunoelectroforesis;10473,32;660535;INMUNOELECTROFORESIS.;0.6821;Encontrado
Lc.r. inmunoelectroforesis;10473,32;666947;LC-1, Ac. Anti-;0.644;Encontrado
L.C.R..: PROTEINOGRAMA;2503,75;660765;PROTEINOGRAMA ELECTROFORÉTICO - LCR;0.6128;Encontrado
L.C.R..: PROTEINOGRAMA;2503,75;660766;PROTEINOGRAMA - líquidos biológicos;0.5816;Encontrado
L.C.R..: PROTEINOGRAMA;2503,75;660764;PROTEINOGRAMA ELECTROFORÉTICO, en suero;0.5761;Encontrado
Tiocianato en suero;43748,23;;;;No Encontrado
AC. ANTI BETA 2 GLICOPROTEINA 1;68413,54;;;;No Encontrado
Cross - laps;91995,46;663025;Beta CROSS LAPS - CTX-C - TELOPÉPTIDO DE COLÁGENO TIPO I;0.5075;Encontrado
Quimotripsina en materia fecal;42804,28;660736;PARASITOLOGICO en MATERIA FECAL.;0.5518;Encontrado
Troponina t;53760,89;669725;TROPONINA I -TnI;0.6629;Encontrado
VANCOMICINA SANGRE;77016,69;669793;VANCOMICINA;0.7764;Encontrado
TEST ROSA DE BENGALA;26320,76;668918;ROSA de BENGALA;0.9085;Encontrado
TEST ROSA DE BENGALA;26320,76;660494;HUDDLESSON, REACCION DE (Rosa de Bengala - Brucelosis).;0.6068;Encontrado
Anti - gad;165279,00;;;;No Encontrado
HLA DQ;340860,80;666401;HLA DQ Molecular;0.837;Encontrado
Alumino en suero;33299,00;;;;No Encontrado
Ácido furoico en orina;43478,73;662181;ÁCIDO FUROICO;0.8412;Encontrado
Metanol en suero;43573,27;660663;METANOL - urinario.;0.6365;Encontrado
Metanol en suero;43573,27;667435;METANOL - sangre;0.5771;Encontrado
Metanol en orina;39293,90;660663;METANOL - urinario.;0.9012;Encontrado
Metanol en orina;39293,90;667435;METANOL - sangre;0.6115;Encontrado
VANADIO EN ORINA;28155,94;;;;No Encontrado
Zinc en orina;42218,23;669990;ZINC - urinario (Zn-urinario);0.6955;Encontrado
Selenio en orina;32503,40;669019;SELENIO - urinario;0.9051;Encontrado
Acetona en orina;28417,39;662051;ACETONA CUANTITATIVA - sérica;0.5089;Encontrado
Acetona en orina;28417,39;662059;ACETONA CUANTITATIVA - urinaria;0.5034;Encontrado
1 - hidroxipireno;45497,97;666204;HIDROXIPIRENO;1.0;Encontrado
AC.ANTI RIBOSOMAL P;90385,89;668860;RIBOSOMAL, Ac. Anti- Proteina P (Anti-Riv P);0.6685;Encontrado
POLYOMAVIRUS JC DNA;220381,83;;;;No Encontrado
Albumina Serica en orina;3147,65;;;;No Encontrado
Citomegolovirus ac . Anti igm-meia;0,00;;;;No Encontrado
Citomegalovirus ac.anti igm-meia;16687,11;661030;CITOMEGALOVIRUS, Ac. IgM Anti- (CMV-IgM);0.591;Encontrado
Chlamydias trachomatis antic. igm;24500,91;;;;No Encontrado
Galactosemia;20863,47;660402;GALACTOSEMIA.;1.0;Encontrado
Galactosemia;20863,47;667768;NEONATAL, GALACTOSEMIA;0.7563;Encontrado
Biotinidasa (deficiencia);29541,93;667759;NEONATAL, BIOTINIDASA;0.5167;Encontrado
17 ho progesterona (neonatal);29316,52;667751;"NEONATAL, 17-HIDROXIPROGESTERONA (17-HO-Pg-
Neo)";0.6293;Encontrado
17 ho progesterona (neonatal);29316,52;661196;"SCREENING NEONATAL x 6 (TSH, FENIL ALANINA y TIR - BIOTINIDASA, GALACTOSEMIA y 17-HO-
PROGESTERONA - Neonatales)";0.5483;Encontrado
17 ho progesterona (neonatal);29316,52;668580;PROGESTERONA 17-HIDROXI (17-OH-Pg);0.5149;Encontrado
XILENO EN SANGRE;26698,95;;;;No Encontrado
FENOL CONJUGADO;26598,24;;;;No Encontrado
VITAMINA E;62243,26;660937;VITAMINA A.;1.0;Encontrado
VITAMINA E;62243,26;660939;VITAMINA E.;1.0;Encontrado
VITAMINA E;62243,26;669898;VITAMINA C (plaquetaria);0.6366;Encontrado
VITAMINA E;62243,26;660938;VITAMINA B12.;0.5801;Encontrado
VITAMINA E;62243,26;669905;"VITAMINA D  (1,25-DIHIDROXICOLECALCIFEROL O
CALCITRIOL - 1,25-VITAMINA D";0.5381;Encontrado
VITAMINA E;62243,26;669896;VITAMINA C (líquido seminal);0.5147;Encontrado
ETIBENCENO;26547,55;;;;No Encontrado
Resistencia antiviral para hiv;688154,00;;;;No Encontrado
Ácido fólico eritrocitario;58050,74;;;;No Encontrado
Drogas abuso - screening 8 drogas;182658,38;661050;DROGAS de ABUSO SCREENING (c/u);0.9162;Encontrado
TALIO EN AGUA;13386,12;;;;No Encontrado
CURVA DE GLUCEMIA COMPLETA;4067,88;660412;GLUCEMIA (C/U);0.5547;Encontrado
GLUCEMIA POST-PRANDIAL;1713,10;665576;GLUCOSA POST PRANDIAL;0.6456;Encontrado
GLUCEMIA POST-PRANDIAL;1713,10;660412;GLUCEMIA (C/U);0.5893;Encontrado
TOXOCARA IGM;82853,14;669514;TOXOCARA CANIS, Ac. IgM Anti-;0.6945;Encontrado
TOXOCARA IGM;82853,14;669511;TOXOCARA CANIS, Ac. IgG Anti-;0.5349;Encontrado
SEROTONINA PLASMATICA;38334,32;660835;SEROTONINA - sérica.;0.5362;Encontrado
SEROTONINA PLASMATICA;38334,32;669045;SEROTONINA - urinaria;0.5273;Encontrado
PRUEBA DE SINERGIA MICROBATERIANA;36125,58;;;;No Encontrado
SEROLOGIA PARA HANTAVIRUS;48443,89;;;;No Encontrado
Cuerpos reductores materia fecal;19159,68;664290;CUERPOS REDUCTORES;0.7939;Encontrado
RECEPTOR SOLUBLE DE TRANSFERRINA;50557,55;668816;RECEPTOR SOLUBLE DE TRANSFERRINA (sTRF);0.8376;Encontrado
RECEPTOR SOLUBLE DE TRANSFERRINA;50557,55;660875;TRANSFERRINA;0.5774;Encontrado
RECEPTOR SOLUBLE DE TRANSFERRINA;50557,55;666691;IL2-R - CD25 receptor soluble;0.5087;Encontrado
Esteatocrito;35899,61;664999;ESTEATOCRITO (Grasas - materia fecal);0.5682;Encontrado
DINITROFENOL;26374,34;;;;No Encontrado
HLA-DR 4BW54;0,00;666426;HLA DR Molecular;0.6244;Encontrado
HLA-DR 4BW54;0,00;666409;HLA DR Citometría Flujo;0.5527;Encontrado
N-TELOPEPTIDO EN ORINA;53572,76;;;;No Encontrado
COCAINA EN PELO;104453,83;;;;No Encontrado
Leptospiras – Ac. IgM;169719,17;;;;No Encontrado
Protrombina 20210;152291,08;;;;No Encontrado
METIL ETIL CETONA;13349,47;667443;METIL ETIL CETONA;1.0;Encontrado
TRICLOROETANOL;13338,14;669657;TRICLOROETANOL;1.0;Encontrado
CULTIVO DE CAMPYLOBACTER;46353,56;663316;CAMPYLOBACTER SPP, Cultivo;0.7468;Encontrado
COBALTO EN SUERO;14097,75;663788;COBALTO - urinario;0.6365;Encontrado
COBALTO EN SUERO;14097,75;663786;COBALTO - plasmático;0.5378;Encontrado
BICARBONATO EN ORINA;15745,59;660109;BICARBONATO.;0.789;Encontrado
BICARBONATO EN ORINA;15745,59;663065;BICARBONATO, en orina;0.727;Encontrado
REC. DE COLONIAS POR GRAMO DE TEJIDO;55543,55;;;;No Encontrado
CREATININURIA DE 2 HS.;1881,32;;;;No Encontrado
ANTICUERPOS ANTI COCLEARES;247323,81;;;;No Encontrado
MICROSPORIDIUM EN MATERIA FECAL;31098,41;660736;PARASITOLOGICO en MATERIA FECAL.;0.5518;Encontrado
ANTICUERPO ANTI HU (LCR);91209,72;;;;No Encontrado
ANTICUERPO ANTI HU (SUERO);84697,95;;;;No Encontrado
ANTICUERPO ANTI YO (LCR);79099,13;;;;No Encontrado
FEI;45271,37;;;;No Encontrado
ORTOCRESOL EN ORINA;38637,99;;;;No Encontrado
GASES EN SANGRE Y EST.ACIDO BASE(716+005);6402,45;;;;No Encontrado
LIQ.PUNCION-CITOLOGICO (PAP);2182,25;;;;No Encontrado
SODIO EN AGUA O SIMILAR;1921,57;;;;No Encontrado
CISTINA EN ORINA;1624,04;663683;CISTINA;0.8003;Encontrado
COPROPORFIRINAS EN ORINA;13345,44;663960;COPROPORFIRINAS - eritrocitarias;0.547;Encontrado
DELTA-AMINOLEVULINICO AC.ORINA;25968,97;;;;No Encontrado
DELTA-AMINOLEVULINICO DEHIDRAT.;37531,82;;;;No Encontrado
MERCURIO SCREENING;34603,23;;;;No Encontrado
OSMOLARIDAD PLASMATICA;18226,21;660715;OSMOLARIDAD - suero.;0.55;Encontrado
CITOLOGICO (PAP);2143,62;;;;No Encontrado
PLOMBURIA (ABSORCION ATOMICA);9903,66;;;;No Encontrado
PENTACLOFENOL EN ORINA;26461,32;;;;No Encontrado
CLOROCATECOL URINARIO;39797,04;;;;No Encontrado
VITAMINA A RETINOL;50752,32;660937;VITAMINA A.;0.5801;Encontrado
VITAMINA A RETINOL;50752,32;660939;VITAMINA E.;0.5801;Encontrado
VITAMINA B2;52854,03;660937;VITAMINA A.;0.6149;Encontrado
VITAMINA B2;52854,03;660939;VITAMINA E.;0.6149;Encontrado
VITAMINA B1;54812,97;669879;VITAMINA B1 (TIAMINA);0.7455;Encontrado
VITAMINA B1;54812,97;660937;VITAMINA A.;0.6366;Encontrado
VITAMINA B1;54812,97;660939;VITAMINA E.;0.6366;Encontrado
VITAMINA B6;50889,25;669887;VITAMINA B6 (PIRIDOXINA);0.7455;Encontrado
VITAMINA B6;50889,25;660937;VITAMINA A.;0.6366;Encontrado
VITAMINA B6;50889,25;660939;VITAMINA E.;0.6366;Encontrado
LISIS DE EUGLOBULINAS;13506,98;665050;EUGLOBULINAS, LISIS de (pre y post-isquemia);0.6353;Encontrado
LISIS DE EUGLOBULINAS;13506,98;660308;EUGLOBULINAS, TEST DE;0.6271;Encontrado
HEMOGLOBINA ALCALI RESISTENTE;16545,51;;;;No Encontrado
LISIS DE EUGLOBULINAS (POST ISQUEMIA);16007,09;665050;EUGLOBULINAS, LISIS de (pre y post-isquemia);0.8711;Encontrado
ANTI FOSFATIDIL SERINA IGG;67830,38;665428;FOSFATIDIL SERINA, Ac. IgM Anti-;0.8252;Encontrado
ANTI FOSFATIDIL SERINA IGG;67830,38;665426;FOSFATIDIL SERINA, Ac. IgG ó Ac. Totales Anti-;0.7882;Encontrado
ANTI FOSFATIDIL SERINA IGG;67830,38;665424;FOSFATIDIL SERINA, Ac. IgA Anti-;0.7819;Encontrado
ANTI FOSFATIDIL SERINA IGG;67830,38;665409;FOSFATIDIL INOSITOL, Ac. IgG Anti-;0.5419;Encontrado
ANTI FOSFATIDIL SERINA IGG;67830,38;665375;FOSFATIDIL COLINA, Ac. IgG Anti-;0.5256;Encontrado
ANTI FOSFATIDIL SERINA IGG;67830,38;665392;FOSFATIDIL GLICEROL, Ac. IgG Anti-;0.5129;Encontrado
ANTI FOSFATIDIL SERINA IGM;67831,76;665428;FOSFATIDIL SERINA, Ac. IgM Anti-;0.9618;Encontrado
ANTI FOSFATIDIL SERINA IGM;67831,76;665424;FOSFATIDIL SERINA, Ac. IgA Anti-;0.7796;Encontrado
ANTI FOSFATIDIL SERINA IGM;67831,76;665426;FOSFATIDIL SERINA, Ac. IgG ó Ac. Totales Anti-;0.6762;Encontrado
ANTI FOSFATIDIL SERINA IGM;67831,76;665412;FOSFATIDIL INOSITOL, Ac. IgM Anti-;0.5444;Encontrado
ANTI FOSFATIDIL SERINA IGM;67831,76;665378;FOSFATIDIL COLINA, Ac. IgM Anti-;0.5281;Encontrado
ANTI FOSFATIDIL INOSITOL IGM;67832,86;665412;FOSFATIDIL INOSITOL, Ac. IgM Anti-;0.9639;Encontrado
ANTI FOSFATIDIL INOSITOL IGM;67832,86;665409;FOSFATIDIL INOSITOL, Ac. IgG Anti-;0.8348;Encontrado
ANTI FOSFATIDIL INOSITOL IGM;67832,86;665428;FOSFATIDIL SERINA, Ac. IgM Anti-;0.5432;Encontrado
ANTI FOSFATIDIL INOSITOL IGM;67832,86;665378;FOSFATIDIL COLINA, Ac. IgM Anti-;0.5126;Encontrado
ANTI FOSFATIDIL INOSITOL IGG;67833,20;665409;FOSFATIDIL INOSITOL, Ac. IgG Anti-;0.9637;Encontrado
ANTI FOSFATIDIL INOSITOL IGG;67833,20;665412;FOSFATIDIL INOSITOL, Ac. IgM Anti-;0.835;Encontrado
ANTI FOSFATIDIL INOSITOL IGG;67833,20;665375;FOSFATIDIL COLINA, Ac. IgG Anti-;0.5101;Encontrado
ACIDO TIODIGLICOLICO;26796,98;;;;No Encontrado
ETANOL EN ORINA;22006,31;;;;No Encontrado
ISOENZIMA DE F.ALCALINA;39785,59;;;;No Encontrado
ANTI X HEPARINA BAJO PESO MOLECULAR;59778,56;665871;HEPARINA, ACTIVIDAD ANTI XA de la (LMWH) - HEPARINA de BAJO PESO MOLECULAR (HBPM).;0.6941;Encontrado
MTHFR 677 CT;111250,60;;;;No Encontrado
DOSAJE DE MACROPROLACTINA;48309,31;;;;No Encontrado
AC.ANTI ENDOMISIO IGG;26400,43;664640;ENDOMISIO, Ac. IgG Anti- (EMA IgG);0.7866;Encontrado
ANTI TRANS.GLUTAMINASA;38601,91;;;;No Encontrado
TETRACLOROETILENO EN ORINA;50789,08;;;;No Encontrado
PROTEINA S LIBRE;74240,35;660763;PROTEINA TOTALES.;0.5788;Encontrado
INHIBIDOR DEL ACT.DEL PLASMINOGENO;84394,68;;;;No Encontrado
COBALTO EN ORINA ABSORCION ATOMICA;20058,66;663788;COBALTO - urinario;0.582;Encontrado
ANALISIS QUIMICO DE AGUA;104608,66;;;;No Encontrado
TEST DE O´SULLIVAN;7253,19;;;;No Encontrado
TOXOPLASMOSIS IGA;26830,36;669561;TOXOPLASMOSIS, Ac. IgA Anti-;0.8892;Encontrado
TOXOPLASMOSIS IGA;26830,36;669565;TOXOPLASMOSIS, Ac. IgA ISAGA Anti-;0.6623;Encontrado
TOXOPLASMOSIS IGA;26830,36;669591;TOXOPLASMOSIS - PCR;0.6126;Encontrado
TOXOPLASMOSIS IGA;26830,36;660871;TOXOPLASMOSIS (IFI);0.5475;Encontrado
CROSS LAPS (NO USAR);69586,28;;;;No Encontrado
LEPTOSPIRAS- AC.IGM;90768,25;;;;No Encontrado
BROMURO EN SANGRE;26435,86;663153;BROMURO - sérico;0.6742;Encontrado
CD 64;33776,74;;;;No Encontrado
CD 117;33776,65;;;;No Encontrado
CHLAMYDIA PSITTACCI IGG;39153,46;;;;No Encontrado
CHLAMYDIA PSITTACCI IGM;39368,97;;;;No Encontrado
CHLAMYDIA TRACHOMATIS(SECREC.OCULAR);46033,20;663640;CHLAMYDIA TRACHOMATIS, Ag.;0.5126;Encontrado
CHLAMYDIA TRACHOMATIS(SECREC.OCULAR);46033,20;663651;CHLAMYDIA TRACHOMATIS - LCR;0.5061;Encontrado
ESTUDIO DE PORTACION;32647,24;;;;No Encontrado
ANTI ANTI YO (SUERO);80062,28;669960;Yo (PCA-1), Ac. Anti-;0.5666;Encontrado
Citogenetico en Sangre periférica;449026,12;;;;No Encontrado
CARGA VIRAL HIV - ULTRASENSIBLE;267893,80;661105;HIV, CARGA VIRAL.;0.8257;Encontrado
CARGA VIRAL HIV - ULTRASENSIBLE;267893,80;665914;HEPATITIS B, Carga viral;0.5782;Encontrado
CARGA VIRAL HIV - ULTRASENSIBLE;267893,80;662448;ADENOVIRUS - Carga viral;0.5382;Encontrado
CARGA VIRAL HIV - ULTRASENSIBLE;267893,80;665956;HEPATITIS C, Carga viral (PCR);0.5338;Encontrado
DENGUE IGM;48426,42;664363;DENGUE, Ac. Anti- IgM;0.8734;Encontrado
DENGUE IGM;48426,42;664369;DENGUE - PCR;0.7068;Encontrado
DENGUE IGM;48426,42;664361;DENGUE, Ac. Anti- IgG;0.63;Encontrado
DENGUE IGM;48426,42;664365;DENGUE, Acs. Anti- IgG e IgM (Cualitativo);0.5576;Encontrado
DENGUE IGM;48426,42;664367;DENGUE, Ag. - ELISA;0.5473;Encontrado
DENGUE IGM;48426,42;664370;DENGUE - SEROTIPIFICACIÓN;0.5196;Encontrado
ANTI SACCHAROMYCES;63662,78;;;;No Encontrado
EST.CITOGENETICO DE MED.OSEA;209580,65;;;;No Encontrado
PROTEINA 14.3.3;582243,33;;;;No Encontrado
Echo Virus Antic. IGG;44978,65;664563;ECHO COXSACKIE, 1-6 Ac. IgG Anti-;0.5197;Encontrado
Coxsackie Totales B1 AL B6 IGM;57384,66;;;;No Encontrado
Coxsackie Totales B1 AL B6 IGG;59052,68;;;;No Encontrado
Proteína Básica de la Mielina;220888,85;668606;PROTEÍNA BÁSICA de MIELINA;0.8984;Encontrado
"INMUNOTIPIFICACION; CITOMETRIA DE FLUJO EN BIOPSIA O GANGLIO";535137,58;;;;No Encontrado
PCR JC En LCR;0,00;668467;POLIOMAVIRUS JC,  PCR - LCR;0.7459;Encontrado
Relación IGG LCR/IGG Suero;72775,92;;;;No Encontrado
TEST DE CALOR;20888,76;;;;No Encontrado
Asca (AC.Anti Sacaromices);36252,40;;;;No Encontrado
ALFA 1 ANTITRIPSINA;24751,03;;;;No Encontrado
HEPATITIS C IGM;57007,56;665939;HEPATITIS C, Ac. Anti- IgM;0.8429;Encontrado
HEPATITIS C IGM;57007,56;661075;HEPATITIS A, Ac. IgM Anti- (HAV IgM);0.7006;Encontrado
HEPATITIS C IGM;57007,56;665993;HEPATITIS DELTA, Ac. IgM Anti-;0.6525;Encontrado
HEPATITIS C IGM;57007,56;666011;HEPATITIS E - PCR;0.6177;Encontrado
HEPATITIS C IGM;57007,56;665945;HEPATITIS C, Antígeno;0.5403;Encontrado
HEPATITIS C IGM;57007,56;666008;HEPATITIS E, Ac. IgG Anti-;0.5345;Encontrado
PROTEINA C REACTIVA ULTRASENSIBLE;33977,13;660761;PROTEINA C REACTIVA - PCR;0.7466;Encontrado
PROTEINA C REACTIVA ULTRASENSIBLE;33977,13;668623;PROTEÍNA C REACTIVA - ULTRASENSIBLE (PCRus);0.6003;Encontrado
Inmugenotipo en Medula Ósea;474632,82;;;;No Encontrado
Cariotipo;169069,15;663430;CARIOTIPO, con BANDEO;0.5523;Encontrado
Cariotipo;169069,15;663435;CARIOTIPO - líquido anmiótico;0.5372;Encontrado
Cariotipo;169069,15;663440;CARIOTIPO - material de aborto;0.5057;Encontrado
Dosaje de  Paracetamol;58640,95;;;;No Encontrado
PCREB PCR Epstein Baar En LCR;135166,42;;;;No Encontrado
PTGLR Proteinograma en LCR;23855,90;660765;PROTEINOGRAMA ELECTROFORÉTICO - LCR;0.5273;Encontrado
VEROTOXINA;45516,79;;;;No Encontrado
BCR/ABL;300756,54;;;;No Encontrado
Antic. Anti Sacaromices Creviseaee;0,00;;;;No Encontrado
CARNITINA EN SANGRE;64646,82;663463;CARNITINA, Libre y Total - urinario;0.5156;Encontrado
Aminoacido plasmático;78964,00;;;;No Encontrado
Latex Neunoc-Mening-Haemophilus;65356,88;;;;No Encontrado
GANGLIOSIDOS GQ1B;201123,18;;;;No Encontrado
Contrainmunoelectroforesis;154224,71;;;;No Encontrado
Pcr Enterovirus (PCREN);0,00;664691;ENTEROVIRUS - PCR;0.7234;Encontrado
PCR Mycoplasma   (PCRMY);143580,88;667736;MYCOPLASMA PNEUMONIAE - PCR;0.5352;Encontrado
Dosaje De Topiramato;93583,04;;;;No Encontrado
Cromogramina A;183766,81;;;;No Encontrado
INMUNOELECTROFORESIS EN LCR (IEFLR);21963,00;660535;INMUNOELECTROFORESIS.;0.568;Encontrado
HISTO.P TRANS MEDULA OSEA;755351,72;;;;No Encontrado
ACIDOS ORGANICOS URINARIOS(ACORG);116632,15;;;;No Encontrado
DENGUE IGG;53647,55;664361;DENGUE, Ac. Anti- IgG;0.8722;Encontrado
DENGUE IGG;53647,55;664369;DENGUE - PCR;0.7108;Encontrado
DENGUE IGG;53647,55;664363;DENGUE, Ac. Anti- IgM;0.6309;Encontrado
DENGUE IGG;53647,55;664365;DENGUE, Acs. Anti- IgG e IgM (Cualitativo);0.5544;Encontrado
DENGUE IGG;53647,55;664367;DENGUE, Ag. - ELISA;0.5505;Encontrado
DENGUE IGG;53647,55;664370;DENGUE - SEROTIPIFICACIÓN;0.5225;Encontrado
QUITOTREOXIDASA;195529,45;;;;No Encontrado
BNP (PEPTIDO NATRURETICO TIPO B);61730,74;;;;No Encontrado
CITRULINA (CITRU);48689,95;;;;No Encontrado
DENGUE PCR;68718,03;664369;DENGUE - PCR;1.0;Encontrado
DENGUE PCR;68718,03;664361;DENGUE, Ac. Anti- IgG;0.62;Encontrado
DENGUE PCR;68718,03;664363;DENGUE, Ac. Anti- IgM;0.6173;Encontrado
DENGUE PCR;68718,03;664367;DENGUE, Ag. - ELISA;0.5386;Encontrado
DENGUE PCR;68718,03;664370;DENGUE - SEROTIPIFICACIÓN;0.5113;Encontrado
AC ANTI NEURONALES (ACNEP);118612,17;;;;No Encontrado
ITRACONAZOL;81192,17;;;;No Encontrado
BANDAS OLIGOCLONALES - BOLIG;221738,23;662863;BANDAS OLIGOCLONALES, en L.C.R. / Suero;0.6855;Encontrado
VISCOCIDAD SANGUINEA (VISAN);15374,24;;;;No Encontrado
TEST DE AVIDEZ PARA TOXOPLASMOSIS;51836,68;669575;TOXOPLASMOSIS, Ac. IgG Anti- (Test de avidez);0.8018;Encontrado
ANTI GD1A;164149,59;;;;No Encontrado
PCR PML-RARA  EN MÉDULA ÓSEA Y EN SANGRE PERIFÉRICA;282731,20;;;;No Encontrado
JACK-2 (MARCADOR DE MIELODISPLASIA);253231,93;;;;No Encontrado
ELASTASA PANCREATICA EN MATERIA FECAL;94663,21;;;;No Encontrado
PORFIRINAS EN MATERIA FECAL;36421,13;660188;COPROPORFIRINAS o PORFIRINAS - materia fecal;0.7662;Encontrado
PORFIRINAS EN MATERIA FECAL;36421,13;660736;PARASITOLOGICO en MATERIA FECAL.;0.5914;Encontrado
PORFIRINAS EN MATERIA FECAL;36421,13;666896;IONOGRAMA - materia fecal;0.5328;Encontrado
PORFIRINAS EN MATERIA FECAL;36421,13;669768;UROPORFIRINAS - materia fecal;0.516;Encontrado
PORFIRINAS EN MATERIA FECAL;36421,13;660593;LÁCTICO, ÁCIDO - materia fecal.;0.5022;Encontrado
DELTA 508;111973,56;664350;"Delta-BHC (?-HCH) - delta-HEXACLORURO de BENCENO
- delta-HEXACLORAN - delta-LINDANO - delta- 1,2,3,4,5,6-HEXACLOROCICLOHEXANO.";0.5235;Encontrado
Parathormona Rapida Intraoperatoria;141771,54;;;;No Encontrado
FIBROTEST O FIBROMAX;389236,86;;;;No Encontrado
AC.BILIARES;43583,87;662367;ÁCIDOS BILIARES - séricos.;0.5512;Encontrado
INFLUENZA H1 N1 - PCR REAL TIME;132042,68;;;;No Encontrado
G6 PDH;58630,73;;;;No Encontrado
PARVOVIRUS PCR;163377,95;668241;PARVOVIRUS B19 - PCR;0.7341;Encontrado
PARVOVIRUS PCR;163377,95;668229;PARVOVIRUS, Ac. IgG Anti-;0.658;Encontrado
PARVOVIRUS PCR;163377,95;668238;PARVOVIRUS, Ac. IgM Anti-;0.6554;Encontrado
TEST DE RIESGO FETAL;122268,80;;;;No Encontrado
PRM-RARA (PCR);119954,59;;;;No Encontrado
CITOMEGALOVIRUS EN LCR;199107,04;;;;No Encontrado
VARICELA EN LCR;76428,62;;;;No Encontrado
RAPAMICINA;85710,97;;;;No Encontrado
INHIBIDOR DEL ACT PL;101881,40;;;;No Encontrado
TPHA (SILIFILIS);24558,34;;;;No Encontrado
BORDETELLA PERTUSSI Y PARAPERTUSSI ADN CUALITATIVO SECR RESPIRATORIA;66972,29;;;;No Encontrado
TRANSLOCACION T (8,21) AML-LTO;274675,26;;;;No Encontrado
TRANSLOCACION T (4,11) MLL-AF4;219174,20;;;;No Encontrado
MYCOPLASMA PNEUMONIAE PCR;117770,69;667736;MYCOPLASMA PNEUMONIAE - PCR;1.0;Encontrado
MYCOPLASMA PNEUMONIAE PCR;117770,69;667734;MYCOPLASMA PNEUMONIAE, cultivo;0.7631;Encontrado
MYCOPLASMA PNEUMONIAE PCR;117770,69;661140;MYCOPLASMA PNEUMONIAE Ac Anti-IgG;0.7541;Encontrado
MYCOPLASMA PNEUMONIAE PCR;117770,69;667717;MYCOPLASMA PNEUMONIAE, Ac. IgM Anti-;0.7519;Encontrado
MYCOPLASMA PNEUMONIAE PCR;117770,69;667725;MYCOPLASMA PNEUMONIAE, ANTÍGENO (Ag);0.6845;Encontrado
MYCOPLASMA PNEUMONIAE PCR;117770,69;663591;CHLAMYDIA PNEUMONIAE - PCR;0.5844;Encontrado
MYCOPLASMA PNEUMONIAE PCR;117770,69;669170;STREPTOCOCCUS PNEUMONIAE - PCR;0.5634;Encontrado
HIV GENOTIPIFICACION;264785,47;;;;No Encontrado
ENTOAMEBA HISTOLITICA IGG;35736,06;;;;No Encontrado
NPM1 - MUTACIONES EN EL GEN DE LA NUCLEOFOSMINA;535610,48;;;;No Encontrado
FLT3 ANALISIS DE MUTACIONES EN EL GEN FLT3;164277,58;;;;No Encontrado
CITOMETRIA DE FLUJO EN SANGRE PERIFERICA O MEDULA OSEA O LIQUIDOS BIOLOGICOS O LCR;478722,92;;;;No Encontrado
HLAB 5701;185654,32;;;;No Encontrado
LEVETIRACETAM;58429,95;;;;No Encontrado
ZIKA;68398,33;669978;ZIKA, virus (PCR);0.733;Encontrado
CHIKUNGUNYA;62794,65;663582;CHIKUNGUNYA , virus (PCR);0.7459;Encontrado
METAPNEUMOVIRUS ARN;72375,25;;;;No Encontrado
DENGUE - ZIKA - CHIKUNGUYA (PCR) (EPIX3);146358,02;;;;No Encontrado
CRYPTOSPORIDIUM SP, COLORACION DE KINYOUN, MATERIA FECAL;11108,82;664256;CRYPTOSPORIDIUM Sp,;0.5892;Encontrado
IONOGRAMA EN MAT.FEC;23371,20;;;;No Encontrado
LPA;28155,42;;;;No Encontrado
CHE ERITROCITARIA;15561,81;;;;No Encontrado
KAPPA Y LAMBDA EN SA;13129,45;;;;No Encontrado
PCR HIV;163982,06;666264;HIV - PCR Cualitativo;0.76;Encontrado
PCR HIV;163982,06;666278;HIV - P-24 - HIV 1 y 2 (Combo);0.6181;Encontrado
CLOZAPINA;21804,77;;;;No Encontrado
NEROP - AC ANTI AC NEURONAL PANEL (INMDA, IAMP1, IAMP2, ICASP, ILGI, IGABA);305502,88;;;;No Encontrado
CARIOTIPO CON BANDEO DE ALTA RESOLUCIÓN- CARAC;159035,48;663427;CARIOTIPO con BANDEO - Alta Resolución (Alta Sensibilidad);0.7929;Encontrado
CARIOTIPO CON BANDEO DE ALTA RESOLUCIÓN- CARAC;159035,48;663430;CARIOTIPO, con BANDEO;0.6442;Encontrado
SARAMPION (PCR);47728,43;668982;SARAMPION, Ac. IgG Anti-;0.6926;Encontrado
SARAMPION (PCR);47728,43;668990;SARAMPION, Ac. IgM Anti-;0.6901;Encontrado
GLUTATION PEROXIDASA - GPERO;47786,29;;;;No Encontrado
LEPTINA;38424,52;666982;LEPTINA;1.0;Encontrado
ACIDO PIRUVICO;14062,22;662316;ÁCIDO PIRUVICO - sérico;0.553;Encontrado
CADMIO EN SANGRE;67767,79;660132;CADMIO (Cd) - urinario.;0.5908;Encontrado
CADMIO EN SANGRE;67767,79;663262;CADMIO (Cd) - pelo;0.533;Encontrado
NIQUEL EN SANGRE;10897,90;;;;No Encontrado
ANTICUERPO ANTIFACTOR IV PLAQUETARIO - FP4;193392,27;;;;No Encontrado
ACS ANTI GANGLIOSIDOS ASIALO GM1;173001,98;665529;GANGLIOSIDO ASIALO GM1, Ac. Anti-;0.5777;Encontrado
ANTI RI (ANNA2);52876,52;;;;No Encontrado
PNEUMOCISITIS CARINI PCR;119430,21;;;;No Encontrado
SENSIBILIDAD DE MICOBACTERIAS;148833,44;;;;No Encontrado
BUSQUEDA DE ENTEROCOCOS VANCOMICINA RESISTENTE (EVR);8642,20;664682;ENTEROCOCOS VANCOMICINA RESISTENTE - PCR;0.7093;Encontrado
COLORACION PARA ISOSPORA;361742,19;;;;No Encontrado
BUSQUEDA DE BACTERIA PRODUCTORA DE KPC;16165,13;;;;No Encontrado
PNEUMOCYSTIS JIROVECCI;32504,68;;;;No Encontrado
BUSQUEDA DE STAPHYLOCOCCUS AUREUS METICILINO RESISTENTE (SAMR);8488,34;669129;"STAPHYLOCOCCUS AUREUS METICILINO RESISTENTE -
PCR o similar";0.7003;Encontrado
SENSIBILIDAD DE LEVADURAS;126653,94;667059;LEVADURAS SENSIBILIDAD - SCREENING;0.7892;Encontrado
SENSIBILIDAD DE LEVADURAS;126653,94;667064;LEVADURAS TIPIFICACIÓN;0.5121;Encontrado
TIPIFICACIÓN DE HONGOS FILAMENTOSOS;138031,17;;;;No Encontrado
TIPIFICACION DE MICOBACTERIAS;147853,71;;;;No Encontrado
TIPIFICACIÓN DE LEVADURAS;148192,88;667064;LEVADURAS TIPIFICACIÓN;0.9505;Encontrado
SENSIBILIDAD DE HONGOS FILAMENTOSOS;85032,12;;;;No Encontrado
BUSQUEDA DE GONOCOCO EN HISOPADO DE FAUCES;59105,82;;;;No Encontrado
BUSQUEDA DE GONOCOCO EN HIS RECTAL;58967,78;;;;No Encontrado
BUSQUEDA DE VIBRIO CHOLERAE;359741,22;663657;CHOLERAE VIBRIO, CULTIVO;0.7405;Encontrado
BUSQUEDA DE E.COLI O157H7;69251,58;;;;No Encontrado
VARICELA ZOSTER PCR;193334,17;669834;VARICELA ZOSTER - DNA (PCR);0.8525;Encontrado
VARICELA ZOSTER PCR;193334,17;669828;VARICELA ZOSTER, Ag.;0.8051;Encontrado
VARICELA ZOSTER PCR;193334,17;669819;VARICELA ZOSTER, Ac. IgG Anti-;0.7773;Encontrado
VARICELA ZOSTER PCR;193334,17;669810;VARICELA ZOSTER, Ac. IgM Anti-;0.7752;Encontrado
PROCALCITONINA;99292,06;;;;No Encontrado
PROTEINAS 3 ANTICUERPOS PR3;140434,10;;;;No Encontrado
MACROAMILASEMIA;43545,72;;;;No Encontrado
ANTIGENO PARA LEGIONELLA EN ORINA;46458,53;;;;No Encontrado
EXTASIS DOSAJE;14156,48;;;;No Encontrado
CHLAMYDIA TRACHOMATIS AG IF;22365,16;663640;CHLAMYDIA TRACHOMATIS, Ag.;0.7853;Encontrado
CHLAMYDIA TRACHOMATIS AG IF;22365,16;663649;CHLAMYDIA TRACHOMATIS, Ag. PCR;0.7224;Encontrado
CHLAMYDIA TRACHOMATIS AG IF;22365,16;663651;CHLAMYDIA TRACHOMATIS - LCR;0.5796;Encontrado
CHLAMYDIA TRACHOMATIS AG IF;22365,16;663623;CHLAMYDIA TRACHOMATIS, Ac. IgG Anti-;0.5639;Encontrado
CHLAMYDIA TRACHOMATIS AG IF;22365,16;663632;CHLAMYDIA TRACHOMATIS, Ac. IgM Anti-;0.5622;Encontrado
IGG EN LCR;9339,84;668221;PAROTIDITIS, Ag. en LCR;0.5348;Encontrado
IGG EN LCR;9339,84;666648;IgG - LCR - INMUNOGLOBULINA G en Líquido Céfalo Raquídeo.;0.5006;Encontrado
VIRUS DEL NILO LCR X PCR;45853,54;;;;No Encontrado
ADRENALINA URINARIA;7142,92;660010;ADRENALINA, urinaria  (CATECOLAMINA urinaria);0.8227;Encontrado
NORADRENALINA URINARIA;6284,51;660696;NORADRENALINA, urinaria  - CATECOLAMINA;0.7841;Encontrado
NORADRENALINA URINARIA;6284,51;660695;NORADRENALINA, sérica - CATECOLAMINA;0.5276;Encontrado
PAI POLIMORFISMO;53758,33;;;;No Encontrado
MTHFR A 1298C;58140,49;;;;No Encontrado
MTHRF 12 CORREGIR DESC (MTHFR 12);27343,25;;;;No Encontrado
HORMONA ANTIDIURETICA;78661,07;;;;No Encontrado
HELICOBATER PYLORI CULTIVO;133691,38;;;;No Encontrado
ANTI MUSK;311383,79;667636;MuSK, Ac. Anti-;0.9413;Encontrado
ANTICUERPOS ANTI ADRENAL;106649,63;662452;ADRENAL, Ac. Totales Anti-;0.6383;Encontrado
ANTICUERPOS ANTI ADRENAL;106649,63;664002;CORTEX ADRENAL, Ac. ANTI- (A.A.C.A);0.5502;Encontrado
FUROSEMIDA;93281,72;;;;No Encontrado
DEAMINADOS DE GLIADINA EN IGG ( ACDGG);31464,85;;;;No Encontrado
DEAMINADOS DE GLIADINA EN IGA ( ACDGA);31967,32;;;;No Encontrado
ACIDO LACTICO EN LCR;18448,30;;;;No Encontrado
MARIHUANA;21640,82;;;;No Encontrado
UREAPLASMA CULTIVO;34168,92;667700;MYCOPLASMA - UREAPLASMA, CULTIVO;0.8152;Encontrado
UREAPLASMA CULTIVO;34168,92;669759;UREAPLASMA UREALÍTICUM (Cultivo).;0.7376;Encontrado
UREAPLASMA CULTIVO;34168,92;667691;MYCOPLASMA - UREAPLASMA, Ac. Anti-;0.5374;Encontrado
PAI FUNCIONAL;79336,54;;;;No Encontrado
CITOMEGALOVIRUS ADN CUANT PCR;176997,69;;;;No Encontrado
ELECTROINMUNOFIJACION ORINA;41171,86;;;;No Encontrado
ELECTROINMUNOFIJACION SUERO;54234,00;;;;No Encontrado
ACUAPORINA 4 ,AQP4 (SUERO O LCR);209580,65;;;;No Encontrado
ICA -512 (AC.ANTI IA2);70380,49;;;;No Encontrado
ABLR - AG. BACTERIANOS EN LCR;66811,64;;;;No Encontrado
HEMOGLOBINA PAROXISTICA NNOVURNA;150022,39;;;;No Encontrado
ANTI MOG;147693,94;;;;No Encontrado
ACILCARNITINA;145468,97;;;;No Encontrado
SANGRE OCULTA EN MF INMUNOLOGICO (SOMFI);18628,33;;;;No Encontrado
CORONAVIRUS PCR;105644,84;;;;No Encontrado
INFLUENZA B;116500,17;666734;INFLUENZA A, Ac. IgG Anti-;0.735;Encontrado
INFLUENZA B;116500,17;666751;INFLUENZA B, Ac. IgG Anti-;0.735;Encontrado
INFLUENZA B;116500,17;666742;INFLUENZA A, Ac. IgM Anti-;0.7317;Encontrado
INFLUENZA B;116500,17;666760;INFLUENZA B, Ac. IgM Anti-;0.7317;Encontrado
INFLUENZA B;116500,17;666725;INFLUENZA A, ANTÍGENO (Ag.);0.6379;Encontrado
INFLUENZA B;116500,17;666768;INFLUENZA B, ANTÍGENO (Ag.);0.6379;Encontrado
INFLUENZA B;116500,17;665685;HAEMOPHILUS INFLUENZA, Ac. IgG Anti-;0.5634;Encontrado
INFLUENZA B;116500,17;665687;HAEMOPHILUS INFLUENZA, Ac. IgM Anti-;0.5619;Encontrado
COVID 19 AG (TEST RÁPIDO) SARS-COV-2 ANTIGEMIA;53207,05;663970;CORONAVIRUS (COVID-19) - SARS-CoV-2 - Ac. Anti- IgG;0.598;Encontrado
COVID 19 AG (TEST RÁPIDO) SARS-COV-2 ANTIGEMIA;53207,05;663971;CORONAVIRUS (COVID-19) - SARS-CoV-2 - Ac. Anti- IgM;0.5973;Encontrado
COVID 19 AG (TEST RÁPIDO) SARS-COV-2 ANTIGEMIA;53207,05;663972;CORONAVIRUS (COVID-19) - SARS-CoV-2 - Ac. Totales;0.5901;Encontrado
COVID 19 AG (TEST RÁPIDO) SARS-COV-2 ANTIGEMIA;53207,05;663969;CORONAVIRUS (COVID-19) - SARS-CoV-2 - Ac. Anti- IgA;0.5826;Encontrado
COVID 19 AG (TEST RÁPIDO) SARS-COV-2 ANTIGEMIA;53207,05;663978;CORONAVIRUS (COVID-19) - SARS-CoV-2 – RT-PCR;0.5465;Encontrado
PANEL VIRAL MOLECULAR;98846,62;;;;No Encontrado
ENVASADO Y TRASLADO DE MUESTRAS RIESGO BIOLÓGICO;59880,18;;;;No Encontrado
DENGUE ANTIGENO NS1 (TEST RÁPIDO);33139,20;;;;No Encontrado
PCR VIRUELA SIMICA;106747,34;;;;No Encontrado
FISH 1 REARREGLO;343170,79;668783;REARREGLO DEL IGH/MAF, Estudio para (FISH);0.5235;Encontrado
FISH 1 REARREGLO;343170,79;668780;REARREGLO DEL IGH/FGFR3, Estudio para (FISH);0.5235;Encontrado
GALACTOMANANO EN BAL;177518,17;;;;No Encontrado
FISH POR REARREGLO SUBSIGUIENTE (CADA UNO);259510,35;;;;No Encontrado
ANTI DNA DESNATURALIZADO;254345,68;664469;DNA, DESNATURALIZADO, Ac. Anti -;0.9614;Encontrado
VORICONAZOL;67988,25;;;;No Encontrado
MIOGLOBINA EN ORINA;188236,74;667546;MIOGLOBINA - sérica;0.654;Encontrado
MIOGLOBINA EN ORINA;188236,74;667550;MIOGLOBINA - urinaria;0.6442;Encontrado
PANEL ONCONEURONAL (0627);121016,28;;;;No Encontrado
PANEL DE ENCEFALITIS (AMPA, NMDA, D de K) SUERO;188943,95;;;;No Encontrado
MYCOBACTERIAS ATIPICAS (PCR);79839,57;;;;No Encontrado
CHLAMYDIA TRACHOMATIS (PCR);273788,21;663649;CHLAMYDIA TRACHOMATIS, Ag. PCR;0.8867;Encontrado
CHLAMYDIA TRACHOMATIS (PCR);273788,21;663640;CHLAMYDIA TRACHOMATIS, Ag.;0.7754;Encontrado
CHLAMYDIA TRACHOMATIS (PCR);273788,21;663651;CHLAMYDIA TRACHOMATIS - LCR;0.7657;Encontrado
CHLAMYDIA TRACHOMATIS (PCR);273788,21;663623;CHLAMYDIA TRACHOMATIS, Ac. IgG Anti-;0.7449;Encontrado
CHLAMYDIA TRACHOMATIS (PCR);273788,21;663632;CHLAMYDIA TRACHOMATIS, Ac. IgM Anti-;0.7427;Encontrado
CHLAMYDIA TRACHOMATIS (PCR);273788,21;663591;CHLAMYDIA PNEUMONIAE - PCR;0.5961;Encontrado
CHLAMYDIA TRACHOMATIS (PCR);273788,21;663650;CHLAMYDIA TRACHOMATIS, cultivo celular;0.5867;Encontrado
CHLAMYDIA TRACHOMATIS (PCR);273788,21;663609;CHLAMYDIA PSITACCI - PCR;0.5391;Encontrado
TRASLOCACION 12.21 REARREGLO TEL/AML1 CUALITATIVA;272065,62;;;;No Encontrado
PNEUMOCISTIS PARA MICOBACTERIA TUBERCULOSIS CON SENSIBIDAD A ISOMASINA Y RIFAMPICINA;116764,73;;;;No Encontrado
ANTICUERPOS ANTI NMDA EN LCR;548072,99;667840;NMDA, Ac.  IgG Anti- RECEPTOR - LCR;0.6033;Encontrado
TRASLOCACION CROMOSOMICA T(1:19) EZA - PBX1;220359,08;;;;No Encontrado
MPL MUTACION EXON 10 (W15) SANGRE PERIFERICA;142215,44;;;;No Encontrado
ADAMTS13;449101,39;;;;No Encontrado
FILMARRAY;349499,32;;;;No Encontrado
RECEPTORES DE GLUTAMATO IGG;431137,33;;;;No Encontrado
TRANSLOCACIÓN T (9:22) BCR ABL CUALI;102320,44;;;;No Encontrado
INMUNOGLOBULINA IGG SUBCLASE 1 – IGGSC1;63107,29;660540;INMUNOGLOBULINA G (IgG);0.5337;Encontrado
INMUNOGLOBULINA IGG SUBCLASE 2 – IGGSC2;63107,29;660540;INMUNOGLOBULINA G (IgG);0.5337;Encontrado
INMUNOGLOBULINA IGG SUBCLASE 3 – IGGSC3;63107,29;660540;INMUNOGLOBULINA G (IgG);0.5337;Encontrado
INMUNOGLOBULINA IGG SUBCLASE 4 – IGGSC4;63107,29;660540;INMUNOGLOBULINA G (IgG);0.5337;Encontrado
