Código;Nomenclador;Práctica;Valor;Servicio
155008;N OSMISS;BIOMARCADORES C-KIT;122016,61;ANATOMIA PATOLOGICA
150104;NN;BIOPSIA POR CONGELACION Y ESTUDIO DIFERIDO DEL CORTE.;147998,98;ANATOMIA PATOLOGICA
150101;NN;BIOPSIA POR INCISION O POR PUNCION. GANGLIO, LESION DE PIEL, TROZO DE OVA;55000,00;ANATOMIA PATOLOGICA
155009;N OSMISS;CITOHISTOLOGICO DE BRONCOFIBROSCOPIA (POR MUESTRA);58839,19;ANATOMIA PATOLOGICA
150107;NN;CITOLOGIA EXFOLIATIVA HORMONAL. CADA 4 EXTENDIDOS.;52030,00;ANATOMIA PATOLOGICA
150110;NN;CITOLOGIA EXFOLIATIVA ONCOLOGICA BRONQUIAL.        POR 3 MUESTRAS.;50820,00;ANATOMIA PATOLOGICA
150111;NN;CITOLOGIA EXFOLIATIVA ONCOLOGICA DE LIQUIDOS. LAVADOS, TRASUDADOS, EXU;54450,00;ANATOMIA PATOLOGICA
150106;NN;CITOLOGIA EXFOLIATIVA ONCOLOGICA.;48400,00;ANATOMIA PATOLOGICA
155001;N OSMISS;CONSULTA DE PREPARADOS (AGREGAR LOS COD DE LOS ESTUDIOS QUE SE REALICE;62920,00;ANATOMIA PATOLOGICA
155010;N OSMISS;EBERS;145200,00;ANATOMIA PATOLOGICA
155011;N OSMISS;EML4-ALK INMUNO-HISTOQUIMICA;191180,00;ANATOMIA PATOLOGICA
155012;N OSMISS;EML4-ALK POR FISH;525745,00;ANATOMIA PATOLOGICA
155013;N OSMISS;ESTADO DE METILACION DE LAS REGIONES PROMOTORAS DE LOS GENES MMR (ML;869925,55;ANATOMIA PATOLOGICA
155014;N OSMISS;ESTUDIO ANATOMOPATOLOGICO EN EL SITIO DE LA TOMA.- CONTROL CON PATOL;55161,59;ANATOMIA PATOLOGICA
150105;NN;ESTUDIO BIOPSICO SERIADO Y SEMISERIADO, MINIMO 15. CON AUTORIZACION PRE;77000,00;ANATOMIA PATOLOGICA
150103;NN;ESTUDIO MACRO Y MICROSCOPICO DE PIEZA DE RESECCION ONCOLOGICA AMPLIA;45254,00;ANATOMIA PATOLOGICA
150102;NN;ESTUDIO MACRO Y MICROSCOPICO DE PIEZA OPERATORIA SIMPLE. VESICULA SIMP;59400,00;ANATOMIA PATOLOGICA
155015;N OSMISS;FACTORES PRONOSTICOS EN MAMA - INC RECEP HORMONALES ESTROGENOS Y PR;174751,47;ANATOMIA PATOLOGICA
155016;N OSMISS;FISH GANGLIO;859100,00;ANATOMIA PATOLOGICA
155017;N OSMISS;FISH GENERICO;435600,00;ANATOMIA PATOLOGICA
155018;N OSMISS;HER2 NEU (C-ERV 2) INMUNO-HISTOQUIMICA;70180,00;ANATOMIA PATOLOGICA
155019;N OSMISS;HER2 NEU POR FISH;392645,00;ANATOMIA PATOLOGICA
155020;N OSMISS;HISTOPATOLOGICO CON DETERMINACION DE RECEPTORES HORMONALES;104850,83;ANATOMIA PATOLOGICA
155021;N OSMISS;INESTABILIDAD MICROSATELITAL (MSH6/MSH2/MLH1/PMS2);294194,48;ANATOMIA PATOLOGICA
155022;N OSMISS;INMUNOFLORESCENCIA;150775,15;ANATOMIA PATOLOGICA
155023;N OSMISS;INMUNOHISTOQUIMICA CON EVALUACION MEDICA ENTRE 6 Y 10 MARCACIONES;425920,00;ANATOMIA PATOLOGICA
155024;N OSMISS;INMUNOHISTOQUIMICA CON EVALUACION MEDICA HASTA 3 MARCACIONES;117128,00;ANATOMIA PATOLOGICA
155025;N OSMISS;INMUNOHISTOQUIMICA CON EVALUACION MEDICA HASTA 5 MARCACIONES;226270,00;ANATOMIA PATOLOGICA
155026;N OSMISS;INMUNOHISTOQUIMICA CON EVALUACION MEDICA MAS DE 10 MARCACIONES;525745,00;ANATOMIA PATOLOGICA
155027;N OSMISS;INMUNOHISTOQUIMICA CON EVALUACION MEDICA MAS DE 3 MARCACIONES;209701,82;ANATOMIA PATOLOGICA
155028;N OSMISS;INMUNOHISTOQUIMICA CON EVALUACION MEDICA POR MARCADOR;67881,00;ANATOMIA PATOLOGICA
155029;N OSMISS;INMUNOHISTOQUIMICA INVESTIGACION SIN ANTICUERPOS (POR DETERMINACION;55902,00;ANATOMIA PATOLOGICA
155030;N OSMISS;INMUNOHISTOQUIMICA TECNICA ENTRE 6 Y 10 MARCACIONES;368687,00;ANATOMIA PATOLOGICA
155031;N OSMISS;INMUNOHISTOQUIMICA TECNICA HASTA 5 MARCACIONES;199650,00;ANATOMIA PATOLOGICA
155032;N OSMISS;INMUNOHISTOQUIMICA TECNICA MAS DE 10 MARCACIONES;472505,00;ANATOMIA PATOLOGICA
155033;N OSMISS;INMUNOHISTOQUIMICA TECNICA POR MARCADOR;59895,00;ANATOMIA PATOLOGICA
155052;N OSMISS;INVESTIGACION DE HELICOBACTER PYLORICA;56870,00;ANATOMIA PATOLOGICA
155034;N OSMISS;KI 67 INMUNO-HISTOQUIMICA;58080,00;ANATOMIA PATOLOGICA
155035;N OSMISS;MICROSCOPIA ELECTRONICA;330000,00;ANATOMIA PATOLOGICA
155036;N OSMISS;NTRK POR FISH;1021879,58;ANATOMIA PATOLOGICA
155037;N OSMISS;NTRK POR IHQ;416771,94;ANATOMIA PATOLOGICA
155038;N OSMISS;P16 INMUNO-HISTOQUIMICA;110322,82;ANATOMIA PATOLOGICA
155039;N OSMISS;PDL1 ( CLON SP263) IMH;312582,44;ANATOMIA PATOLOGICA
155040;N OSMISS;PDL1 ( SP142) IMH;289427,23;ANATOMIA PATOLOGICA
155041;N OSMISS;ROS1 INMUNO-HISTOQUIMICA;163645,42;ANATOMIA PATOLOGICA
155042;N OSMISS;ROS1 POR FISH;525745,00;ANATOMIA PATOLOGICA
155043;N OSMISS;TECNICAS ESPECIALES (HISTOQUIMICA POR TECNICA);39600,00;ANATOMIA PATOLOGICA
175012;N OSMISS;ELECTROCARDIOGRAMA DE HOLTER POR 24 HORAS TRES CANALES.;54131,41;CARDIOLOGIA
170101;NN;ELECTROCARDIOGRAMA EN CONSULTORIO (CON O SIN PRUEBA DE ESFUERZO). DIA;19424,92;CARDIOLOGIA
175007;N OSMISS;ERGOMETRIA DE 12 DERIVACIONES;45483,96;CARDIOLOGIA
175008;N OSMISS;ERGOMETRIA DE 12 DERIVACIONES PEDIATRICA;45483,96;CARDIOLOGIA
175013;N OSMISS;PRESUROMETRIA (HOLTER DE PRESION);76757,01;CARDIOLOGIA
175001;N OSMISS;RIESGO QUIRURGICO CARDIOLOGIA;49404,01;CARDIOLOGIA
175002;N OSMISS;RIESGO QUIRURGICO CARDIOLOGIA PEDIATRICO;49404,01;CARDIOLOGIA
 ;;CHEQUEO DE LEY 19587;62434,94;CHEQUEOS
425002;N OSMISS;CHEQUEO MODULO CONTROL GINECOLOGICO ANUAL DE 40 A 50 AÑOS;345890,62;CHEQUEOS
425003;N OSMISS;CHEQUEO MODULO CONTROL GINECOLOGICO ANUAL HASTA 40 AÑOS;232747,66;CHEQUEOS
425004;N OSMISS;CHEQUEO MODULO CONTROL GINECOLOGICO ANUAL MAYOR DE 50 AÑOS;424541,63;CHEQUEOS
425005;N OSMISS;CHEQUEO MODULO CONTROL PEDIATRICO ANUAL HASTA 17 AÑOS OPCION A;202413,10;CHEQUEOS
425006;N OSMISS;CHEQUEO MODULO CONTROL PEDIATRICO ANUAL HASTA 17 AÑOS OPCION B;221830,91;CHEQUEOS
425007;N OSMISS;CHEQUEO MODULO CONTROL PEDIATRICO ANUAL HASTA 17 AÑOS OPCION C;320675,77;CHEQUEOS
425008;N OSMISS;CHEQUEOS PREVENTIVOS DE SALUD DE 51 A 64 AÑOS -;266836,01;CHEQUEOS
425009;N OSMISS;CHEQUEOS PREVENTIVOS DE SALUD DE MAYORES 65 AÑOS -;329564,86;CHEQUEOS
425010;N OSMISS;CHEQUEOS PREVENTIVOS DE SALUD HASTA 50 AÑOS -;220028,72;CHEQUEOS
420101;NN;CONSULTA MEDICA.;36363,65;CONSULTA MEDICA
346022;N OSMISS;DENSITOMETRIA CUERPO ENTERO;69586,54;DENSITOMETRIA
346023;N OSMISS;DENSITOMETRIA OSEA P/REGION;34798,46;DENSITOMETRIA
295029;N OSMISS;POLIGRAFIA RESPIRATORIA DIAGNOSTICA - EN DOMICILIO;300994,65;DEPARTAMENTO DE SUEÑO
295058;N OSMISS;TITULACION CON CPAP EN DOMICILIO;25864,43;DEPARTAMENTO DE SUEÑO
185035;N OSMISS;BIOPSIA BAJO GUIA ESTEREOTAXICA DIGITAL DE MAMA CON MAMMOTOME (POR;1351692,60;ECOGRAFIA
18009;N OSMISS;BLOQUEO PERINEURAL PERIFERICO GUIADO POR ECOGRAFIA;234394,58;ECOGRAFIA
185040;N OSMISS;COLOCACION O INFILTRACION CON CORTICOIDE GUIADO BAJO ECOGRAFIA;234396,22;ECOGRAFIA
420101;NN;CONSULTA MEDICA - PUNCIONES ECO;36363,65;ECOGRAFIA
185078;N OSMISS;DOPPLER  ABDOMINAL;102467,42;ECOGRAFIA
185075;N OSMISS;DOPPLER ARTERIAL Y VENOSO DE AMBOS MIEMBROS (INFERIORES O SUPERIORES);153697,70;ECOGRAFIA
185076;N OSMISS;DOPPLER ARTERIAL Y VENOSO DE UNO DE LOS MIEMBROS (SUPERIOR O INFERIOR);153697,70;ECOGRAFIA
185064;N OSMISS;DOPPLER CARDIACO;102467,42;ECOGRAFIA
185068;N OSMISS;DOPPLER CARDIACO CON BURBUJAS;153701,19;ECOGRAFIA
185099;N OSMISS;DOPPLER CARDIACO FETAL;102467,42;ECOGRAFIA
185065;N OSMISS;DOPPLER CARDIACO PEDIATRICO;102467,42;ECOGRAFIA
185066;N OSMISS;DOPPLER CARDIACO TRIDIMENSIONAL;153701,19;ECOGRAFIA
185082;N OSMISS;DOPPLER CONTROL P-OPERAT.REVASCULARIZACION MESENTERICA;102467,42;ECOGRAFIA
185085;N OSMISS;DOPPLER DE ANGOR MESENTERICO;102467,42;ECOGRAFIA
185074;N OSMISS;DOPPLER DE ARTERIAS DE MIEMBROS INFERIORES;102467,42;ECOGRAFIA
182072;N OSMISS;DOPPLER DE ARTERIAS DE MIEMBROS SUPERIORES;102467,42;ECOGRAFIA
185088;N OSMISS;DOPPLER DE ARTERIAS RENALES;102467,42;ECOGRAFIA
185056;N OSMISS;DOPPLER DE CEREBRO DEL NEONATO;102467,42;ECOGRAFIA
185093;N OSMISS;DOPPLER DE CORDONES ESPERMATICOS;102467,42;ECOGRAFIA
185106;N OSMISS;DOPPLER DE OTRAS REGIONES;102467,42;ECOGRAFIA
185105;N OSMISS;DOPPLER DE PARTES BLANDAS;102467,42;ECOGRAFIA
185105;N OSMISS;DOPPLER DE PARTES BLANDAS - PIEL;102467,43;ECOGRAFIA
185058;N OSMISS;DOPPLER DE VASOS DE CUELLO;102467,42;ECOGRAFIA
185073;N OSMISS;DOPPLER DE VENAS DE MIEMBROS INFERIORES;102467,42;ECOGRAFIA
185071;N OSMISS;DOPPLER DE VENAS DE MIEMBROS SUPERIORES;102467,42;ECOGRAFIA
185103;N OSMISS;DOPPLER DEL CORDON UMBILICAL;102467,42;ECOGRAFIA
185099;N OSMISS;DOPPLER DEL FETO, PLACENTA;102467,42;ECOGRAFIA
185091;N OSMISS;DOPPLER ESCROTAL;102467,42;ECOGRAFIA
185083;N OSMISS;DOPPLER EST.TROMBOSIS PORTAL Y EJE ESPLENOPORTAL;81538,79;ECOGRAFIA
185094;N OSMISS;DOPPLER GINECOLOGICO;102467,42;ECOGRAFIA
185096;N OSMISS;DOPPLER GINECOLOGICO -OBSTETRICO;102467,42;ECOGRAFIA
185084;N OSMISS;DOPPLER HEPATICO;102467,42;ECOGRAFIA
185077;N OSMISS;DOPPLER MAMARIO;102467,42;ECOGRAFIA
185099;N OSMISS;DOPPLER OBSTETRICO (UNIDAD FETO-PLACENTARIA);102467,42;ECOGRAFIA
185102;N OSMISS;DOPPLER P/EVALUACION DE RETARDO DE CRECIMIENTO INTRAUTERINO;102467,42;ECOGRAFIA
185092;N OSMISS;DOPPLER PENEANO;102467,42;ECOGRAFIA
185062;N OSMISS;DOPPLER TIROIDEO;102467,42;ECOGRAFIA
185053;N OSMISS;DOPPLER TRANSCRANEANO;102467,42;ECOGRAFIA
185055;N OSMISS;DOPPLER TRANSFONTANELAR;102467,42;ECOGRAFIA
185090;N OSMISS;DOPPLER TRANSRECTAL;102467,42;ECOGRAFIA
185095;N OSMISS;DOPPLER TRANSVAGINAL;102467,42;ECOGRAFIA
185078;N OSMISS;DOPPLER VASOS ABDOMINALES;102467,42;ECOGRAFIA
185004;N OSMISS;ECO STRESS CON EJERCICIO;191688,52;ECOGRAFIA
180103;NN;ECOCARDIOGRAMA COMPLETO, CON ECOSCOPIA (MODO B).;45083,61;ECOGRAFIA
185069;N OSMISS;ECOCARDIOGRAMA DOPPLER TRANSESOFAGICO MULTIPLANAR;178510,97;ECOGRAFIA
180112;NN;ECOGRAFIA ABDOMINAL DEL RECIEN NACIDO;43006,01;ECOGRAFIA
185025;N OSMISS;ECOGRAFIA ARTICULACION - MUSCULAR;34221,26;ECOGRAFIA
185026;N OSMISS;ECOGRAFIA AXILAR;34221,26;ECOGRAFIA
185023;N OSMISS;ECOGRAFIA CADERA NEONATAL;34221,26;ECOGRAFIA
180107;NN;ECOGRAFIA CEREBRAL (CON MODO B Y A).;29822,34;ECOGRAFIA
185001;N OSMISS;ECOGRAFIA CEREBRAL DEL RECIEN NACIDO;37226,61;ECOGRAFIA
180112;NN;ECOGRAFIA COMPLETA DE ABDOMEN.;43927,95;ECOGRAFIA
185107;N OSMISS;ECOGRAFIA CON POWER DOPPLER;172825,29;ECOGRAFIA
185022;N OSMISS;ECOGRAFIA DE AMBAS CADERAS;34221,26;ECOGRAFIA
185023;N OSMISS;ECOGRAFIA DE AMBAS CADERAS DEL NEONATO;34221,26;ECOGRAFIA
180117;NN;ECOGRAFIA DE AORTA ABDOMINAL DINAMICA Y ESTATICA. (MODO M).;34221,26;ECOGRAFIA
185027;N OSMISS;ECOGRAFIA DE GLANDULA PAROTIDA, SUBLINGUAL, SUBMAXILARES;31907,72;ECOGRAFIA
185024;N OSMISS;ECOGRAFIA DE PARTES BLANDAS;34221,26;ECOGRAFIA
185024;N OSMISS;ECOGRAFIA DE PARTES BLANDAS -PIEL;34221,26;ECOGRAFIA
180111;NN;ECOGRAFIA DE TESTICULOS.;29363,54;ECOGRAFIA
180114;NN;ECOGRAFIA DE VEJIGA O PROSTATA.;34221,26;ECOGRAFIA
185019;N OSMISS;ECOGRAFIA GASTRICA DE NEONATO P/PESQUISA DE OBSTRUCCION PILORICA;43006,01;ECOGRAFIA
180113;NN;ECOGRAFIA HEPATICA, BILIAR, ESPLENICA O TORACICA.;34221,26;ECOGRAFIA
180113;NN;ECOGRAFIA HEPATICA,BILIAR,ESPLENICA O TORACICA;34221,26;ECOGRAFIA
185021;N OSMISS;ECOGRAFIA INTRARRECTAL;40464,72;ECOGRAFIA
185010;N OSMISS;ECOGRAFIA INTRAVAGINAL;40464,72;ECOGRAFIA
185011;N OSMISS;ECOGRAFIA INTRAVAGINAL OBSTETRICA;40464,72;ECOGRAFIA
180106;NN;ECOGRAFIA MAMARIA UNI O BILATERAL (SIN MG SOLO ECO);33270,39;ECOGRAFIA
180106;NN;ECOGRAFIA MAMARIA UNI O BILATERAL.;33270,39;ECOGRAFIA
185012;N OSMISS;ECOGRAFIA MONITOREO OVULATORIO VIA TRANSVAGINAL;82545,69;ECOGRAFIA
180104;NN;ECOGRAFIA OBSTETRICA;34221,26;ECOGRAFIA
185013;N OSMISS;ECOGRAFIA OBSTETRICA - PERFIL BIOFISICO - SCAN ANATOMICO;58033,91;ECOGRAFIA
185015;N OSMISS;ECOGRAFIA OBSTETRICA CON NT (TRANSLUCENCIA NUCAL);45778,16;ECOGRAFIA
185016;N OSMISS;ECOGRAFIA OBSTETRICA CON NT PLUS;75810,89;ECOGRAFIA
185014;N OSMISS;ECOGRAFIA OBSTETRICA DE SEGUNDO NIVEL;58033,91;ECOGRAFIA
185017;N OSMISS;ECOGRAFIA OBSTETRICA TRIDIMENSIONAL;60536,84;ECOGRAFIA
185018;N OSMISS;ECOGRAFIA OBSTETRICA TRIDIMENSIONAL MELLIZOS;69038,33;ECOGRAFIA
180109;NN;ECOGRAFIA OFTALMOLOGICA UNI O BILATERAL.;29363,54;ECOGRAFIA
185028;N OSMISS;ECOGRAFIA OSTEO MUSCULO ESQUELETICO;34221,26;ECOGRAFIA
185025;N OSMISS;ECOGRAFIA OSTEOARTICULAR;34221,26;ECOGRAFIA
180118;NN;ECOGRAFIA PANCREATICA;34221,26;ECOGRAFIA
180121;NN;ECOGRAFIA PARA LA AMNIOCENTESIS.;29822,34;ECOGRAFIA
185111;N OSMISS;ECOGRAFIA PENEANA;31907,72;ECOGRAFIA
185112;N OSMISS;ECOGRAFIA PLEURAL O TORACICA;39076,80;ECOGRAFIA
180116;NN;ECOGRAFIA RENAL BILATERAL.;34221,26;ECOGRAFIA
180118;NN;ECOGRAFIA SUPRARRENAL;34221,26;ECOGRAFIA
180110;NN;ECOGRAFIA TIROIDEA.;29363,54;ECOGRAFIA
180104;NN;ECOGRAFIA TOCOGINECOLOGICA - PELVIANA;34221,26;ECOGRAFIA
185002;N OSMISS;ECOGRAFIA TRANSFONTANELAR;37226,61;ECOGRAFIA
180114;NN;ECOGRAFIA VESICAL;34221,26;ECOGRAFIA
185029;N OSMISS;ELASTOGRAFIA HEPATICA;286260,14;ECOGRAFIA
AAARBA;AAARBA;ESTUDIO ANATOMOPATOLOGICO EN EL SITIO DE LA TOMA.;55161,59;ECOGRAFIA
AAARBA;AAARBA;EVALUACION ANESTESICA - EV;87436,60;ECOGRAFIA
AAARBA;AAARBA;EVALUACION ANESTESICA PEDIATRICA-EV;113729,95;ECOGRAFIA
 ;;EVALUACION DIGITAL;59420,24;ECOGRAFIA
AAARBA;AAARBA;HONORARIOS PEDIATRICOS ANESTESIOLOGIA PUNCION BAJO ECO (0 a 14 AÑOS) EC;1008045,33;ECOGRAFIA
185040;N OSMISS;INFILTRACION BAJO CONTROL ECOGRAFICO;443048,97;ECOGRAFIA
425012;N OSMISS;INTERCONSULTA POR TEMAS MAMARIOS;22381,18;ECOGRAFIA
185020;N OSMISS;MADURACION PULMONAR FETAL;194298,31;ECOGRAFIA
346019;N OSMISS;MARCACION MAMARIA;168298,31;ECOGRAFIA
245009;N OSMISS;PLASMA RICO EN PLAQUETAS (PPR);187517,26;ECOGRAFIA
185047;N OSMISS;PUNCION BAJO CONTROL ECOGRAFICO (INCLUYE AN. PATOL, MEDIC, DESC);487179,29;ECOGRAFIA
205045;N OSMISS;PUNCION DE TIROIDES BAJO C/ECOGRAFICO (INCL. ANAT.PATOLOGICO, DESC, MED;50578,00;ECOGRAFIA
185032;N OSMISS;PUNCION DE TIROIDES BAJO C/ECOGRAFICO (INCL. ANAT.PATOLOGICO, DESC, MED;487179,29;ECOGRAFIA
215001;N OSMISS;PUNCION DE VELLOSIDADES CORIONICAS (INCLUY.A. CROMOSOMICO C/PATOLOGO;584615,13;ECOGRAFIA
185036;N OSMISS;PUNCION HEPATICA BAJO C/ECOGRAFICO (INCLUYE ANATOMIA PATOLOGICA);487179,29;ECOGRAFIA
185033;N OSMISS;PUNCION MAMARIA BAJO ECO O MAMO;487179,29;ECOGRAFIA
060111;NN;PUNCION QUISTE MAMARIO. PUNCION BIOPSIA DE MAMA.;16567,55;ECOGRAFIA
205045;N OSMISS;PUNCION TRANSRECTAL DE PROSTATA BAJO C/ECOGRAFICO (INCL.ANAT.PATOL,DE;50578,00;ECOGRAFIA
185037;N OSMISS;PUNCION TRANSRECTAL DE PROSTATA BAJO C/ECOGRAFICO (INCL.ANAT.PATOL,DE;247976,11;ECOGRAFIA
185038;N OSMISS;PUNCION TRANSRECTAL DE PROSTATA BAJO C/ECOGRAFICO (NO INCLUYE ANAT.PA;487179,29;ECOGRAFIA
185039;N OSMISS;TRATAMIENTO DE CALCINOCIS DE TENDON GUIADO POR ECOGRAFIA;187517,26;ECOGRAFIA
340601;NN;MAMOGRAFIA (SENOGRAFIA): UNICAMENTE CON MAMOGRAFO ORIGINAL DE FAB;45028,67;MAMOGRAFIA
346009;N OSMISS;MAMOGRAFIA DIGITAL + TECNICA DE ECKLUND BILATERAL;82700,34;MAMOGRAFIA
346010;N OSMISS;MAMOGRAFIA DIGITAL BILATERAL;82700,34;MAMOGRAFIA
346011;N OSMISS;MAMOGRAFIA DIGITAL BILATERAL CON TECNICA DE ECKLUND;82700,34;MAMOGRAFIA
346012;N OSMISS;MAMOGRAFIA DIGITAL CON TOMOSINTESIS BILATERAL;90870,96;MAMOGRAFIA
346013;N OSMISS;MAMOGRAFIA DIGITAL UNILATERAL;82700,34;MAMOGRAFIA
346014;N OSMISS;MAMOGRAFIA MAGNIFICADA  DIGITAL POR LADO;41350,39;MAMOGRAFIA
346015;N OSMISS;MAMOGRAFIA MAGNIFICADA DIGITAL BILATERAL;82700,34;MAMOGRAFIA
346016;N OSMISS;MAMOGRAFIA UNILATERAL CON TECNICA DE ECKLUND;45028,67;MAMOGRAFIA
346017;N OSMISS;MAMOGRAFIA UNILATERAL DE ALTA RESOLUCION;46625,94;MAMOGRAFIA
346018;N OSMISS;MAMOGRAFIA UNILATERAL MAGNIFICADA;45028,67;MAMOGRAFIA
346019;N OSMISS;MARCACION MAMARIA;168298,31;MAMOGRAFIA
260525;NN;ANGIOGRAFIA RADIOISOTOPICA POR AREA. SE ENTIENDE POR AREAS: A) CAROTIDE;52539,37;MEDICINA NUCLEAR
260513;NN;BARRIDO TOTAL (PARA CARCINOMA DE TIROIDES).;112434,81;MEDICINA NUCLEAR
260510;NN;CENTELLOGRAFIA DE ARTICULACIONES. INCLUYE ARTROCENTESIS.;38878,28;MEDICINA NUCLEAR
260503;NN;CENTELLOGRAFIA DE MEDULA OSEA.;38878,28;MEDICINA NUCLEAR
260518;NN;CENTELLOGRAFIA DEL POOL VASCULAR HEPATICO.;48336,77;MEDICINA NUCLEAR
260522;NN;CENTELLOGRAFIA DEL POOL VASCULAR RENAL.;48336,77;MEDICINA NUCLEAR
265009;N OSMISS;CENTELLOGRAFIA PULMONAR POR VENTILACION MAS PERFUSION;123472,40;MEDICINA NUCLEAR
265010;N OSMISS;CENTELLOGRAMA C/INMUNOGLOBULINAS POLICLONALES (IGG-TC99M)(INCL.DIN.R;297644,56;MEDICINA NUCLEAR
265011;N OSMISS;CENTELLOGRAMA C/INMUNOGLOBULINAS POLICLONALES (IGG-TC99M)(INCLUY.DI;104539,61;MEDICINA NUCLEAR
265027;N OSMISS;CENTELLOGRAMA CON OCTEOTRIDE IN 111;789598,25;MEDICINA NUCLEAR
265028;N OSMISS;CENTELLOGRAMA CON OCTEOTRIDE TC;684294,04;MEDICINA NUCLEAR
260520;NN;CENTELLOGRAMA DE BAZO.;48336,77;MEDICINA NUCLEAR
260501;NN;CENTELLOGRAMA DE CEREBRO- DOS POSICIONES-.;51488,73;MEDICINA NUCLEAR
260515;NN;CENTELLOGRAMA DE GLANDULAS SALIVALES.;34676,64;MEDICINA NUCLEAR
265018;N OSMISS;CENTELLOGRAMA DE GLANDULAS SUPRARRENALES CON I-131 COLESTEROL;452021,20;MEDICINA NUCLEAR
260519;NN;CENTELLOGRAMA DE PANCREAS.;48336,77;MEDICINA NUCLEAR
260514;NN;CENTELLOGRAMA DE PARATIROIDES.;32786,02;MEDICINA NUCLEAR
260523;NN;CENTELLOGRAMA DE PLACENTA.;48336,77;MEDICINA NUCLEAR
260516;NN;CENTELLOGRAMA DE PULMON (2 POSICIONES COMO MINIMO).;48336,77;MEDICINA NUCLEAR
260512;NN;CENTELLOGRAMA DE TIROIDES Y MEDIASTINO.;42031,26;MEDICINA NUCLEAR
265019;N OSMISS;CENTELLOGRAMA GLANDULAS SUPRARRENALES C/MIBG I 131-INCLUYE CENTELLOG;451985,81;MEDICINA NUCLEAR
260517;NN;CENTELLOGRAMA HEPATICO (2 POSICIONES COMO MINIMO).;44134,39;MEDICINA NUCLEAR
265020;N OSMISS;CENTELLOGRAMA HEPATOBILIAR C/SEG.HASTA 24 HS;77226,89;MEDICINA NUCLEAR
265021;N OSMISS;CENTELLOGRAMA MARCADO C/ANTIBIOTICO (INFECTON);203093,50;MEDICINA NUCLEAR
260509;NN;CENTELLOGRAMA OSEO (AREAS SUBSIGUIENTES);12608,50;MEDICINA NUCLEAR
260508;NN;CENTELLOGRAMA OSEO (UN AREA).                      IDEM A LAS AREAS ENUNCIADAS EN;45185,02;MEDICINA NUCLEAR
260521;NN;CENTELLOGRAMA RENAL (BILATERAL).;48336,77;MEDICINA NUCLEAR
265021;N OSMISS;CENTELLOGRAMA TESTICULAR;154451,04;MEDICINA NUCLEAR
260505;NN;CISTERNOGRAFIA ISOTOPICA. EXCLUIDO HONORARIO DEL CIRUJANO.;78808,71;MEDICINA NUCLEAR
265023;N OSMISS;CISTOURETROGRAFIA RADIOSOTOPICA DIRECTA;100808,13;MEDICINA NUCLEAR
265024;N OSMISS;COLANGIO RADIOISOTOPICA P/DETECC.HEMORRAG.DIGESTIVA. DIVERTICULO DE M;128549,00;MEDICINA NUCLEAR
260101;NN;CURVA DE CAPTACION TIROIDEA (TRES DETERMINACIONES).;6341,31;MEDICINA NUCLEAR
265007;N OSMISS;DACRIOCENTELLOGRAFIA RADIOISOTOPICA;121416,39;MEDICINA NUCLEAR
265013;N OSMISS;DETECCION DE DIVERTICULO DE MECKEL CON CIMETIDINA;102887,21;MEDICINA NUCLEAR
265025;N OSMISS;DETECCION DE HELICOBACTER PYLORI POR TEST DEL AIRE ESPIRADO.;487179,29;MEDICINA NUCLEAR
260123;NN;DETERMINACION DEL VOLUMEN SANGUINEO TOTAL GLOBULAR Y PLASMATICA CO;24017,48;MEDICINA NUCLEAR
260531;NN;DINAMICA DEL TRANSITO ESOFAGO-GASTRICO.;52539,37;MEDICINA NUCLEAR
260532;NN;DINAMICA TRANSITO INTESTINAL.;52539,37;MEDICINA NUCLEAR
260107;NN;DOSIS TERAPEUTICA EN TIROXICOSIS. INCLUYE VIDA MEDIA Y CONTROL DEL PACIEN;32233,77;MEDICINA NUCLEAR
260102;NN;ESTUDIO COMPLETO DE LA FUNCION TIROIDEA CON I 131. INCLUYE TRES DETERMI;7279,29;MEDICINA NUCLEAR
260526;NN;ESTUDIO DINAMICO RENAL. A) PRIMERA CIRCULACION SANGUINEA. B) CENTELLOG;69351,89;MEDICINA NUCLEAR
260113;NN;FILTRADO GLOMERULAR.;24539,10;MEDICINA NUCLEAR
260506;NN;FISTULOGRAFIA ISOTOPICA DEL L.C.R. EXCLUIDO HONORARIO DEL CIRUJANO.;51488,73;MEDICINA NUCLEAR
260529;NN;FLEBOGRAFIA RADIOISOTOPICA POR AREAS SAFENAS FEMORAL ILIACAS, POR CADA;52539,37;MEDICINA NUCLEAR
260118;NN;FLUJO CEREBRAL.;23289,54;MEDICINA NUCLEAR
260114;NN;FLUJO PLASMATICO RENAL EFECTIVO.;24539,10;MEDICINA NUCLEAR
265026;N OSMISS;LINFO CENTELLOGRAMA PARA MARCACION DE GANGLIO CENTINELA;235148,40;MEDICINA NUCLEAR
260504;NN;MIELOGRAFIA ISOTOPICA. EXCLUIDO HONORARIO DEL CIRUJANO.;45185,02;MEDICINA NUCLEAR
265031;N OSMISS;PERFUSION MIOCARDICA EN ESFUERZO Y REPERFUSION A LAS 24 HS.(INCLUYE ERG;141500,29;MEDICINA NUCLEAR
260528;NN;PERFUSION SANGUINEA MIOCARDICA CON RADIOISOTOPOS: A) EN ESTADO DE REP;52539,37;MEDICINA NUCLEAR
260728;NN;PERFUSION SANGUINEA MIOCARDICA CON RADIOISOTOPOS: B) REPOSO Y PRUEBA;84062,97;MEDICINA NUCLEAR
260530;NN;POR AREA ADICIONAL.;14710,69;MEDICINA NUCLEAR
260502;NN;POR CADA POSICION SUBSIGUIENTE.;9455,94;MEDICINA NUCLEAR
260104;NN;PRUEBA DE INHIBICION (TEST DE WERNER). INCLUYE AMBAS CURVAS DE CAPTACIO;11021,62;MEDICINA NUCLEAR
260105;NN;PRUEBAS DE ESTIMULACION (TEST DE QUERIDO). INCLUYE CURVAS DE CAPTACION.;11021,62;MEDICINA NUCLEAR
10308;NN;PUNCION CISTERNAL CON O SIN MANOMETRIA.;39721,53;MEDICINA NUCLEAR
10309;NN;PUNCION LUMBAR CON O SIN MANOMETRIA.;39721,53;MEDICINA NUCLEAR
265034;N OSMISS;RADIOCARDIOGRAMA EN REPOSO Y TEST DEL FRIO;91327,25;MEDICINA NUCLEAR
260527;NN;RADIOCARDIOGRAMA.;84062,97;MEDICINA NUCLEAR
260111;NN;RADIORREONOGRAMA ISOTOPICO SIMPLE.;16220,19;MEDICINA NUCLEAR
265035;N OSMISS;RADIOSINOVECTOMIA P32;839242,17;MEDICINA NUCLEAR
265036;N OSMISS;SALIVOGRAMA DE LOS NIÑOS;128549,00;MEDICINA NUCLEAR
265039;N OSMISS;SPECT CARDIACO EN REPOSO O ESFUERZO;135722,80;MEDICINA NUCLEAR
265040;N OSMISS;SPECT CARDIACO PERFUSION ESFUERZO Y REPOSO;216883,66;MEDICINA NUCLEAR
265041;N OSMISS;SPECT CARDIACO PERFUSION ESFUERZO Y REPOSO GATILLADO Y FRACCION DE EYE;244850,88;MEDICINA NUCLEAR
265050;N OSMISS;SPECT CUALQUIER ORGANO;158153,04;MEDICINA NUCLEAR
265045;N OSMISS;SPECT DE CEREBRO;88770,17;MEDICINA NUCLEAR
265046;N OSMISS;SPECT OSEO;158153,04;MEDICINA NUCLEAR
260108;NN;TRATAMIENTO DE CARCINOMA DE TIROIDES. INCLUYE ESTUDIO DOSIMETRICO Y CO;47827,69;MEDICINA NUCLEAR
265037;N OSMISS;TRATAMIENTO PALIATIVO DEL DOLOR OSEO C/SAMARIO 153 DE IMP;943110,56;MEDICINA NUCLEAR
260507;NN;VENTRICULOGRAFIA ISOTOPICA. EXCLUIDO HONORARIO DEL CIRUJANO.;78808,71;MEDICINA NUCLEAR
285001;N OSMISS;ADAPTACION AL TRATAMIENTO CPAP O BiPAP / VNI;63953,24;NEUMONOLOGIA
285009;N OSMISS;CAPACIDAD PULMONAR TOTAL Y VOLUMEN RESIDUAL;49243,78;NEUMONOLOGIA
285005;N OSMISS;DIFUSION DE MONOXIDO DE CARBONO;49243,78;NEUMONOLOGIA
285029;N OSMISS;EVALUACION OXIGENOTERAPIA CRONICA DOMICILIARIA;124858,70;NEUMONOLOGIA
285010;N OSMISS;MAXIMA VENTILACION VOLUNTARIA - MVV -;19649,25;NEUMONOLOGIA
285030;N OSMISS;MONITOREO DE OXIMETRIA NOCTURNA (12 HS) (EVALUACION OXIGENOTERAPIA C;62430,65;NEUMONOLOGIA
285011;N OSMISS;MONITOREO DE OXIMETRIA PROLONGADA (24 HS);124858,70;NEUMONOLOGIA
285012;N OSMISS;OXIMETRIA DE PULSO - NEUMONOLOGIA - SATUROMETRIA;20808,51;NEUMONOLOGIA
285013;N OSMISS;PRESIONES INSPIRATORIAS Y ESPIRATORIAS MAXIMAS;27977,55;NEUMONOLOGIA
285006;N OSMISS;PRUEBA DE MARCHA DE LOS 6 MINUTOS  CON CONTROL OXIMETRICO (LAB. FUNCI;66110,58;NEUMONOLOGIA
285006;N OSMISS;PRUEBA DE MARCHA DE LOS 6 MINUTOS CON CONTROL OXIMETRICO;66110,58;NEUMONOLOGIA
285004;N OSMISS;RESISTENCIA Y CONDUCTANCIA DE LAS VIAS AEREAS;67143,46;NEUMONOLOGIA
285014;N OSMISS;VOLUMEN Y CAPACIDAD DE CIERRE;41958,60;NEUMONOLOGIA
285015;N OSMISS;VOLUMENES PULMONARES POR ESPIROMETRIA;25668,40;NEUMONOLOGIA
285016;N OSMISS;VOLUMENES PULMONARES POR PLETISMOGRAFIA;49243,78;NEUMONOLOGIA
90203;346222;ARTICULACION TEMPORO MANDIBULAR (6 TOMAS).;20484,19;ODONTOLOGIA
91102;;BITE-WING;5472,89;ODONTOLOGIA
90202;;EXTRABUCALES. POR EXPOSICION SUBSIGUIENTES.;7176,59;ODONTOLOGIA
90201;;EXTRABUCALES. PRIMERA EXPOSICION.;10100,81;ODONTOLOGIA
590007;;FOTOGRAFIA 3D EXTRAORAL;59284,53;ODONTOLOGIA
590004;;FOTOGRAFIA CLINICA (C/U);6048,27;ODONTOLOGIA
91104;;MEDIA SERIADA DE 7 PELICULAS..TECNICAS DE CILINDRO CORTO O LARGO;28340,17;ODONTOLOGIA
91103;;OCLUSAL 6 X 8 CM;5472,89;ODONTOLOGIA
90204;;PANTOMOGRAFIA O RADIOGRAFIA PANORAMICA;28340,17;ODONTOLOGIA
91101;;PERIAPICAL..TECNICAS DE CONO CORTO O CONO LARGO;5472,89;ODONTOLOGIA
91105;;SERIADAS DE 14 PELICULAS..TECNICAS DE CILINDRO CORTO O  LARGO;40148,58;ODONTOLOGIA
90205;;TELE-RADIOGRAFIA CEFALOMETRICA.;27159,26;ODONTOLOGIA
840901/1;;TOMOGRAFIA DENTASCAN 1 MAXILAR (TC DENTAL P/IMPLANTE);131751,09;ODONTOLOGIA
840902/1;;TOMOGRAFIA DENTASCAN 2 MAXILARES - OD - (TC DENTAL P/IMPLANTE);190088,37;ODONTOLOGIA
540902;;TOMOGRAFIA LINEAL - 2 SECTORES;51569,82;ODONTOLOGIA
540903;;TOMOGRAFIA LINEAL - 3 SECTORES;75785,18;ODONTOLOGIA
340901/34;;TOMOGRAFIA LINEAL, CUALQUIERA SEA LA ZONA O SISTEMA (MINIMO 5 PLACAS) P;44240,94;ODONTOLOGIA
540909;;TOMOGRAFIA TRIDIMENSIONAL  1 MAXILAR;99267,60;ODONTOLOGIA
540912;;TOMOGRAFIA TRIDIMENSIONAL 1 PIEZA;22671,94;ODONTOLOGIA
540907;;TOMOGRAFIA TRIDIMENSIONAL 1º AREA/SECTOR;57051,07;ODONTOLOGIA
540910;;TOMOGRAFIA TRIDIMENSIONAL 2 MAXILARES;104459,89;ODONTOLOGIA
540911;;TOMOGRAFIA TRIDIMENSIONAL HEMIMAXILAR;32529,48;ODONTOLOGIA
590005;;TRAZADO CEFALOMETRICO (C/U);40148,58;ODONTOLOGIA
346310;N OSMISS;PET - CT - CON GA68 - PSMA;3623647,50;PET - CT
346311;N OSMISS;PET - CT CON  F18 - PSMA;1566878,07;PET - CT
346312;N OSMISS;PET - CT CON F18- COLINA;1244776,07;PET - CT
346313;N OSMISS;PET - CT CORPORAL TOTAL;1003199,57;PET - CT
346314;N OSMISS;PET - CT DE CEREBRO;647436,45;PET - CT
340204;NN;ARTICULACION TEMPOROMANDIBULAR, TRES POSICIONES, COMPARATIVAS. B;13400,08;RADIOLOGIA
340216;NN;ARTROGRAFIA (SIN HONORARIO DE ESPECIALISTA) PRIMERA EXPOSICION. A;12968,63;RADIOLOGIA
340303;NN;BRONCOGRAFIA (SIN ENDOSCOPIA, SIN ANESTESIA GENERAL) CADA PULMON, MINI;20984,24;RADIOLOGIA
340508;NN;CISTORETROGRAFIA POR ESTUDIO DE INCONTINENCIA PARA DETECTAR REFLUJO, E;48753,24;RADIOLOGIA
340507;NN;CISTOURETROGRAFIA MICCIONAL. CISTOURETROGRAFIA ASCENDENTE (MINIMO 2;34722,46;RADIOLOGIA
340415;NN;COLANGIOGRAFIA ENDOVENOSA (MINIMO 5 PLACAS) POR ESTUDIO. B;96209,04;RADIOLOGIA
340416;NN;COLANGIOGRAFIA OPERATORIA (PRIMERA PLACA). A *;30222,81;RADIOLOGIA
340413;NN;COLECISTOGRAFIA ORAL, INCLUYE PRUEBA DE EVACUACION (MINIMO 3 PLACAS) P;43225,35;RADIOLOGIA
340412;NN;COLON POR ENEMA, EVACUADO Y DOBLE CONTRASTE (MINIMO 8 PLACAS) TECNIC;113242,66;RADIOLOGIA
340407;NN;COLON POR INGESTA;48753,24;RADIOLOGIA
340904;NN;DACRIOCISTOGRAFIA (MINIMO 3 PLACAS) POR ESTUDIO, SIN HONORARIOS DE ESPE;24847,43;RADIOLOGIA
346005;N OSMISS;DEFECATOGRAFIA;168762,10;RADIOLOGIA
340402;NN;ESOFAGO, ESTUDIO RADIOLOGICO SERIADO (COMO MINIMO 2 PLACAS CUATRO EX;35750,91;RADIOLOGIA
346002;N OSMISS;ESPINOGRAMA (1ERA.EXPOSICION);32006,47;RADIOLOGIA
340403;NN;ESTOMAGO Y DUODENO, ESTUDIO SERIADO (MINIMO 10 EXPOSICIONES) POR ESTU;71501,35;RADIOLOGIA
340408;NN;ESTUDIO RADIOLOGICO SERIADO ILEOCECOAPENDICULAR (MINIMO 2 PLACAS) POR;19497,96;RADIOLOGIA
340405;NN;ESTUDIO SERIADO ESOFAGOGASTRODUODENAL (MINIMO DOCE EXPOSICIONES) PO;95222,97;RADIOLOGIA
340418;NN;FISTULOCOLANGIOGRAFIA, COLANGIOGRAFIA POSTOPERATORIA, (MINIMO 3 PLAC;43225,35;RADIOLOGIA
340903;NN;FISTULOGRAFIA, ESTUDIO COMPLETO (MINIMO 2 PLACAS) POR ESTUDIO A;72600,79;RADIOLOGIA
340604;NN;HISTEROSALPINGOGRAFIA CON PRUEBA DE COTTE (SIN HONORARIOS DEL ESPECIAL;42251,98;RADIOLOGIA
340203;NN;HUESO TEMPORAL O AGUJEROS OPTICOS, COMPARATIVOS, POR INCIDENCIA Y POR;17934,41;RADIOLOGIA
340214;NN;MEDICION COMPARATIVA DE MIEMBROS INFERIORES (ORTORRADIOGRAFIA) POR E;24847,43;RADIOLOGIA
340607;NN;PELVIMETRIA RADIOLOGICA (MINIMO 2 PLACAS) POR ESTUDIO. B;22906,57;RADIOLOGIA
340202;NN;POR EXPOSICION SUBISGUIENTE. B;12968,63;RADIOLOGIA
340302;NN;POR EXPOSICION SUBSIGUIENTE. A;14910,12;RADIOLOGIA
340217;NN;POR EXPOSICION SUBSIGUIENTE. A;9937,15;RADIOLOGIA
340422;NN;POR EXPOSICION SUBSIGUIENTE. A *;14910,12;RADIOLOGIA
340212;NN;POR EXPOSICION SUBSIGUIENTE. A.;12968,63;RADIOLOGIA
340210;NN;POR EXPOSICION SUBSIGUIENTE. B.;12968,63;RADIOLOGIA
346001;N OSMISS;RADIOGRAFIA CON TECNICA O PLACA MAMOGRAFICA;18257,26;RADIOLOGIA
340213;NN;RADIOGRAFIA DE CODO, ANTEBRAZO, MUÑECA, MANO, DEDOS, RODILLA, PIERNA,;17934,41;RADIOLOGIA
340211;NN;RADIOGRAFIA DE HOMBRO, HUMERO, PELVIS, CADERA Y FEMUR PRIMERA EXPOSIC;17934,41;RADIOLOGIA
340209;NN;RADIOGRAFIA DE RAQUIS (COLUMNA) PRIMERA EXPOSICION. B.;18075,62;RADIOLOGIA
340201;NN;RADIOGRAFIA DEL CRANEO,CARA,SENOS PARANASALES O CAVUM, PRIMERA EXP. B;17934,41;RADIOLOGIA
346326;N OSMISS;RADIOGRAFIA M.INFERIORES (EXPOSICION SUBSIGUIENTE);14263,52;RADIOLOGIA
346325;N OSMISS;RADIOGRAFIA MIEMBROS INFERIORES (PRIMERA EXPOSICION);38274,56;RADIOLOGIA
340301;NN;RADIOGRAFIA O TELERRADIOGRAFIA DE TORAX: CON O SIN TRAZADO DE DIAMETR;21359,75;RADIOLOGIA
340421;NN;RADIOGRAFIA SIMPLE DE ABDOMEN, PRIMERA EXPOSICION. A *;19880,86;RADIOLOGIA
340501;NN;RADIOGRAFIA SIMPLE DE ARBOL URINARIO. B;19880,86;RADIOLOGIA
340103;NN;RADIOSCOPIA CON CIRCUITO CERRADO DE TELEVISION (AGREGAR AL CODIGO COR;41213,81;RADIOLOGIA
340401;NN;SIALOGRAFIA, ESTUDIO COMPLETO - INCLUYE CONTRASTE-;35750,91;RADIOLOGIA
346327;N OSMISS;TRANSITO COLONICO CON MARCADORES RADIO OPACOS;132222,68;RADIOLOGIA
340407;NN;TRANSITO DE INTESTINO DELGADO O DE COLON (MINIMO 3 PLACAS) POR ESTUDIO;48753,24;RADIOLOGIA
346328;N OSMISS;TRANSITO DE INTESTINO DELGADO POR DOBLE CONTRASTE;192531,14;RADIOLOGIA
340503;NN;UROGRAMA EXCRETOR CON ESTUDIO VESICAL, PRE Y POST MICCIONAL (MINIMO S;80165,27;RADIOLOGIA
340504;NN;UROGRAMA MINUTADO O POR GOTEO, PIELOGRAFIA POR PERFUSION (MINIMO SI;80165,27;RADIOLOGIA
346004;N OSMISS;VIDEO DE LA DEGLUCION EN 4 TIEMPOS O FRACCIONADA RADIOLOGIA;140459,03;RADIOLOGIA
346003;N OSMISS;VIDEODEGLUCION / VIDEO DEGLUCION CON FLUOROSCOPIA RADIOLOGIA;172538,32;RADIOLOGIA
346285;N OSMISS;ANGIO RESONANCIA AORTA ABDOMINAL;236594,70;RESONANCIA MAGNETICA
346283;N OSMISS;ANGIO RESONANCIA CARDIACA;332750,41;RESONANCIA MAGNETICA
346284;N OSMISS;ANGIO RESONANCIA DE ABDOMEN;236594,70;RESONANCIA MAGNETICA
346293;N OSMISS;ANGIO RESONANCIA DE ARTICULACIONES;236594,70;RESONANCIA MAGNETICA
346282;N OSMISS;ANGIO RESONANCIA DE CEREBRO;236594,70;RESONANCIA MAGNETICA
346287;N OSMISS;ANGIO RESONANCIA DE COLUMNA CERVICAL/CUELLO;236594,70;RESONANCIA MAGNETICA
346281;N OSMISS;ANGIO RESONANCIA DE COLUMNA DORSAL;236594,70;RESONANCIA MAGNETICA
346281;N OSMISS;ANGIO RESONANCIA DE COLUMNA LUMBOSACRA;236594,70;RESONANCIA MAGNETICA
346288;N OSMISS;ANGIO RESONANCIA DE HOMBRO;236594,70;RESONANCIA MAGNETICA
346292;N OSMISS;ANGIO RESONANCIA DE MIEMBROS INFERIORES;341412,79;RESONANCIA MAGNETICA
346290;N OSMISS;ANGIO RESONANCIA DE MIEMBROS SUPERIORES;341412,79;RESONANCIA MAGNETICA
346286;N OSMISS;ANGIO RESONANCIA DE OTROS TERRITORIOS VASCULARES;236594,70;RESONANCIA MAGNETICA
346289;N OSMISS;ANGIO RESONANCIA DE PELVIS-CADERAS;236594,70;RESONANCIA MAGNETICA
346291;N OSMISS;ANGIO RESONANCIA DE RODILLA;236594,70;RESONANCIA MAGNETICA
346284;N OSMISS;ANGIO RESONANCIA DE TORAX;236594,70;RESONANCIA MAGNETICA
346307;N OSMISS;ARTRO RESONANCIA;288800,41;RESONANCIA MAGNETICA
346308;N OSMISS;COLANGIO RESONANCIA;327060,32;RESONANCIA MAGNETICA
346211;N OSMISS;DIFUSION MAS PERFUSION POR RESONANCIA DE CEREBRO;267658,07;RESONANCIA MAGNETICA
346210;N OSMISS;DIFUSION POR RESONANCIA DE CEREBRO;190144,55;RESONANCIA MAGNETICA
346261;N OSMISS;DIFUSION/ESPECTRO/TRACTO POR RESONANCIA OTROS ORGANOS (NO CEREBRO);190144,55;RESONANCIA MAGNETICA
346309;N OSMISS;ESPECTROSCOPIA POR RESONANCIA;266052,03;RESONANCIA MAGNETICA
AAARBA;AAARBA;HONORARIOS PEDIATRICOS ANESTESIOLOGIA RNM SIN CONTRASTE (0 a 14 AÑOS) E;1159293,13;RESONANCIA MAGNETICA
AAARBA;AAARBA;HONORARIOS PEDIATRICOS ANESTESIOLOGIA RNM SUBSIGUIENTE-ED;579646,56;RESONANCIA MAGNETICA
346264;N OSMISS;NEUROGRAFIA POR RESONANCIA;295858,90;RESONANCIA MAGNETICA
346206;N OSMISS;RESONANCA DE OTRAS REGIONES - ANTEPIE;236594,70;RESONANCIA MAGNETICA
346227;N OSMISS;RESONANCIA CARDIACA;426349,44;RESONANCIA MAGNETICA
346217;N OSMISS;RESONANCIA CEREBRO + HIPOFISIS;236594,70;RESONANCIA MAGNETICA
346248;N OSMISS;RESONANCIA COLUMNA CERVICAL FLEX/EXTENSION;236594,70;RESONANCIA MAGNETICA
346263;N OSMISS;RESONANCIA CON SONDA ENDORECTAL;203320,33;RESONANCIA MAGNETICA
346252;N OSMISS;RESONANCIA CUERPO ENTERO (SOLO PARA TURNOS);638912,91;RESONANCIA MAGNETICA
346202;N OSMISS;RESONANCIA DE ABDOMEN;236594,70;RESONANCIA MAGNETICA
346310;N OSMISS;RESONANCIA DE ABDOMEN POR CUANTIFICACION DE HIERRO;236594,70;RESONANCIA MAGNETICA
346234;N OSMISS;RESONANCIA DE ABDOMEN Y PELVIS (SOLO PARA TURNOS);382662,74;RESONANCIA MAGNETICA
346206;N OSMISS;RESONANCIA DE AQUILES;236594,70;RESONANCIA MAGNETICA
346222;N OSMISS;RESONANCIA DE ARTICULACION TEMPORO MANDIBULAR (ATM);212243,36;RESONANCIA MAGNETICA
346206;N OSMISS;RESONANCIA DE BRAZO;236594,70;RESONANCIA MAGNETICA
346200;N OSMISS;RESONANCIA DE CEREBRO;236594,70;RESONANCIA MAGNETICA
346267;N OSMISS;RESONANCIA DE CEREBRO - MCF;236594,70;RESONANCIA MAGNETICA
346206;N OSMISS;RESONANCIA DE CEREBRO - OIDO;236594,70;RESONANCIA MAGNETICA
346267;N OSMISS;RESONANCIA DE CEREBRO - SPN;236594,70;RESONANCIA MAGNETICA
346267;N OSMISS;RESONANCIA DE CEREBRO + LCR;236594,70;RESONANCIA MAGNETICA
346272;N OSMISS;RESONANCIA DE CEREBRO + OIDOS (C.A.I);236594,70;RESONANCIA MAGNETICA
346212;N OSMISS;RESONANCIA DE CEREBRO + PROT EPILEPSIA;236594,70;RESONANCIA MAGNETICA
346214;N OSMISS;RESONANCIA DE CEREBRO + VOLUMETRIA;236594,70;RESONANCIA MAGNETICA
346215;N OSMISS;RESONANCIA DE CEREBRO CON TENSOR DE DIFUSION;180720,97;RESONANCIA MAGNETICA
346221;N OSMISS;RESONANCIA DE COCLEAS;236594,70;RESONANCIA MAGNETICA
346243;N OSMISS;RESONANCIA DE CODO;201808,78;RESONANCIA MAGNETICA
346248;N OSMISS;RESONANCIA DE COLUMNA CERVICAL;236594,70;RESONANCIA MAGNETICA
346248;N OSMISS;RESONANCIA DE COLUMNA DORSAL;236594,70;RESONANCIA MAGNETICA
346248;N OSMISS;RESONANCIA DE COLUMNA LUMBOSACRA;236594,70;RESONANCIA MAGNETICA
346207;N OSMISS;RESONANCIA DE COLUMNA TOTAL (SOLO PARA TURNOS);573995,04;RESONANCIA MAGNETICA
346252;N OSMISS;RESONANCIA DE CUERPO ENTERO;638912,91;RESONANCIA MAGNETICA
346217;N OSMISS;RESONANCIA DE HIPOFISIS;236594,70;RESONANCIA MAGNETICA
346238;N OSMISS;RESONANCIA DE HOMBRO;201808,78;RESONANCIA MAGNETICA
346225;N OSMISS;RESONANCIA DE MAMAS;212759,84;RESONANCIA MAGNETICA
346237;N OSMISS;RESONANCIA DE MUÑECA;201808,78;RESONANCIA MAGNETICA
346206;N OSMISS;RESONANCIA DE ORBITAS;236594,70;RESONANCIA MAGNETICA
346206;N OSMISS;RESONANCIA DE OTRAS REGIONES;236594,70;RESONANCIA MAGNETICA
346206;N OSMISS;RESONANCIA DE OTRAS REGIONES - ANTEBRAZO;236594,70;RESONANCIA MAGNETICA
346239;N OSMISS;RESONANCIA DE OTRAS REGIONES - CADERAS;236594,70;RESONANCIA MAGNETICA
346206;N OSMISS;RESONANCIA DE OTRAS REGIONES - CLAVICULA;236594,70;RESONANCIA MAGNETICA
346206;N OSMISS;RESONANCIA DE OTRAS REGIONES - CUELLO;236594,70;RESONANCIA MAGNETICA
346206;N OSMISS;RESONANCIA DE OTRAS REGIONES - ESTERNON;236594,70;RESONANCIA MAGNETICA
346206;N OSMISS;RESONANCIA DE OTRAS REGIONES - GLUTEOS;236594,70;RESONANCIA MAGNETICA
346206;N OSMISS;RESONANCIA DE OTRAS REGIONES - GLUTEOS + PROTESIS;236594,70;RESONANCIA MAGNETICA
346206;N OSMISS;RESONANCIA DE OTRAS REGIONES - MANO;236594,70;RESONANCIA MAGNETICA
346206;N OSMISS;RESONANCIA DE OTRAS REGIONES - MUSLO;236594,70;RESONANCIA MAGNETICA
346206;N OSMISS;RESONANCIA DE OTRAS REGIONES - PENE;236594,70;RESONANCIA MAGNETICA
346206;N OSMISS;RESONANCIA DE OTRAS REGIONES - PIE;236594,70;RESONANCIA MAGNETICA
346206;N OSMISS;RESONANCIA DE OTRAS REGIONES - PIERNA;236594,70;RESONANCIA MAGNETICA
346206;N OSMISS;RESONANCIA DE OTRAS REGIONES - SACROILIACAS;236594,70;RESONANCIA MAGNETICA
346206;N OSMISS;RESONANCIA DE OTRAS REGIONES - TESTICULOS;236594,70;RESONANCIA MAGNETICA
346231;N OSMISS;RESONANCIA DE PARED ABDOMINAL;236594,70;RESONANCIA MAGNETICA
346235;N OSMISS;RESONANCIA DE PELVIS GINECOLOGICA;236594,70;RESONANCIA MAGNETICA
346235;N OSMISS;RESONANCIA DE PELVIS OSEA;236594,70;RESONANCIA MAGNETICA
346237;N OSMISS;RESONANCIA DE RODILLA;201808,78;RESONANCIA MAGNETICA
346246;N OSMISS;RESONANCIA DE TOBILLO;201808,78;RESONANCIA MAGNETICA
346204;N OSMISS;RESONANCIA DE TORAX;236594,70;RESONANCIA MAGNETICA
346216;N OSMISS;RESONANCIA ENCEFALO FETAL;286998,62;RESONANCIA MAGNETICA
346220;N OSMISS;RESONANCIA FUNCIONAL DE CEREBRO;354892,54;RESONANCIA MAGNETICA
346306;N OSMISS;RESONANCIA MULTIPARAMETRICA DE PROSTATA;380338,42;RESONANCIA MAGNETICA
346204;N OSMISS;RESONANCIA OTRAS REGIONES - PARRILLA COSTAL;236594,70;RESONANCIA MAGNETICA
346235;N OSMISS;RESONANCIA PELVIS + PROSTATA;236594,70;RESONANCIA MAGNETICA
346235;N OSMISS;RESONANCIA PELVIS + RECTO;236594,70;RESONANCIA MAGNETICA
346242;N OSMISS;RESONANCIA RODILLA + DINAMICA DE ROTULA;201808,78;RESONANCIA MAGNETICA
346242;N OSMISS;RESONANCIA RODILLA + SEC CARTILADO;201808,78;RESONANCIA MAGNETICA
346303;N OSMISS;RESONANCIA TRIDIMENSIONAL DE CEREBRO;169532,81;RESONANCIA MAGNETICA
346236;N OSMISS;RNM DE PELVIS OSEA CON CTE - PRIV, HOSPITALARIO, ETC;146940,44;RESONANCIA MAGNETICA
346301;N OSMISS;SIALOGRAFIA POR RESONANCIA;195457,41;RESONANCIA MAGNETICA
346302;N OSMISS;TRACTOGRAFIA POR RESONANCIA;190169,22;RESONANCIA MAGNETICA
346265;N OSMISS;URO RESONANCIA;327060,32;RESONANCIA MAGNETICA
346153;N OSMISS;ANGIO CORONARIA NO INVASIVA;605330,15;TOMOGRAFIA COMPUTADA
346172;N OSMISS;ANGIO TOMOGRAFIA MULTISLICE DE OTRAS REGIONES CON RECONSTRUCCION 3D;259304,78;TOMOGRAFIA COMPUTADA
346160;N OSMISS;ANGIOTOMOGRAFIA MULTISCLICE AORTA, TORAXICA, ABDOMINAL, RENAL;259303,75;TOMOGRAFIA COMPUTADA
346169;N OSMISS;ANGIOTOMOGRAFIA MULTISCLICE ARTERIAS MMSS O MMII;311161,03;TOMOGRAFIA COMPUTADA
346157;N OSMISS;ANGIOTOMOGRAFIA MULTISCLICE CAVOGRAFIA O FLEBOLO.MMII;259303,75;TOMOGRAFIA COMPUTADA
346149;N OSMISS;ANGIOTOMOGRAFIA MULTISCLICE CEREBRAL, POLIGONO DE WILLIS O CAROTIDAS;259303,75;TOMOGRAFIA COMPUTADA
346149;N OSMISS;ANGIOTOMOGRAFIA MULTISCLICE CEREBRAL, POLIGONO DE WILLIS O CAROTIDAS;259303,75;TOMOGRAFIA COMPUTADA
346152;N OSMISS;ANGIOTOMOGRAFIA MULTISCLICE DE ARTERIA PULMONAR (TROMBOEMBOLISMO;259303,75;TOMOGRAFIA COMPUTADA
346166;N OSMISS;ANGIOTOMOGRAFIA MULTISCLICE DE CUERPO ENTERO;632535,31;TOMOGRAFIA COMPUTADA
346158;N OSMISS;ANGIOTOMOGRAFIA MULTISCLICE TRIPLE RULE OUT (DOLOR DE PECHO) DESCARTA;596393,37;TOMOGRAFIA COMPUTADA
346174;N OSMISS;ARTROTOMOGRAFIA;392169,18;TOMOGRAFIA COMPUTADA
346181;N OSMISS;BLOQUEO RADICULAR SELECTIVO BAJO TAC;496978,17;TOMOGRAFIA COMPUTADA
346177;N OSMISS;BRONCOSCOPIA VIRTUAL POR TAC MULTISLICE;295463,08;TOMOGRAFIA COMPUTADA
346178;N OSMISS;COLONOSCOPIA POR TAC MULTISCLICE O ENDOSCOPIA O COLONOSCOPIA VIRTUAL;295463,08;TOMOGRAFIA COMPUTADA
346109;N OSMISS;ENTERO TOMOGRAFIA COMPUTADA;529122,10;TOMOGRAFIA COMPUTADA
346176;N OSMISS;PUNCION BAJO CONTROL TOMOGRAFICO - (INC AP, MEDIC, DESC);837948,35;TOMOGRAFIA COMPUTADA
346175;N OSMISS;PUNCION OSEA BAJO TOMOGRAFÍA;913948,32;TOMOGRAFIA COMPUTADA
346111;N OSMISS;SCORING DE CALCIO PREVENTIVA;186703,84;TOMOGRAFIA COMPUTADA
346112;N OSMISS;TOMOGRAFIA CEREBRAL MULTISCLICE;134842,68;TOMOGRAFIA COMPUTADA
346113;N OSMISS;TOMOGRAFIA CEREBRAL MULTISCLICE CON CONTRASTE;168545,49;TOMOGRAFIA COMPUTADA
346119;N OSMISS;TOMOGRAFIA DE ABDOMEN MULTISCLICE;234053,72;TOMOGRAFIA COMPUTADA
346120;N OSMISS;TOMOGRAFIA DE ABDOMEN Y PELVIS MULTISCLICE;234053,72;TOMOGRAFIA COMPUTADA
346128;N OSMISS;TOMOGRAFIA DE COLUMNA MULTISCLICE;159686,81;TOMOGRAFIA COMPUTADA
346130;N OSMISS;TOMOGRAFIA DE OTROS ORGANOS MULTISCLICE - ATM;159686,81;TOMOGRAFIA COMPUTADA
346130;N OSMISS;TOMOGRAFIA DE OTROS ORGANOS MULTISCLICE - CADERAS;159686,81;TOMOGRAFIA COMPUTADA
346130;N OSMISS;TOMOGRAFIA DE OTROS ORGANOS MULTISCLICE - CLAVICULA;159686,81;TOMOGRAFIA COMPUTADA
346130;N OSMISS;TOMOGRAFIA DE OTROS ORGANOS MULTISCLICE - CODO;159686,81;TOMOGRAFIA COMPUTADA
346130;N OSMISS;TOMOGRAFIA DE OTROS ORGANOS MULTISCLICE - CUELLO;159686,81;TOMOGRAFIA COMPUTADA
346130;N OSMISS;TOMOGRAFIA DE OTROS ORGANOS MULTISCLICE - FALANGES;159686,81;TOMOGRAFIA COMPUTADA
346130;N OSMISS;TOMOGRAFIA DE OTROS ORGANOS MULTISCLICE - HOMBRO;159686,81;TOMOGRAFIA COMPUTADA
346130;N OSMISS;TOMOGRAFIA DE OTROS ORGANOS MULTISCLICE - MANO;159686,81;TOMOGRAFIA COMPUTADA
346130;N OSMISS;TOMOGRAFIA DE OTROS ORGANOS MULTISCLICE - MAXILARES;159686,81;TOMOGRAFIA COMPUTADA
346130;N OSMISS;TOMOGRAFIA DE OTROS ORGANOS MULTISCLICE - MCF;159686,81;TOMOGRAFIA COMPUTADA
346130;N OSMISS;TOMOGRAFIA DE OTROS ORGANOS MULTISCLICE - MUÑECA;159686,81;TOMOGRAFIA COMPUTADA
346130;N OSMISS;TOMOGRAFIA DE OTROS ORGANOS MULTISCLICE - MUSLO;159686,81;TOMOGRAFIA COMPUTADA
346130;N OSMISS;TOMOGRAFIA DE OTROS ORGANOS MULTISCLICE - OIDO;159686,81;TOMOGRAFIA COMPUTADA
346130;N OSMISS;TOMOGRAFIA DE OTROS ORGANOS MULTISCLICE - OTRAS REGIONES;159686,81;TOMOGRAFIA COMPUTADA
346130;N OSMISS;TOMOGRAFIA DE OTROS ORGANOS MULTISCLICE - SPN;159686,81;TOMOGRAFIA COMPUTADA
346130;N OSMISS;TOMOGRAFIA DE OTROS ORGANOS MULTISCLICE - TOBILLO;159686,81;TOMOGRAFIA COMPUTADA
346127;N OSMISS;TOMOGRAFIA DE PELVIS MULTISCLICE;188864,14;TOMOGRAFIA COMPUTADA
346142;N OSMISS;TOMOGRAFIA DE VEJIGA Y PROSTATA MULTISCLICE;174161,44;TOMOGRAFIA COMPUTADA
346183;N OSMISS;TOMOGRAFIA DENTASCAN 1 MAXILAR (TC DENTAL P/IMPLANTE);131751,09;TOMOGRAFIA COMPUTADA
346184;N OSMISS;TOMOGRAFIA DENTASCAN 2 MAXILARES (TC DENTAL P/IMPLANTE);190088,37;TOMOGRAFIA COMPUTADA
346140;N OSMISS;TOMOGRAFIA HEPATOBILIAR, ESPLENICA, PANCREATICA MULTISCLICE;188860,58;TOMOGRAFIA COMPUTADA
346120;N OSMISS;TOMOGRAFIA MULTISCLICE 3D DE ABDOMEN Y PELVIS;246500,60;TOMOGRAFIA COMPUTADA
346132;N OSMISS;TOMOGRAFIA MULTISCLICE 3D DE CEREBRO;159686,81;TOMOGRAFIA COMPUTADA
346133;N OSMISS;TOMOGRAFIA MULTISCLICE 3D DE CEREBRO CON CONTRASTE;159686,81;TOMOGRAFIA COMPUTADA
346145;N OSMISS;TOMOGRAFIA MULTISCLICE 3D DE COLUMNA;188864,14;TOMOGRAFIA COMPUTADA
346146;N OSMISS;TOMOGRAFIA MULTISCLICE 3D DE OTROS ORGANOS CON O SIN SUPRESION METAL;174161,44;TOMOGRAFIA COMPUTADA
346137;N OSMISS;TOMOGRAFIA MULTISCLICE 3D DE TORAX;203339,13;TOMOGRAFIA COMPUTADA
346129;N OSMISS;TOMOGRAFIA MULTISCLICE DE CUERPO ENTERO;869740,45;TOMOGRAFIA COMPUTADA
346164;N OSMISS;TOMOGRAFIA MULTISCLICE DE RIÑONES Y VIAS URINARIAS CON RECONSTRUCCION;259303,75;TOMOGRAFIA COMPUTADA
346117;N OSMISS;TOMOGRAFIA MULTISCLICE DE TORAX CON VOLUMETRIA DE NODULOS PULMONA;207441,06;TOMOGRAFIA COMPUTADA
346121;N OSMISS;TOMOGRAFIA MULTISCLICE HEPATICA CON VOLUMETRIA (VOLUMEN HEPATICO TO;259303,75;TOMOGRAFIA COMPUTADA
346131;N OSMISS;TOMOGRAFIA MULTISCLICE PARA EVALUACION VOLUMETRICA DE GRASA CORPOR;207441,06;TOMOGRAFIA COMPUTADA
346115;N OSMISS;TOMOGRAFIA MULTISCLICE PARA MORFOMETRIA DE ENFISEMA;181508,64;TOMOGRAFIA COMPUTADA
341004;NN;TOMOGRAFIA OFTALMOLOGICA. L;159686,81;TOMOGRAFIA COMPUTADA
346108;N OSMISS;TOMOGRAFIA PARA BLOQUEO;496978,17;TOMOGRAFIA COMPUTADA
346126;N OSMISS;TOMOGRAFIA PELVIS GINECOLOGICA MULTISCLICE;174161,44;TOMOGRAFIA COMPUTADA
346116;N OSMISS;TOMOGRAFIA TORACICA MULTISCLICE;174161,44;TOMOGRAFIA COMPUTADA
346130;N OSMISS;TOMOGRAFIA TRIDIMENSIONAL DE OTRAS REGIONES - HOMBRO;159686,84;TOMOGRAFIA COMPUTADA
346110;N OSMISS;URO TOMOGRAFIA;295463,08;TOMOGRAFIA COMPUTADA
