;Practicas;MODULOS2;CODIGOS;NOMENCLADORES;cuit;nombre;nomenclador;codigo;copago_especial
010101 al 130304;Galeno quirùrgico; 1.794,21 ;010101 al 130304;NN;30714521817;SANATORIO DEL OESTE;2;010101 al 130304;3831,91
140101 al 140104;ALERGIA; -   ;140101 al 140104;NN;30714521817;SANATORIO DEL OESTE;2;140101 al 140104;1166,96
;Galeno; 560,77 ;;;30714521817;SANATORIO DEL OESTE;4;0;560,77
;Otros Gastos; 606,19 ;;;30714521817;SANATORIO DEL OESTE;4;0;606,19
150101 al 150111;ANATOMIA PATOLOGICA; -   ;150101 al 150111;NN;30714521817;SANATORIO DEL OESTE;2;150101 al 150111;3026,99
;Galeno; 606,19 ;;;30714521817;SANATORIO DEL OESTE;4;0;606,19
;Gasto bioquìmico; 2.420,80 ;;;30714521817;SANATORIO DEL OESTE;4;0;2420,80
150104;Biopsia por congelación; 80.379,39 ;150104;NN;30714521817;SANATORIO DEL OESTE;2;150104;80379,39
;Gasto Quirùrgico; 1.895,57 ;160101 al 160105;NN;30714521817;SANATORIO DEL OESTE;2;160101 al 160105;1895,57
170101 al 170118;CARDIOLOGIA; -   ;170101 al 170118;NN;30714521817;SANATORIO DEL OESTE;2;170101 al 170118;1009,00
;Galeno; 606,19 ;;;30714521817;SANATORIO DEL OESTE;4;0;606,19
;Otros Gastos; 402,81 ;;;30714521817;SANATORIO DEL OESTE;4;0;402,81
180101 al 180121;ECOGRAFIA ; -   ;180101 al 180121;NN;30714521817;SANATORIO DEL OESTE;2;180101 al 180121;847,08
;Galeno; 321,85 ;;;30714521817;SANATORIO DEL OESTE;4;0;321,85
;Gasto Radiològico; 525,23 ;;;30714521817;SANATORIO DEL OESTE;4;0;525,23
190101 al 190103;ENDOCRINOLOGIA Y NUTRICION; -   ;190101 al 190103;NN;30714521817;SANATORIO DEL OESTE;2;190101 al 190103;1166,96
;Galeno; 560,77 ;;;30714521817;SANATORIO DEL OESTE;4;0;560,77
;Otros Gastos; 606,19 ;;;30714521817;SANATORIO DEL OESTE;4;0;606,19
200101 al 200136;GASTROENTEROLOGIA; -   ;200101 al 200136;NN;30714521817;SANATORIO DEL OESTE;2;200101 al 200136;1166,96
;Galeno; 560,77 ;;;30714521817;SANATORIO DEL OESTE;4;0;560,77
;Otros Gastos; 606,19 ;;;30714521817;SANATORIO DEL OESTE;4;0;606,19
220101 al 220107;GINECOLOGIA; -   ;220101 al 220107;NN;30714521817;SANATORIO DEL OESTE;2;220101 al 220107;1166,96
;Galeno; 560,77 ;;;30714521817;SANATORIO DEL OESTE;4;0;560,77
;Otros Gastos; 606,19 ;;;30714521817;SANATORIO DEL OESTE;4;0;606,19
220108;Cepillado de epitelio vaginal y cervical para detencion HPV ; 9.183,33 ;225004;N OSMISS;30714521817;SANATORIO DEL OESTE;4;225004;9183,33
220201 al 220204;OBSTETRICIA; -   ;220201 al 220204; NN ;30714521817;SANATORIO DEL OESTE;2;220201 al 220204;1166,96
;Galeno; 560,77 ;;;30714521817;SANATORIO DEL OESTE;4;0;560,77
;Otros Gastos; 606,19 ;;;30714521817;SANATORIO DEL OESTE;4;0;606,19
220203;Curso completo de psicoprofilaxis del parto; 113.941,18 ;220203; NN ;30714521817;SANATORIO DEL OESTE;2;220203;113941,18
220204;Control obstétrico del trabajo de parto; 93.735,29 ;220204; NN ;30714521817;SANATORIO DEL OESTE;2;220204;93735,29
230101 al 230232;HEMATOLOGIA - INMUNOLOGIA; -   ;230101 al 230232; NN ;30714521817;SANATORIO DEL OESTE;2;230101 al 230232;2375,38
;Galeno; 440,32 ;;;30714521817;SANATORIO DEL OESTE;4;0;440,32
;Gasto bioquìmico; 1.935,06 ;;;30714521817;SANATORIO DEL OESTE;4;0;1935,06
240101 al 240113;Galeno; 766,13 ;240101 al 240113; NN ;30714521817;SANATORIO DEL OESTE;2;240101 al 240113;766,13
240101 al 240113;Otros Gastos; 440,32 ;240101 al 240113; NN ;30714521817;SANATORIO DEL OESTE;2;240101 al 240113;440,32
240114 al 240121;Galeno; 606,19 ;240114 al 240121; NN ;30714521817;SANATORIO DEL OESTE;2;240114 al 240121;606,19
240114 al 240121;Gasto bioquìmico; 2.420,80 ;240114 al 240121; NN ;30714521817;SANATORIO DEL OESTE;2;240114 al 240121;2420,80
240101;modulo de tranfusion c/bolsa; 123.976,04 ;240101; NN ;30714521817;SANATORIO DEL OESTE;2;240101;123976,04
245122;modulo de tranfusion autologa c/bolsa; 107.445,88 ;245002;NN;30714521817;SANATORIO DEL OESTE;2;245002;107445,88
245104;modulo de reserva compatibilidad c/bolsa; 46.835,33 ;245053; N OSMISS ;30714521817;SANATORIO DEL OESTE;4;245053;46835,33
245109;sangre irradiada c/bolsa; 30.305,17 ;245016; N OSMISS ;30714521817;SANATORIO DEL OESTE;4;245016;30305,17
245123;sangre filtrada c/bolsa; 52.345,46 ;245030; N OSMISS ;30714521817;SANATORIO DEL OESTE;4;245030;52345,46
;KINESIOLOGIA; -   ;250101; NN ;30714521817;SANATORIO DEL OESTE;2;250101;0,00
;Galeno; 805,62 ;250102; NN ;30714521817;SANATORIO DEL OESTE;2;250102;805,62
;Otros Gastos; 606,19 ;;;30714521817;SANATORIO DEL OESTE;4;0;606,19
270101;Hemodiálisis aguda - sesión - solo en internados; 168.690,83 ;270101;NN;30714521817;SANATORIO DEL OESTE;2;270101;168690,83
280101 al 280110;NEUMONOLOGIA; -   ;280101 al 280110;NN;30714521817;SANATORIO DEL OESTE;2;280101 al 280110;1166,96
;Galeno; 560,77 ;;;30714521817;SANATORIO DEL OESTE;4;0;560,77
;Otros Gastos; 606,19 ;;;30714521817;SANATORIO DEL OESTE;4;0;606,19
;Galeno; 560,77 ;290101 al 290110;NN;30714521817;SANATORIO DEL OESTE;2;290101 al 290110;560,77
;Otros Gastos; 606,19 ;;;30714521817;SANATORIO DEL OESTE;4;0;606,19
;Galeno; 560,77 ;300101 al 300122;NN;30714521817;SANATORIO DEL OESTE;2;300101 al 300122;560,77
;Otros Gastos; 606,19 ;;;30714521817;SANATORIO DEL OESTE;4;0;606,19
;Galeno; 766,13 ;310101 al 310122;NN;30714521817;SANATORIO DEL OESTE;2;310101 al 310122;766,13
;Otros Gastos; 440,32 ;;;30714521817;SANATORIO DEL OESTE;4;0;440,32
320104;Atención del recién nacido  (dentro modulo de parto); 104.336,52 ;320104;NN;30714521817;SANATORIO DEL OESTE;2;320104;104336,52
340101 al 340822;RADIOLOGIA; -   ;340101 al 340822;NN;30714521817;SANATORIO DEL OESTE;2;340101 al 340822;756,25
;Galeno; 300,13 ;;;30714521817;SANATORIO DEL OESTE;4;0;300,13
;Gasto Radiològico; 456,12 ;;;30714521817;SANATORIO DEL OESTE;4;0;456,12
340901 al 340909;PROCED. RADIOLÒGICOS ESPECIALES - MISCELÀNEAS; -   ;340901 al 340909;NN;30714521817;SANATORIO DEL OESTE;2;340901 al 340909;756,25
;Galeno; 300,13 ;;;30714521817;SANATORIO DEL OESTE;4;0;300,13
;Gasto Radiològico; 456,12 ;;;30714521817;SANATORIO DEL OESTE;4;0;456,12
341001 al 341013;TOMOGRAFIA AXIAL COMPUTADA; -   ;341001 al 341013;NN;30714521817;SANATORIO DEL OESTE;2;341001 al 341013;454,15
;Galeno; 211,28 ;;;30714521817;SANATORIO DEL OESTE;4;0;211,28
;Gasto Radiològico; 242,87 ;;;30714521817;SANATORIO DEL OESTE;4;0;242,87
360101 al 360107;UROLOGIA; -   ;360101 al 360107;NN;30714521817;SANATORIO DEL OESTE;2;360101 al 360107;1166,96
;Galeno; 560,77 ;; ;30714521817;SANATORIO DEL OESTE;4;0;560,77
;Otros Gastos; 606,19 ;;;30714521817;SANATORIO DEL OESTE;4;0;606,19
430201;Curaciones; 11.982,60 ;430201;NN;30714521817;SANATORIO DEL OESTE;2;430201;11982,60
430202;Curaciones Quemados; 38.258,73 ;430202;NN;30714521817;SANATORIO DEL OESTE;2;430202;38258,73
430301;Inyecciones En Consultorio Externo, Cada Aplicacion; 5.595,14 ;430301;NN;30714521817;SANATORIO DEL OESTE;2;430301;5595,14
430401;Con Nebulizador Incluyendo Oxigeno (Nebulización Solo Ambulatoria); 5.739,42 ;430401;NN;30714521817;SANATORIO DEL OESTE;2;430401;5739,42
430402;Con Respirador O Nebulizador Ultrasonico C Oxigeno (Nebulización Solo Ambulatoria); 11.480,06 ;430402;NN;30714521817;SANATORIO DEL OESTE;2;430402;11480,06
431464;Modulo hospital de dia hasta 8 hs.                       ; 90.612,77 ;437007;N OSMISS;30714521817;SANATORIO DEL OESTE;4;437007;90612,77
431465;Modulo hospital de dia hasta 12 hs. ; 121.221,09 ;437006;N OSMISS;30714521817;SANATORIO DEL OESTE;4;437006;121221,09
420101;Consulta Guardia; 26.044,30 ;425020;N OSMISS;30714521817;SANATORIO DEL OESTE;4;425020;26044,30
420101PG;Consulta Guardia Pediátrica; 24.637,10 ;425024;N OSMISS;30714521817;SANATORIO DEL OESTE;4;425024;24637,10
420102;Consulta Especialista; 23.302,79 ;425033;N OSMISS;30714521817;SANATORIO DEL OESTE;4;425033;23302,79
420102CL;Consulta especialista clinico; 22.380,86 ;425042;N OSMISS;30714521817;SANATORIO DEL OESTE;4;425042;22380,86
420102GI;Consulta especialista Ginecologica; 22.380,86 ;425042;N OSMISS;30714521817;SANATORIO DEL OESTE;4;425042;22380,86
420102GOB;Consulta esp. Obstetricia; 22.380,86 ;425042;N OSMISS;30714521817;SANATORIO DEL OESTE;4;425042;22380,86
420102NU;Consulta esp.nutricion; 22.380,86 ;425042;N OSMISS;30714521817;SANATORIO DEL OESTE;4;425042;22380,86
420102OTO;Consulta esp. Otorrino ; 22.380,86 ;425042;N OSMISS;30714521817;SANATORIO DEL OESTE;4;425042;22380,86
420102ONCO;Consulta esp. Oncolgia; 22.380,86 ;425042;N OSMISS;30714521817;SANATORIO DEL OESTE;4;425042;22380,86
420301;At. Médica en internación; 18.794,30 ;420301;NN;30714521817;SANATORIO DEL OESTE;2;420301;18794,30
420303;Interconsulta; 25.178,47 ;420303;NN;30714521817;SANATORIO DEL OESTE;2;420303;25178,47
420102PE;Consulta Especialista Pediátrica; 25.181,43 ;425043;N OSMISS;30714521817;SANATORIO DEL OESTE;4;425043;25181,43
420303PE;Interconsulta Pediátrica; 25.184,38 ;420303;NN;30714521817;SANATORIO DEL OESTE;2;420303;25184,38
Valor NBU;Nomenclador Bioquímico Único; 1.731,84 ;600001 al 660999;NBU;30714521817;SANATORIO DEL OESTE;3;600001 al 660999;1731,84
660001;APB ACTO PROF. BIOQUÍMICO AMBULATORIO - Importe según Col. De Bioq.; 20.000,00 ;660001;NBU;30714521817;SANATORIO DEL OESTE;3;660001;20000,00
661001;APB Internado-ACTO PROF. BIOQ. DE INTERNACION - Importe según Col. De Bioq.; 20.000,00 ;661001;NBU;30714521817;SANATORIO DEL OESTE;3;661001;20000,00
662001;APB Guardia-ACTO PROF. BIOQ. GUARDIA - Importe según Col. De Bioq.; 20.000,00 ;662001;NBU;30714521817;SANATORIO DEL OESTE;3;662001;20000,00
670669; PCR PARA MYCOBACTERIAS  ; 216.294,63 ; ;NBU;30714521817;SANATORIO DEL OESTE;3;0;216294,63
671012;ANTI VIRUS COXSAKIE B1-6 IgG ; 44.111,08 ; ;NBU;30714521817;SANATORIO DEL OESTE;3;0;44111,08
671063;GLIADINA AC ANTIC - IGA ANTI -(AGA-IGA); 38.956,28 ;;NBU;30714521817;SANATORIO DEL OESTE;3;0;38956,28
671067;GLIADINA AC IGG ANTI (AGA-IGG); 38.956,28 ;;NBU;30714521817;SANATORIO DEL OESTE;3;0;38956,28
671380;HOMOCISTEINA; 51.378,80 ;;NBU;30714521817;SANATORIO DEL OESTE;3;0;51378,80
671681;ROTAVIRUS AG EN MATERIA FECAL; 32.859,13 ;;NBU;30714521817;SANATORIO DEL OESTE;3;0;32859,13
671914;CPK MASA; 23.878,51 ;;NBU;30714521817;SANATORIO DEL OESTE;3;0;23878,51
671930;TEST RAPIDO DE HIV; 10.365,97 ;;NBU;30714521817;SANATORIO DEL OESTE;3;0;10365,97
671956;PROTEINA S FUNCIONAL; 57.857,20 ;;NBU;30714521817;SANATORIO DEL OESTE;3;0;57857,20
672002;ADENOVIRUS ANTIGENO EN MATERIAL FECAL   ; 30.942,19 ;;NBU;30714521817;SANATORIO DEL OESTE;3;0;30942,19
672094;CHLAMYDIA TRACHOMATIS PCR - ORINA ; 93.967,60 ;;NBU;30714521817;SANATORIO DEL OESTE;3;0;93967,60
672095;SATURACION DE LA TRANSFERRINA; 15.004,41 ;;NBU;30714521817;SANATORIO DEL OESTE;3;0;15004,41
673039; INFLUENZA B ANTIGENO ASPIRADO NASOFARINGEO  ; 21.134,66 ;;NBU;30714521817;SANATORIO DEL OESTE;3;0;21134,66
673040;ACIDO METILMALONICO; 79.263,02 ;;NBU;30714521817;SANATORIO DEL OESTE;3;0;79263,02
673041;HEMOCULTIVO ANAEROBIOS; 163.570,75 ;;NBU;30714521817;SANATORIO DEL OESTE;3;0;163570,75
673042;HEMOCULTIVO HONGOS AUTOMATIZADO; 58.147,15 ;;NBU;30714521817;SANATORIO DEL OESTE;3;0;58147,15
673043;INFLUENZA B PCR- HISOPADO NASOFARINGEO; 30.904,60 ;;NBU;30714521817;SANATORIO DEL OESTE;3;0;30904,60
673046;PEPTIDO C ORINA 24 HS; 28.923,23 ;;NBU;30714521817;SANATORIO DEL OESTE;3;0;28923,23
673052;Ige ESPECIFICA-LACTOALBUNINA  ; 21.988,42 ;;NBU;30714521817;SANATORIO DEL OESTE;3;0;21988,42
673055; ANTI CUERPOS ANTI TREPONEMA PALLIDUM (SIFILIS) ; 4.075,51 ;;NBU;30714521817;SANATORIO DEL OESTE;3;0;4075,51
673060;ANTIGENEMIA CRIPTOCOCO; 78.497,85 ;;NBU;30714521817;SANATORIO DEL OESTE;3;0;78497,85
673065; CIM DE VANCOMICINA  ; 46.371,67 ;;NBU;30714521817;SANATORIO DEL OESTE;3;0;46371,67
673066; CIM DE MEROPENEM ; 46.371,67 ;;NBU;30714521817;SANATORIO DEL OESTE;3;0;46371,67
673067; CIM DE PENICILINA ; 46.371,67 ;;NBU;30714521817;SANATORIO DEL OESTE;3;0;46371,67
673070;PROTEINURIA AL ACECHO ; 2.574,71 ;;NBU;30714521817;SANATORIO DEL OESTE;3;0;2574,71
673071;INSULINA 120 ; 45.233,32 ;;NBU;30714521817;SANATORIO DEL OESTE;3;0;45233,32
673073;IGE ESPECIFICA ALFA LACTOALBULINA; 5.280,98 ;;NBU;30714521817;SANATORIO DEL OESTE;3;0;5280,98
673074;SIFILIS Quimioluminiscencia cuyo valor es de $213; 3.071,40 ;;NBU;30714521817;SANATORIO DEL OESTE;3;0;3071,40
673075;LCR ALBUMINA; 10.908,30 ;;NBU;30714521817;SANATORIO DEL OESTE;3;0;10908,30
673079;ANTIC. ANTI VIRUS COXSAKIE B1-6 IgM ; 48.084,57 ;;NBU;30714521817;SANATORIO DEL OESTE;3;0;48084,57
673081;GEN SRY (Sex-determining Region Y) ; 127.795,94 ;;NBU;30714521817;SANATORIO DEL OESTE;3;0;127795,94
673082;PIGF: FACTOR DE CRECIMIENTO PLACENTARIO; 150.348,17 ;;NBU;30714521817;SANATORIO DEL OESTE;3;0;150348,17
673083;OSMOLARIDAD - ORINA; 10.443,83 ;;NBU;30714521817;SANATORIO DEL OESTE;3;0;10443,83
130116;Criocirugia de lesion de piel; 65.160,16 ;138004;N OSMISS;30714521817;SANATORIO DEL OESTE;4;138004;65160,16
110262;Histeroscopía diagnóstica; 677.827,99 ;118019;N OSMISS;30714521817;SANATORIO DEL OESTE;4;118019;677827,99
110263;Histeroscopía biopsica y/o terapéutica con anestesia; 1.092.366,77 ;118020;N OSMISS;30714521817;SANATORIO DEL OESTE;4;118020;1092366,77
115215;Criocirugía de cuello uterino ; 333.082,92 ;118017;N OSMISS;30714521817;SANATORIO DEL OESTE;4;118017;333082,92
80769;Punción quiste endometrósico bajo control ecográfico; 243.910,26 ;185031;N OSMISS;30714521817;SANATORIO DEL OESTE;4;185031;243910,26
100407;Biopsia prostática por punción bajo control ecográfico ( o cod. SDO 18,01,24); 282.202,71 ;185038;N OSMISS;30714521817;SANATORIO DEL OESTE;4;185038;282202,71
120410;Puncion de Medula Osea PAMO Incluye Honorarios, Gastos, Medicamentos, anestesicos, material descartable, aguja; -   ;205045;N OSMISS;30714521817;SANATORIO DEL OESTE;4;205045;0,00
185170;Puncion bajo control ecografico de nodulo de mama ; 143.096,75 ;185033;N OSMISS;30714521817;SANATORIO DEL OESTE;4;185033;143096,75
185173;Punción bajo control ecográfico de columna; 282.202,71 ;185030;N OSMISS;30714521817;SANATORIO DEL OESTE;4;185030;282202,71
185174;Punción bajo control ecográfico de cualquier órgano; 242.336,54 ;185047;N OSMISS;30714521817;SANATORIO DEL OESTE;4;185047;242336,54
180184;Drenaje de absesos y colecciones ecodirigidas; 168.428,62 ;185041;N OSMISS;30714521817;SANATORIO DEL OESTE;4;185041;168428,62
180172;Punción biopsica hepática bajo control ecográfico; 363.504,81 ;185036;N OSMISS;30714521817;SANATORIO DEL OESTE;4;185036;363504,81
345606;Punción biopsia aspirativa para estudio citooncológico bajo guia ultrasónica; 301.381,53 ;185116;N OSMISS;30714521817;SANATORIO DEL OESTE;4;185116;301381,53
345607;Biopsia histológica p/punción con aguja gruesa 14 grs con pistola automatizada tipo Brad-Maman o similar bajo guia estereotáxica; 193.817,89 ;185035;N OSMISS;30714521817;SANATORIO DEL OESTE;4;185035;193817,89
341068;Punción biopsica bajo control T.A.C.; 363.504,81 ;346175;N OSMISS;30714521817;SANATORIO DEL OESTE;4;346175;363504,81
341072;Drenaje de abceso y colec. Bajo control T.A.C.; 515.096,95 ;348002;N OSMISS;30714521817;SANATORIO DEL OESTE;4;348002;515096,95
345068;Bloqueo bajo control TAC; 315.928,03 ;018010;N OSMISS;30714521817;SANATORIO DEL OESTE;4;018010;315928,03
150151;Receptores hormonales estrógenos y progest. c/u; 137.245,42 ;155015;N OSMISS;30714521817;SANATORIO DEL OESTE;4;155015;137245,42
150152;Biopsia histoquimica Imunoperoxidasa,inmunomarcación hasta 5 sueros; 158.533,18 ;155031;N OSMISS;30714521817;SANATORIO DEL OESTE;4;155031;158533,18
155152;Biopsia histoquimica Imunoperoxidasa,inmunomarcación más de 5 sueros; 258.806,01 ;155030;N OSMISS;30714521817;SANATORIO DEL OESTE;4;155030;258806,01
150167;Biopsia histoquimica para detección de helicobacter pilori; 35.572,38 ;155052;N OSMISS;30714521817;SANATORIO DEL OESTE;4;155052;35572,38
155008;Receptores hormonales estrógenos c/u; 84.029,19 ;155020;N OSMISS;30714521817;SANATORIO DEL OESTE;4;155020;84029,19
155031;Factores pronósticos de cancer de mama panel: receptores hormonales(estrog.progest.) factor de proliferación Ki 67; 210.070,86 ;155034;N OSMISS;30714521817;SANATORIO DEL OESTE;4;155034;210070,86
155032;HER 2 NEU ( herceptest); 116.238,13 ;155018;N OSMISS;30714521817;SANATORIO DEL OESTE;4;155018;116238,13
155033;Biopsia de lavado bronqial con conteo diferenciado de células; 99.994,48 ;155009;N OSMISS;30714521817;SANATORIO DEL OESTE;4;155009;99994,48
155034;Presencia de patólogo en punciones bajo control de imágenes, incluye todos los estudios en panel; 317.345,75 ;155045;N OSMISS;30714521817;SANATORIO DEL OESTE;4;155045;317345,75
155035;Preparado en consulta, tacos para revisión de casos; 90.469,29 ;155051;N OSMISS;30714521817;SANATORIO DEL OESTE;4;155051;90469,29
175118;Monitoreo de presión arterial (presurometría); 91.794,86 ;175013;N OSMISS;30714521817;SANATORIO DEL OESTE;4;175013;91794,86
175119;Holter de 24 hs. 3 canales; 91.794,86 ;175012;N OSMISS;30714521817;SANATORIO DEL OESTE;4;175012;91794,86
170119;Tilt - Test; 127.200,52 ;175015;N OSMISS;30714521817;SANATORIO DEL OESTE;4;175015;127200,52
170121;Control de marcapasos; 63.469,94 ;175017;N OSMISS;30714521817;SANATORIO DEL OESTE;4;175017;63469,94
170122;Control CDI; 154.214,34 ;175016;N OSMISS;30714521817;SANATORIO DEL OESTE;4;175016;154214,34
170123;Ergometria 12 canales ( incorporada nov 2019); 25.238,79 ;175007;N OSMISS;30714521817;SANATORIO DEL OESTE;4;175007;25238,79
170204;Test de Ajmalina - adenosina; 440.612,97 ;175027;N OSMISS;30714521817;SANATORIO DEL OESTE;4;175027;440612,97
180302;Ecocardiograma Stress con dobutamina / con ejercicio; 181.753,39 ;185006;N OSMISS;30714521817;SANATORIO DEL OESTE;4;185006;181753,39
180502;Ecocardiograma transcraneano; 162.768,27 ;185053;N OSMISS;30714521817;SANATORIO DEL OESTE;4;185053;162768,27
180503;Ecocardiograma transesofógico; 162.768,27 ;185067;N OSMISS;30714521817;SANATORIO DEL OESTE;4;185067;162768,27
185102;Ecodoppler pediátrico/neonatal; 146.944,00 ;185097;N OSMISS;30714521817;SANATORIO DEL OESTE;4;185097;146944,00
185103;Ecodoppler color ; 113.039,05 ;185052;N OSMISS;30714521817;SANATORIO DEL OESTE;4;185052;113039,05
185104;Ecodoppler color otras zonas; 113.039,05 ;185106;N OSMISS;30714521817;SANATORIO DEL OESTE;4;185106;113039,05
185106;Doppler con colocacion de via central b/contro ecografico ; 141.479,90 ;185117;N OSMISS;30714521817;SANATORIO DEL OESTE;4;185117;141479,90
180133;Ecografia Traslucencia nucal TN ; 28.752,14 ;185015;N OSMISS;30714521817;SANATORIO DEL OESTE;4;185015;28752,14
180119;Ecografía pedíatrica Trans-Fontanelar; 39.340,94 ;185002;N OSMISS;30714521817;SANATORIO DEL OESTE;4;185002;39340,94
180120;Ecografía pediátrica de cadera; 39.340,94 ;185022;N OSMISS;30714521817;SANATORIO DEL OESTE;4;185022;39340,94
180122;Ecografía endovaginal; 47.209,52 ;185010;N OSMISS;30714521817;SANATORIO DEL OESTE;4;185010;47209,52
180123;Ecografía prostática transrectal; 47.209,52 ;185021;N OSMISS;30714521817;SANATORIO DEL OESTE;4;185021;47209,52
180124;Ecografia transrectal con biopsia; 282.202,71 ;185037;N OSMISS;30714521817;SANATORIO DEL OESTE;4;185037;282202,71
180125;Ecografía de múscultos y tendones; 39.340,94 ;185024;N OSMISS;30714521817;SANATORIO DEL OESTE;4;185024;39340,94
180126;Ecografía bidimensional peniana; 39.340,94 ;185111;N OSMISS;30714521817;SANATORIO DEL OESTE;4;185111;39340,94
180127;Ecografía de hombro; 39.340,94 ;185113;N OSMISS;30714521817;SANATORIO DEL OESTE;4;185113;39340,94
180129;ecografía de rodilla; 39.340,94 ;185113;N OSMISS;30714521817;SANATORIO DEL OESTE;4;185113;39340,94
180132;Ecografia Obstetrica con Scan fetal; 49.831,72 ;185013;N OSMISS;30714521817;SANATORIO DEL OESTE;4;185013;49831,72
255101;Modulo de kinesiologia simple (comprende la realizacion de los codigos 250101 + 250102 , incluyendo los recursos profesionales y tecnologicos); 10.910,54 ;250101;NN;30714521817;SANATORIO DEL OESTE;2;250101;10910,54
255102;Modulo de kinesiologia completo (comprende la realizacion de los codigos 250101 + 250102 + laser y/o magneto terapia, incluyendo los recursos profesionales y tecnologicos; 13.707,52 ;250102;NN;30714521817;SANATORIO DEL OESTE;2;250102;13707,52
285106;videofibrobroncoscopía(*); 199.850,15 ;285034;N OSMISS;30714521817;SANATORIO DEL OESTE;4;285034;199850,15
285107;videofibroendoscopía terapéutica (*); 295.053,08 ;285035;N OSMISS;30714521817;SANATORIO DEL OESTE;4;285035;295053,08
285108;Rinofibrolaringoscopia-Nasofibrolaringotraqueoscopía (*); 48.258,01 ;315019;N OSMISS;30714521817;SANATORIO DEL OESTE;4;315019;48258,01
280111;Espirometría computarizada; 33.571,30 ;285028;N OSMISS;30714521817;SANATORIO DEL OESTE;4;285028;33571,30
280112;Test de Provocacion por ejercicio ; 55.920,82 ;285036;N OSMISS;30714521817;SANATORIO DEL OESTE;4;285036;55920,82
290111;Potenciales evocados,auditivos visuales, somatosensitivos,troncocerebrales,brea,cera, pudendos,cuerpos caver. Por un solo estudio; 47.474,08 ;295060;N OSMISS;30714521817;SANATORIO DEL OESTE;4;295060;47474,08
295111;Potenciales evocados 4MM; 75.506,39 ;295012;N OSMISS;30714521817;SANATORIO DEL OESTE;4;295012;75506,39
290114;Potenciales evocados por estudio subsig. c/u; 45.213,41 ;;N OSMISS;30714521817;SANATORIO DEL OESTE;4;0;45213,41
290104;ELECTROMIOGRAFIA DE MIEMBROS SUPERIORES O INFERIO-; 59.175,56 ;290104;NN;30714521817;SANATORIO DEL OESTE;2;290104;59175,56
290105;ELECTROMIOGRAFIA DE LOS CUATRO MIEMBROS; 221.908,58 ;290105;NN;30714521817;SANATORIO DEL OESTE;2;290105;221908,58
290106;ELECTROMIOGRAFIA CON VELOCIDAD DE CONDUCCION; 70.271,09 ;290106;NN;30714521817;SANATORIO DEL OESTE;2;290106;70271,09
290202;Polisomnografía nocturna con oximetría; 484.675,06 ;295023;N OSMISS;30714521817;SANATORIO DEL OESTE;4;295023;484675,06
290203;Polisomnografía nocturna con titulación de CPAP; 576.467,94 ;295024;N OSMISS;30714521817;SANATORIO DEL OESTE;4;295024;576467,94
290204;Test de 6 minutos; 104.645,23 ;285006;N OSMISS;30714521817;SANATORIO DEL OESTE;4;285006;104645,23
290112;EEG CON ACTV. COMPLEJA C/ESTIMULACION LUMINICA O HIPERVENTILA; 41.093,77 ;290102;NN;30714521817;SANATORIO DEL OESTE;2;290102;41093,77
290212;ELECTROECEFALOGRAMA  CON SUEÑO PROLONGADO, CON ACTIVACION COMPLEJA Y ESTIMULACION LUMINICA; 74.790,22 ;295002;N OSMISS;30714521817;SANATORIO DEL OESTE;4;295002;74790,22
310127;Otoemisiones Acústicas Ley 25415; 30.161,25 ;315013;N OSMISS;30714521817;SANATORIO DEL OESTE;4;315013;30161,25
310102;Audiometria; 12.559,28 ;310102;NN;30714521817;SANATORIO DEL OESTE;2;310102;12559,28
310103;Logoaudiometria; 12.559,28 ;310103;NN;30714521817;SANATORIO DEL OESTE;2;310103;12559,28
310104;Pruebas supraliminares; 12.559,28 ;310104;NN;30714521817;SANATORIO DEL OESTE;2;310104;12559,28
310109;Impedanciometría; 12.559,28 ;310109;NN;30714521817;SANATORIO DEL OESTE;2;310109;12559,28
315103;Timpanometria; 13.638,22 ;315006;N OSMISS;30714521817;SANATORIO DEL OESTE;4;315006;13638,22
310128;Acufenometria; 12.611,80 ;315001;N OSMISS;30714521817;SANATORIO DEL OESTE;4;315001;12611,80
345602;Marcación pre-quirúrgica de lesiones mamarias no palpables(con suspensión de carbón y/o arpón); 162.608,15 ;346020;N OSMISS;30714521817;SANATORIO DEL OESTE;4;346020;162608,15
345603;Radiología localizada c/técnica de magnificac.uniteral; 33.308,69 ;346007;N OSMISS;30714521817;SANATORIO DEL OESTE;4;346007;33308,69
345604;Radiología localizada c/técnica de magnificac.bilateral; 66.617,37 ;346008;N OSMISS;30714521817;SANATORIO DEL OESTE;4;346008;66617,37
345608;Radiografía magnificada pieza operatoria (unilateral); 33.308,69 ;346013;N OSMISS;30714521817;SANATORIO DEL OESTE;4;346013;33308,69
345609;Radiografía magnificada pieza operatoria (bilateral); 64.255,81 ;346014;N OSMISS;30714521817;SANATORIO DEL OESTE;4;346014;64255,81
34561;Marcación pre-quirúrgica de lesiones mamarias no palpables con suspensión de carbón con aguja tipo anzuelo; 166.804,07 ;346021;N OSMISS;30714521817;SANATORIO DEL OESTE;4;346021;166804,07
345612;Mamografia unilateral con tecnica de Eklund ( incluye prolongaicon axilar); 68.191,09 ;346016;N OSMISS;30714521817;SANATORIO DEL OESTE;4;346016;68191,09
345613;Mamografia bilateral con tecnica de Eklund ( incluye prolongaicon axilar); 136.380,20 ;346011;N OSMISS;30714521817;SANATORIO DEL OESTE;4;346011;136380,20
340603;Galactografía por lado; 39.340,94 ;340603;NN;30714521817;SANATORIO DEL OESTE;2;340603;39340,94
360108;Uroflujometria; 106.218,95 ;365004;N OSMISS;30714521817;SANATORIO DEL OESTE;4;365004;106218,95
360110;Perfil uretral; 106.218,95 ;365010;N OSMISS;30714521817;SANATORIO DEL OESTE;4;365010;106218,95
360111;Urodinamia completa, flujometria,cistotonometría,con presiones sincroniz. Flujo-presión vesical e índice resist.uretral; 236.566,91 ;365002;N OSMISS;30714521817;SANATORIO DEL OESTE;4;365002;236566,91
360112;Penescopía; 21.244,19 ;365006;N OSMISS;30714521817;SANATORIO DEL OESTE;4;365006;21244,19
360113;Monitoreo nocturno de tumescencia peneana; 514.834,34 ;365007;N OSMISS;30714521817;SANATORIO DEL OESTE;4;365007;514834,34
360115;Electroestiulación .intravesical y perineal ( 6 sesiones); 411.762,82 ;365011;N OSMISS;30714521817;SANATORIO DEL OESTE;4;365011;411762,82
365001;Uretrocistofibroscopia Flexible ; 117.700,32 ;360102;NN;30714521817;SANATORIO DEL OESTE;2;360102;117700,32
342001;RMN de Cerebro ; 181.196,71 ;346200;N OSMISS;30714521817;SANATORIO DEL OESTE;4;346200;181196,71
342002;RMN de Cerebro con gadolinio  ; 181.196,71 ;346200;N OSMISS;30714521817;SANATORIO DEL OESTE;4;346200;181196,71
342005;RMN de Tiroides  ; 181.196,71 ;346201;N OSMISS;30714521817;SANATORIO DEL OESTE;4;346201;181196,71
342008;RMN de completa de Abdomen  ; 181.196,71 ;346202;N OSMISS;30714521817;SANATORIO DEL OESTE;4;346202;181196,71
342009;RMN Hepatobiliar Esplénica Pancreática ; 181.196,71 ;346203;N OSMISS;30714521817;SANATORIO DEL OESTE;4;346203;181196,71
342010;RMN de Tórax ; 181.196,71 ;346204;N OSMISS;30714521817;SANATORIO DEL OESTE;4;346204;181196,71
342011;RMN Vejiga y Próstata   ; 181.196,71 ;346205;N OSMISS;30714521817;SANATORIO DEL OESTE;4;346205;181196,71
342012;RMN Otras regiones Encefálicas  ; 181.196,71 ;346206;N OSMISS;30714521817;SANATORIO DEL OESTE;4;346206;181196,71
342013;RMN de Columna cervical    ; 181.196,71 ;346207;N OSMISS;30714521817;SANATORIO DEL OESTE;4;346207;181196,71
342014;RMN de Articulaciones ; 181.196,71 ;346208;N OSMISS;30714521817;SANATORIO DEL OESTE;4;346208;181196,71
342015;RMN de Columna dorsal   ; 181.196,71 ;346207;N OSMISS;30714521817;SANATORIO DEL OESTE;4;346207;181196,71
342016;RMN de Columna lumbar ; 181.196,71 ;340207;N OSMISS;30714521817;SANATORIO DEL OESTE;4;340207;181196,71
342017;RMN Exposicion subsiguiente; 150.997,26 ;346256;N OSMISS;30714521817;SANATORIO DEL OESTE;4;346256;150997,26
030562;Módulo videoendoscopía diagnóstica de senos paranasales, microsinusotomía endonasal sinusoscopía; 278.618,90 ;038003;N OSMISS;30714521817;SANATORIO DEL OESTE;4;038003;278618,90
030565;Módulo de cirugía endoscópica de fosas nasales,paranasales y cavun unilateral; 1.393.548,65 ;038001;N OSMISS;30714521817;SANATORIO DEL OESTE;4;038001;1393548,65
035565;Módulo de cirugía endoscópica de fosas nasales, paranasales y cavun bilateral; 1.999.380,13 ;038002;N OSMISS;30714521817;SANATORIO DEL OESTE;4;038002;1999380,13
030566;Módulo cirugía videoendoscopica radical de parasinusitis, senos paranasales con septumplastía unilateral; 1.582.473,61 ;038004;N OSMISS;30714521817;SANATORIO DEL OESTE;4;038004;1582473,61
035566;Módulo cirugía videoendoscopica radical de parasinusitis,senos paranasales con septumplastía bilateral; 1.968.952,31 ;038005;N OSMISS;30714521817;SANATORIO DEL OESTE;4;038005;1968952,31
070617;TRATAMIENTO ESCLEROSANTE p/sesión; 18.381,25 ;070681;N OSMISS;30714521817;SANATORIO DEL OESTE;4;070681;18381,25
070618;TRATAMIENTO ESCLEROSANTE CON ESPUMA (ECODIRIGIDA) p/sesión; 22.190,86 ;205045;N OSMISS;30714521817;SANATORIO DEL OESTE;4;205045;22190,86
205122;Módulo videoendoscopía digestiva alta diagnóstica; 192.558,13 ;205024;N OSMISS;30714521817;SANATORIO DEL OESTE;4;205024;192558,13
205123;Módulo videoendoscopía digestiva alta terapéutica; 278.618,90 ;205025;N OSMISS;30714521817;SANATORIO DEL OESTE;4;205025;278618,90
205124;Módulo videoendoscopía colónica diagnóstica; 278.609,03 ;205026;N OSMISS;30714521817;SANATORIO DEL OESTE;4;205026;278609,03
205125;Módulo videoendoscopía colónica terapéutica; 363.544,30 ;205027;N OSMISS;30714521817;SANATORIO DEL OESTE;4;205027;363544,30
205126;Módulo tratamiento endoscópico ambulatorio de las hemorroides grado I - II con fotocoagulación y/o colocación de bandas elásticas como único tratamiento.; 363.544,30 ;205061;N OSMISS;30714521817;SANATORIO DEL OESTE;4;205061;363544,30
200137;Módulo de mucosectomia; 469.360,45 ;205020;N OSMISS;30714521817;SANATORIO DEL OESTE;4;205020;469360,45
200138;Módulo para el tratamiento de lesiones gastroenterológicas con equipo de argón plasma; 1.272.064,45 ;205022;N OSMISS;30714521817;SANATORIO DEL OESTE;4;205022;1272064,45
200143;Módulo colangiografía endoscópica retrógrada; 1.027.052,39 ;205001;N OSMISS;30714521817;SANATORIO DEL OESTE;4;205001;1027052,39
205143;Módulo colangiografía transparietohepática ; 1.027.052,39 ;348001;N OSMISS;30714521817;SANATORIO DEL OESTE;4;348001;1027052,39
200144;Módulo gastrostomía endoscópica percutanea. ; 1.090.405,83 ;205037;N OSMISS;30714521817;SANATORIO DEL OESTE;4;205037;1090405,83
205144;Módulo de biopsia hepática por laparoscopía; 1.211.662,96 ;080706;NN;30714521817;SANATORIO DEL OESTE;2;080706;1211662,96
205147;Módulo de biopsia hepática percutanea; 469.360,45 ;080707;NN;30714521817;SANATORIO DEL OESTE;2;080707;469360,45
205146;Módulo recambio de gastrostomía endoscópica percutanea; 666.460,04 ;205038;N OSMISS;30714521817;SANATORIO DEL OESTE;4;205038;666460,04
200302;Módulo colangiografía endoscópica retrógrada c/papilotomia para extracción de cálculos; 1.332.920,08 ;205002;N OSMISS;30714521817;SANATORIO DEL OESTE;4;205002;1332920,08
205302;Módulo colangiografía endoscópica retrógrada c/papilotomia para colocación de stent; 1.726.783,60 ;205039;N OSMISS;30714521817;SANATORIO DEL OESTE;4;205039;1726783,60
200303;Módulo colocación de drenaje biliar por vía percútanea; 1.211.662,96 ;348003;N OSMISS;30714521817;SANATORIO DEL OESTE;4;348003;1211662,96
205303;Módulo colocación de drenaje biliar por vía transparietohepática; 1.832.481,27 ;348002;N OSMISS;30714521817;SANATORIO DEL OESTE;4;348002;1832481,27
075715;Modulo de quimioterapia; 175.754,71 ;355001;N OSMISS;30714521817;SANATORIO DEL OESTE;4;355001;175754,71
070866;Infusion de medicacion endovenosa; 57.511,15 ;070680;N OSMISS;30714521817;SANATORIO DEL OESTE;4;070680;57511,15
070867;Infusion de medicacion endovenosa c/monitoreo cardiologico; 79.886,97 ;070682;N OSMISS;30714521817;SANATORIO DEL OESTE;4;070682;79886,97
